k,xzero,xt,ComponentA,ComponentB,Fatigue
3.2751042143,0.3025090385,0.8182312579,0.5128974625,1.5953115734,29.1162280479
3.1062669688,0.513906011,0.5546353686,0.2327055377,2.3834214436,21.4034521726
3.5853473057,0.6311434114,0.3344667647,0.1041302377,3.2120042387,41.7082057894
3.588119085,0.5591603927,0.5450015163,0.1867757794,2.9179453463,41.9702734793
3.2080304222,0.4018598293,0.5100330646,0.1983153225,2.5718288346,28.9934874478
3.2769574907,0.3464020303,0.4865174264,0.181356312,2.6826605658,32.4443748374
3.1472767129,0.7842746296,0.7830280542,0.4652930435,1.6828707523,24.8420739422
3.4438347299,0.8874336664,0.8472040788,0.5631979354,1.5042741203,40.3701484946
3.5902432266,0.3091908708,0.4416349271,0.1436430883,3.0745296017,42.0373120241
3.1656687161,0.5101827588,0.5267344447,0.2108454211,2.4982019627,26.274119478
3.3426411314,0.8597808707,0.8320462224,0.5328815916,1.5614092052,36.4800849507
3.1090618212,0.7277940537,0.7684787261,0.44683829,1.7198139534,20.7973280859
3.4041108525,0.1265399854,0.8428314274,0.5490689425,1.5350193067,38.8452568658
3.2292601919,0.6513928755,0.502371565,0.1927031144,2.6069716957,29.3233441859
3.4622124989,0.5416025546,0.470257119,0.1621029867,2.9009775124,40.950591262
3.3512082159,0.5260684716,0.4647596042,0.1663597629,2.7937020117,36.8343911925
3.3906558097,0.0855582173,0.4543348097,0.1594066144,2.8501628466,37.4781929938
3.331370052,0.145487005,0.8298994591,0.5297226597,1.5666678477,35.8011428504
3.4780248481,0.1978494893,0.8322415991,0.6035099185,1.3790023554,41.0210933223
3.253228394,0.8834962077,0.8131972706,0.5058103064,1.6077119433,30.9200105403
3.2611608472,0.8926090788,0.8150590212,0.5084197455,1.6031222791,29.5242839702
3.5509540779,0.2693666825,0.8876619868,0.4953575095,1.7919623094,39.6857608855
3.0692395189,0.4138503087,0.5764353289,0.2506217211,2.3000214283,17.3648581288
3.1433767627,0.9309882382,0.5364646968,0.218335476,2.4570661009,25.129300339
3.182419601,0.672992333,0.5198790358,0.2056527158,2.5279463672,24.7332495167
3.320317619,0.5111449394,0.4734390353,0.172263029,2.7483496487,35.4006408571
3.5644040688,0.4646658616,0.4906248098,0.1648070356,2.9769652005,41.1718947785
3.3230344246,0.7458714579,0.8282739587,0.5273441842,1.5706515469,34.7347212817
3.4483909539,0.4363110921,0.4373437258,0.1490376765,2.9344507784,40.9484625538
3.4306248401,0.6447843561,0.4446012922,0.1530097397,2.9057058263,39.6119542774
3.0802856168,0.5290306447,0.5694167358,0.2447715164,2.3263194356,18.7907380712
3.4817290803,0.6516287299,0.4884955649,0.1687939882,2.8940341431,40.5480410762
3.3369692861,0.251083858,0.8309731252,0.5313000044,1.5640374898,35.6957271503
3.5267912572,0.6982497966,0.3701476855,0.1191497707,3.1065748877,39.4671981762
3.4970396924,0.6806340206,0.499050169,0.1724430798,2.8939993978,39.936095812
3.5748429731,0.4777556939,0.5682500452,0.1982684034,2.8660645644,41.1770521061
3.3516463752,0.2010034062,0.8337209121,0.5353600804,1.5573087023,36.7995598995
3.1863338346,0.243801723,0.7955132264,0.4816729159,1.6515631253,27.4979454924
3.2641997703,0.6621615486,0.4905927275,0.1842389286,2.6628071019,31.1434511365
3.1466041848,0.3258382226,0.535008291,0.2172053703,2.4631448575,21.4892277477
3.3090472435,0.4830231255,0.4767315638,0.1745297739,2.7315199762,34.871488839
3.5535009405,0.9424757614,0.3718592565,0.1187466546,3.1315345917,41.3297805956
3.2710506399,0.9403824989,0.4883903951,0.1826782218,2.6735009256,33.2978309062
3.5054244102,0.9872088408,0.8762968613,0.4958890532,1.7671228182,41.1854750036
3.0389112641,0.7181227142,0.7297553882,0.4006879488,1.8212561432,12.6370850761
3.5835986458,0.3736691632,0.3952311573,0.1262205213,3.1312749566,41.8488370026
3.1364082231,0.6316952619,0.5396697136,0.2208336665,2.4437836956,23.0179882233
3.3692165459,0.5380959557,0.4599145677,0.1631096618,2.8196647747,37.6214903275
3.3046783535,0.4895141668,0.4780272294,0.1754259191,2.7249521161,34.6489906827
3.4865445149,0.0095042769,0.8714152677,0.5079590625,1.7155226316,39.774389985
3.1227549345,0.4276422529,0.5462093606,0.2259793006,2.4170769584,22.7851644932
3.3963788968,0.5623686001,0.452878072,0.1584468499,2.8582333597,38.7322226227
3.3110952418,0.4016656296,0.4761279668,0.1741130965,2.7345901964,34.851615454
3.1761198835,0.4757488327,0.5224154554,0.2075658789,2.5168657682,27.0464129277
3.1217340424,0.6471740547,0.5467133146,0.2263785306,2.4150404769,21.192084338
3.3996806044,0.6975898411,0.4520436404,0.1578984109,2.8628764394,36.3446888923
3.4873963446,0.3636360243,0.3901300331,0.1283396274,3.0398251972,40.8810878726
3.4636462465,0.2320835524,0.8631885291,0.5280388147,1.6347065879,40.5488017612
3.1967475321,0.5521588643,0.514283235,0.201465288,2.5527138699,28.3256323279
3.4188794035,0.7800451309,0.8452200172,0.552712803,1.5292209851,39.3550242195
3.0407686392,0.4109112714,0.5976919172,0.2688279533,2.2233250295,13.6686589285
3.2485106804,0.7285983109,0.8120693796,0.5042360066,1.6104946275,30.5005848849
3.5455796328,0.3793701117,0.3590622411,0.1143452224,3.1401595411,40.9678695878
3.5584134547,0.2168723057,0.8808715457,0.4504636351,1.9554775948,40.9045970184
3.231804717,0.3385940101,0.5014805414,0.1920559049,2.6111175377,29.471508618
3.0735062014,0.880956572,0.5736681324,0.2483045776,2.3103405424,11.8579155517
3.1969712542,0.414496635,0.5141976682,0.2014016121,2.5530960899,28.3382284471
3.4521152394,0.7736845662,0.8562837264,0.5442029265,1.5734640236,40.3204742898
3.0522083057,0.7885979811,0.7391638959,0.4115323581,1.7961258242,15.7010474574
3.4061645057,0.5595957434,0.4504178135,0.1568325068,2.8719671877,39.1496372588
3.042291164,0.621579123,0.5964013503,0.2677004243,2.2278685286,12.965105944
3.4909346603,0.7515209013,0.8289095348,0.6120432746,1.3543315795,40.431855634
3.1438738797,0.3050443628,0.7818396747,0.4637607573,1.6858685482,22.0945184864
3.4384017704,0.7850882383,0.8487221146,0.5562474404,1.5257995867,40.1479883579
3.2637290192,0.4924714985,0.4907452702,0.1843472837,2.6620694399,32.4895324454
3.0999507314,0.553940621,0.5580411125,0.2354553405,2.3700507764,20.6725290482
3.0583565058,0.8813441617,0.5839491871,0.2569683502,2.2724556801,11.7404555701
3.5684385897,0.313244061,0.478379099,0.1594979893,2.9992798097,40.6443317131
3.4334711782,0.3164054891,0.443250963,0.1522889693,2.9105913914,39.2466453506
3.1008123281,0.4429365518,0.5575701451,0.2350740073,2.3718919483,20.8525169703
3.4599390088,0.346491323,0.467406989,0.1610178566,2.9028270455,40.5939968624
3.5320792172,0.0875661774,0.3679611003,0.1181321046,3.1148272656,36.9327111612
3.3971783011,0.5137857209,0.4526756726,0.1583137255,2.8593583481,38.8581836778
3.4221620497,0.3018011589,0.4464885092,0.1542684792,2.8942303147,37.8670371872
3.1543287605,0.0213350748,0.7854343315,0.4684096724,1.6768106591,25.1586106347
3.2591078946,0.0581755459,0.49225115,0.1854187184,2.6548082856,32.0147009828
3.0789051083,0.9760061182,0.7545247529,0.4297339703,1.7557949919,19.4816084188
3.4350059946,0.5196650636,0.4439137406,0.152483532,2.911224148,40.3497648441
3.3676910369,0.815085019,0.8366201175,0.5396807638,1.550212966,37.5317590675
3.3194685629,0.0133743625,0.8275684128,0.5263153715,1.572381233,34.5703969568
3.0564516381,0.6235209866,0.585306285,0.2581294244,2.267491536,14.8844327886
3.2083935488,0.6554522167,0.5098984296,0.1982159677,2.5724387167,27.805076767
3.1739977708,0.9657767891,0.7917791267,0.476719044,1.6608925878,25.432904818
3.5285755326,0.035617705,0.5163768749,0.1780395277,2.9003496114,40.3601491081
3.3315745647,0.149559648,0.8299389292,0.5297805564,1.566571138,35.841680126
3.1014740263,0.4913463392,0.5572098482,0.2347825147,2.373302155,20.9805706061
3.4856576793,0.3287896468,0.4914059238,0.1698173214,2.8937326289,40.3871050652
3.3901614488,0.1850453858,0.8405099279,0.545538727,1.5406970876,38.5070568301
3.3959533056,0.7383445877,0.8414821742,0.5470140676,1.5383190747,37.6883425211
3.4766039631,0.1533524373,0.8326597919,0.6024510598,1.3821202209,41.0376759354
3.4908428477,0.6676399132,0.4950173196,0.1710691976,2.893667163,40.1292763383
3.0730461528,0.5625391222,0.5739568679,0.2485468513,2.3092502078,17.8388406229
3.2812417472,0.9511626211,0.4851735308,0.1804108595,2.6892701034,33.7883391768
3.4710985488,0.1422889112,0.8663292104,0.5204063148,1.6647169446,40.9745839893
3.473120295,0.885330715,0.8337431257,0.5997199531,1.3902207545,41.1553195978
3.3557254455,0.6256799548,0.4635300927,0.1655319351,2.8002457187,36.5851563029
3.4624893473,0.3250978546,0.4705787843,0.1622244062,2.9007890689,40.3168715545
3.3945400262,0.2425454269,0.8412460458,0.5466553244,1.538896647,38.3273229659
3.189477046,0.4683390306,0.5170937102,0.2035626875,2.5402185267,27.9662169694
3.2936660613,0.3860815663,0.4813430057,0.1777299553,2.7082829396,33.8683962257
3.1061257399,0.288300477,0.7672341054,0.4452896371,1.7230001364,20.208296456
3.3688220563,0.0297625765,0.8368205487,0.5399808868,1.549722535,32.3941487933
3.0961286279,0.5439313935,0.5601559014,0.2371719042,2.3618139055,20.3495601845
3.5133164054,0.5575601337,0.5085379586,0.1755710354,2.8964798065,40.9753170107
3.4770647953,0.3382533804,0.484802269,0.1674772156,2.894735665,40.528285489
3.1173419733,0.8705939447,0.7718791535,0.4510930452,1.7111306897,21.2893358043
3.0354785763,0.3394233974,0.6033340906,0.2736391826,2.2048526998,8.2627682974
3.1425341265,0.6673591543,0.5368478004,0.2186332767,2.4554715931,21.7557539144
3.0037214422,0.1525139893,0.692180567,0.3601464982,1.9219416831,7.0324039274
3.0948196045,0.2761631684,0.7622305493,0.4391099388,1.7358535573,19.5883746142
3.5440193765,0.0248899719,0.8831931569,0.4718333327,1.8718329028,37.7851703667
3.3169935015,0.1981815749,0.8270750265,0.5255971974,1.5735910135,35.189558289
3.5408947095,0.8562620119,0.819621191,0.6361142653,1.288481073,41.2125131004
3.3703694259,0.154709889,0.8370939437,0.5403905639,1.5490535914,37.6464447077
3.5601894513,0.7735945086,0.8899320295,0.5056916853,1.7598312479,40.581513885
3.377683796,0.3112690004,0.4576872266,0.1616263575,2.8317610673,36.4158485076
3.2916961071,0.6727671715,0.4819438931,0.1781491419,2.7052832703,32.3192250987
3.5660850978,0.5699802646,0.5518336634,0.1913658329,2.8836582528,41.2815286423
3.3202432481,0.6128580627,0.4734605317,0.1722777793,2.7482391146,35.0037041541
3.4269858264,0.8785393396,0.8464893735,0.5547086229,1.5260072379,39.9740317533
3.3764818385,0.5993824717,0.4580014918,0.1618352312,2.8300481195,37.7164858424
3.1612803812,0.8714338024,0.7877357883,0.471408263,1.671026688,25.2086362984
3.319668787,0.0345312684,0.4736266774,0.172391806,2.7473850894,33.7850867061
3.0409833506,0.9044667423,0.597507638,0.2686669241,2.2239717075,14.2217114078
3.199784827,0.9802905854,0.7993949002,0.4868738858,1.6418931544,29.135712547
3.3063057684,0.3983602187,0.4775433038,0.1750909385,2.7274015884,34.5941683829
3.5497845501,0.1580939352,0.8269242612,0.6305735448,1.311384323,40.9119515384
3.0831709672,0.8758129161,0.7566761845,0.4323347652,1.7502089712,15.9912769813
3.5915387211,0.1596407103,0.8506809974,0.6146430325,1.3840244701,42.5021176282
3.2179090146,0.2259821382,0.8043447875,0.4935839811,1.6296006722,29.6828676926
3.1815484262,0.9671122495,0.7940854456,0.4797730838,1.6551271266,26.5137664615
3.5316563332,0.742993966,0.8215046138,0.6318646708,1.3001274669,39.8650363223
3.52881186,0.5084563726,0.5164924211,0.1780751599,2.9004181239,40.8733561798
3.1198580243,0.1772961104,0.7728822334,0.4523548273,1.7085751865,22.6773324408
3.5174222585,0.1753731614,0.823727042,0.625758257,1.3163662369,40.9067241482
3.3001099377,0.419703973,0.4793939773,0.1763737692,2.7180571092,34.3608999819
3.0168387595,0.9613526432,0.7083986643,0.3767721254,1.880178008,9.0587940631
3.1906505171,0.42926472,0.5166361285,0.2032204176,2.5422451865,27.9742752159
3.3415818795,0.0266871609,0.8318469057,0.5325874424,1.5618973328,35.1162134578
3.4609809258,0.0454763192,0.4133717748,0.1386660133,2.9810604987,40.8577552998
3.5790487257,0.3265544197,0.4660153212,0.1538879889,3.0282761152,41.1596520607
3.0348574752,0.3372931307,0.6047540379,0.2747653164,2.2009839008,7.3901989852
3.4221324078,0.1315207329,0.8457408407,0.553492524,1.5280077039,39.6479817458
3.4944551204,0.8290298011,0.8281153205,0.6141060346,1.3484891433,40.9259777502
3.1554155313,0.7363455322,0.7857986264,0.4688831552,1.6758943411,24.784152061
3.4389539711,0.3338873566,0.4439064329,0.1522670833,2.9153144802,39.9207034911
3.3252376774,0.3666049395,0.4720235639,0.1712931809,2.7556471382,35.307996648
3.2524547871,0.0903867467,0.4944466839,0.1869866067,2.6442893029,30.9712331111
3.4336852294,0.956012939,0.4440367153,0.1526066031,2.9096821903,40.6309756435
3.1352523794,0.3909772621,0.5402096107,0.2212560213,2.4415589122,23.5581919898
3.5838832195,0.1595947322,0.7972796623,0.6659442328,1.1972168586,41.7135857525
3.5548444528,0.0426027104,0.3723368842,0.1188710147,3.1322764855,40.6806025059
3.4513447901,0.1088207121,0.8439499603,0.5739739053,1.4703629424,40.1145467987
3.5811282665,0.8835410968,0.895211857,0.4955721976,1.8064206614,41.6469455078
3.3467175927,0.1448684988,0.8328086721,0.534008438,1.5595421585,36.5201067022
3.0046987633,0.8670113803,0.6839850144,0.3504622625,1.9516652366,3.8688613222
3.1425435985,0.6333678951,0.5368434873,0.2186299228,2.4554895341,23.4942225914
3.0547399379,0.6133211146,0.5865669216,0.2592067517,2.2629307212,14.9461265071
3.2069155955,0.4236155031,0.5104472235,0.1986211183,2.5699544338,29.0305627272
3.4081230624,0.9366179647,0.4499300369,0.1565134025,2.8747061257,39.5504963181
3.1945668202,0.9435012662,0.5151201165,0.2020886302,2.5489811876,28.7794325893
3.0075170797,0.4793340776,0.6338568917,0.3019028946,2.0995389678,8.7005326033
3.092412362,0.8271381288,0.7611183346,0.4377461957,1.7387206152,20.2149303518
3.5506840199,0.7300559593,0.8875813618,0.4949753876,1.7931828208,39.2081062245
3.2826402236,0.9032679247,0.4847374554,0.1801046196,2.6914215547,32.1843885981
3.0637980347,0.1759510706,0.7462920357,0.4198997675,1.7773099522,17.032424098
3.1221714804,0.4301608243,0.5464971084,0.2262072056,2.4159137943,22.7464162152
3.3210188013,0.1201750963,0.8278759065,0.526763489,1.5716273505,34.7711338013
3.3293418563,0.5262269939,0.4708526934,0.1704930298,2.7617122759,35.8124412199
3.3014618918,0.3294129004,0.4789882256,0.1760921048,2.7201005183,33.3110061039
3.5776368631,0.236491443,0.8929262934,0.5203592177,1.715980544,40.8029295126
3.0180118962,0.5461086532,0.6206583123,0.2894088804,2.1445724524,10.3544651983
3.3032899694,0.2400244673,0.824287197,0.5215587023,1.5804303396,34.2474125641
3.0830841404,0.2647309844,0.7566330758,0.4322825376,1.7503207046,18.6971108771
3.2266485704,0.2258829007,0.8066271763,0.4967080828,1.6239461451,30.2125417638
3.1704134496,0.1932244161,0.7906603572,0.4752440824,1.663693219,26.6704941445
3.2781755232,0.3602105824,0.4861341193,0.1810863899,2.6845425522,32.7658798192
3.4180739627,0.240540183,0.8450892212,0.5525228514,1.5295099905,39.300066364
3.1089456834,0.7994707509,0.7684298956,0.4467774443,1.7199388765,21.7573342444
3.2835210273,0.5628433643,0.4844634517,0.1799123337,2.6927750965,33.4119760791
3.5348946514,0.739723513,0.8210501936,0.6331538199,1.2967625999,39.7261162253
3.3498872024,0.7593012875,0.8333965134,0.5348789994,1.5581028876,36.2096773727
3.0422537802,0.1700175013,0.732276141,0.4035731323,1.8144818928,14.1901308994
3.3778717797,0.8254708235,0.8384062601,0.5423618673,1.5458429337,38.023674804
3.0870633289,0.6358600303,0.5653505098,0.2414180556,2.3417905025,18.1337520463
3.4151650775,0.4229194278,0.4481856961,0.1553755337,2.8845319808,39.6088145609
3.1083729602,0.9081832984,0.5535231021,0.2318113858,2.3878167169,21.6792603278
3.0825007235,0.4689775537,0.5680692936,0.2436573666,2.3314267148,19.0804805879
3.4657994199,0.9291891367,0.4743350244,0.1636395523,2.8986575545,40.8989899031
3.1470315976,0.1003690098,0.5348166985,0.2170569401,2.4639465485,23.7259381794
3.4601703054,0.4048378244,0.4130097344,0.1385599637,2.9807292335,40.9243477147
3.1998230992,0.4627618652,0.5131115958,0.2005943194,2.5579567624,28.6516048048
3.5093671826,0.0338437212,0.5063591896,0.1748660138,2.8956981324,40.3337552826
3.2396688219,0.8319210391,0.8099122345,0.501238708,1.6158214072,31.1827224742
3.3630620872,0.9426103466,0.4615535765,0.1642055127,2.810828753,37.733594656
3.5546540638,0.7751261968,0.8886635151,0.5000150592,1.7772735017,40.5067639976
3.0310394198,0.2175728103,0.7233312326,0.3934228678,1.8385591989,12.7786542033
3.3373077505,0.506078768,0.4686051612,0.1689624327,2.7734281142,36.218745502
3.0893980349,0.0865511668,0.5639872955,0.2402996422,2.3470167924,19.61911191
3.3142646338,0.4873842982,0.4751985434,0.1734724863,2.7393309075,35.1275825855
3.2777060834,0.2788725154,0.8188096865,0.5137182675,1.5938885928,32.0772677036
3.2771145036,0.5104386062,0.4864679602,0.1813214665,2.6829032958,33.1983489315
3.4071397002,0.2274887789,0.8433266592,0.549824815,1.5338097448,39.0002571582
3.2941791878,0.1792936882,0.8223788767,0.5188131194,1.5851158076,34.0818565825
3.0453556352,0.4359625948,0.5938561305,0.2654874603,2.2368519019,14.5432964493
3.0331296854,0.8214796135,0.7251147458,0.3954288153,1.8337428074,13.094235383
3.4729890709,0.2605103613,0.8337847746,0.5996142886,1.3905352,40.1022575106
3.0611981373,0.9035353338,0.581906575,0.2552370894,2.2798668348,16.7008461674
3.4669699524,0.2434313439,0.8646679202,0.5244618214,1.6486765764,40.6094195888
3.0354708076,0.2349958543,0.727045817,0.3976117971,1.8285318046,13.3264591993
3.289217573,0.4059534943,0.4827033285,0.1786796579,2.7015013022,33.7465382784
3.5633774575,0.6110732659,0.3741734125,0.1192182648,3.1385577803,41.0059032176
3.3351768535,0.1673596467,0.8306309863,0.5307968114,1.5648756143,36.0787955113
3.5800694149,0.3870015798,0.3747592185,0.1187904989,3.1547911831,41.3489430998
3.5619014071,0.4396294395,0.4927223187,0.165831274,2.9712267589,41.2473446589
3.458430842,0.8123600338,0.839764766,0.5847543479,1.4360983702,40.8075320817
3.510557407,0.4614761594,0.5070232197,0.1750817392,2.8959229108,40.9823367159
3.3271756871,0.7271764326,0.8290856484,0.5285304345,1.5686620754,34.3799259314
3.4981312129,0.805311774,0.8273269127,0.6161662713,1.3427007471,40.8843643883
3.1233809042,0.2495960605,0.7742644437,0.4540985623,1.7050581259,22.7031058291
3.0667331631,0.1193397506,0.5781225026,0.2520365343,2.293804365,11.0313577704
3.2627596324,0.6338616107,0.4910598892,0.1845708699,2.6605492489,31.7133500416
3.5856011538,0.7892890999,0.8729336962,0.4191008378,2.0828727061,41.4903797432
3.5959621948,0.2784320184,0.347352224,0.1083305873,3.2064094984,38.2502171023
3.0440207234,0.4529113546,0.5949513723,0.2664388429,2.232975364,14.4444918834
3.5468528009,0.5777174451,0.5353123255,0.1852397826,2.8898345591,41.2280278056
3.5601292277,0.2337226015,0.8899197105,0.5056237949,1.7600431772,40.7221259473
3.3180462339,0.4610308679,0.4740969262,0.1727147484,2.7449707133,35.3183033728
3.5162811542,0.0936692909,0.8787094967,0.489870534,1.7937586275,39.3392985817
3.1587292925,0.1690322259,0.78689905,0.4703160486,1.6731282132,25.7585845151
3.0258918539,0.3920099235,0.6118768781,0.2813992907,2.1744080324,11.0004403199
3.3671147573,0.8294541182,0.8365177981,0.5395276234,1.5504633346,37.5782533316
3.2568632509,0.3378439163,0.4929882132,0.1859443115,2.6512680561,31.0254039863
3.3956216933,0.660918216,0.4530700491,0.1585731654,2.8571672128,37.8938609058
3.0456675842,0.105257296,0.5936061593,0.2652699877,2.2377433817,13.6454932503
3.196284033,0.3988093385,0.5144606801,0.2015973708,2.5519215757,28.1963926753
3.3228787137,0.1917247815,0.8282432786,0.5272994024,1.5707267536,35.4873619183
3.0328611445,0.4174502875,0.6048337137,0.2751150825,2.1984753006,12.5721838216
3.0533486656,0.5419180784,0.5876058496,0.2600966117,2.2591830232,15.6115561426
3.0997561128,0.176410903,0.7644582422,0.4418522165,1.7301220036,20.842119668
3.4422572273,0.2675487742,0.8486986139,0.558711732,1.5190277297,39.5818448598
3.4092092045,0.8124709042,0.8436628452,0.5503403663,1.5329837619,39.245380517
3.5706797876,0.2924323861,0.3770764288,0.1200046591,3.1421815771,39.8983493375
3.1223138052,0.9621519634,0.7738484523,0.4535731493,1.7061160994,19.2243714577
3.5188716313,0.5391994071,0.5114912185,0.1765136798,2.8977426508,40.8939025601
3.449860807,0.9956388115,0.4521771149,0.1551393304,2.9146517114,40.6452482784
3.5866860186,0.2523669845,0.7977047014,0.6661108847,1.1975554217,41.6027025279
3.1412483279,0.7159175528,0.7809100708,0.4625652933,1.6882158738,23.0697256433
3.4004915804,0.9422447589,0.4518394227,0.1577643159,2.8640153526,39.3008053125
3.0166606478,0.1392506328,0.7078866991,0.376141381,1.8819697459,7.9438734763
3.4168632183,0.3183061297,0.4477636837,0.155101822,2.8869015078,38.6112669287
3.098288126,0.351304016,0.5589558541,0.2361969758,2.3664818404,19.0535988533
3.3798283212,0.3141972645,0.457128069,0.1612550526,2.8348139274,36.7063293534
3.2260186835,0.1864151142,0.8064648175,0.4964852116,1.6243481147,30.307078726
3.2400676524,0.9193248127,0.4986247458,0.1899892149,2.6244897428,31.2406469386
3.0944479495,0.1221070149,0.7620599721,0.4389005522,1.7362930358,16.4540138913
3.0123873617,0.1549795882,0.7037578342,0.3720206823,1.89171696,8.8247698689
3.5808156559,0.9954887839,0.4928342374,0.1647863923,2.9907459625,41.3284100749
3.5543438154,0.9481411323,0.351884581,0.1114144602,3.158338518,41.3977530831
3.3990371154,0.7670780209,0.8419949797,0.5477939776,1.5370650538,38.4085887601
3.0572022441,0.0234650793,0.7423372837,0.4152408705,1.7877269228,16.2095775229
3.4420943921,0.9999495326,0.4454237509,0.1527318937,2.9163767974,38.2503815279
3.0000797333,0.5796486196,0.6436417554,0.3116958571,2.0649673096,6.8383817193
3.5611149987,0.8752224506,0.8807383746,0.4482405414,1.9648788837,41.1695288768
3.2240336595,0.4177418007,0.5042194439,0.1940489849,2.5984132006,30.0883746003
3.2821839049,0.8947240405,0.8197955826,0.5151203941,1.5914640383,30.3816172655
3.2539793377,0.7066374311,0.8133753628,0.5060593364,1.6072727135,29.6180415303
3.4367498519,0.0333206847,0.4419345937,0.1515618457,2.9158697012,39.3951891215
3.2682985197,0.7817919631,0.8166984239,0.5107288211,1.5990842697,32.5078878966
3.5453810239,0.9678956795,0.5152726171,0.1764823283,2.9196839262,41.0883998117
3.1122802082,0.1805679314,0.7698191283,0.4485112984,1.7163873712,22.023706845
3.2395077884,0.7732775371,0.8098724093,0.5011835389,1.6159198108,30.8266425199
3.1449357527,0.8685620952,0.7822124811,0.4642409616,1.6849277548,24.0279016727
3.3357014699,0.9740425126,0.8307312763,0.5309442573,1.5646299303,35.8540870072
3.3655123611,0.4256366388,0.4608989844,0.163767406,2.814351132,37.4991369488
3.3274886155,0.9956209856,0.4713802984,0.1708533498,2.758976039,35.6977572702
3.1929518125,0.4382004627,0.5157432374,0.2025534185,2.5462085079,28.1559588296
3.4200038695,0.302852775,0.4470154441,0.154610542,2.8912352174,37.8603742096
3.5013021586,0.2589156816,0.8266770377,0.6178745207,1.3379367654,40.1602902879
3.3704495262,0.8330398386,0.8371080705,0.5404117419,1.5490190267,37.7379427801
3.339484372,0.0240240328,0.8314507505,0.5320033243,1.5628675847,35.4487357528
3.2469612839,0.856867755,0.8116955032,0.5037152372,1.6114174107,31.5083474272
3.2765469735,0.2758099309,0.8185525121,0.5133531641,1.5945212172,32.1391814237
3.1963084242,0.5324964466,0.5144513364,0.2015904146,2.5519632838,28.3581061
3.4392550345,0.2476801755,0.8480706517,0.5584331524,1.5186610036,40.0029518258
3.2980345648,0.5802154841,0.4800189635,0.1768080721,2.7149154316,34.0942654351
3.2053310616,0.3735193321,0.5110380197,0.1990577653,2.5672850234,28.5427700402
3.0525706,0.0450794925,0.5882007283,0.2606055444,2.257053777,12.9932477857
3.101244604,0.1992306464,0.7651165535,0.4426653677,1.7284310211,21.0446599658
3.0155006046,0.8602798504,0.7064559368,0.37460002,1.8858940177,8.0641748959
3.2221824794,0.7040394702,0.805468893,0.4951202375,1.6268147248,27.6924531292
3.0129686978,0.3368824732,0.6513281237,0.3160839114,2.0606177668,2.2686811652
3.5701304959,0.5496385682,0.5023785362,0.169420411,2.9652775199,41.2187636725
3.1031764356,0.2237909633,0.7659620572,0.4437116081,1.726261029,21.1508114635
3.1573401908,0.3353050511,0.530282639,0.2135603539,2.4830575021,23.6973056558
3.192278009,0.067843045,0.5160040606,0.2027481358,2.5450495938,28.0115924437
3.1027533649,0.0395426116,0.55652058,0.2342246443,2.3760120617,9.8499640515
3.5015737259,0.7061776785,0.5018374267,0.1733774061,2.8944799562,38.6101759942
3.1732191501,0.3116574769,0.7915374387,0.476400049,1.6614973916,22.3656826059
3.5952055721,0.7272535577,0.8722924086,0.585868659,1.4888873048,39.4571105629
3.0101307547,0.9595451817,0.6973436218,0.364595267,1.9126513284,6.6885453901
3.4063216616,0.764314418,0.8431931869,0.5496211026,1.5341353943,38.6617583144
3.4850280865,0.0342726423,0.4909504224,0.1696580033,2.8937651799,40.4675932299
3.076594017,0.8073767384,0.7533299508,0.4282951902,1.7589035973,18.6057863973
3.2942459676,0.4713952441,0.4811665739,0.1776069704,2.7091649217,34.1246961745
3.30400037,0.9649955907,0.4782292887,0.1755658843,2.7239306232,33.7553046289
3.5294522445,0.1948236363,0.8218289082,0.6309623862,1.3025006342,40.9707895301
3.4386423557,0.4081400519,0.4411341237,0.151126519,2.9189723064,40.4712671105
3.2777647331,0.3955430093,0.4862632824,0.1811773224,2.6839080952,33.0817919827
3.3931231949,0.1562578627,0.8410086056,0.5462948721,1.5394773931,38.6316915839
3.3569242142,0.401786496,0.4632054279,0.1653136865,2.801978697,37.0446329111
3.0643112956,0.1141448094,0.5797488028,0.2534109371,2.2877812986,14.2380026176
3.556232621,0.530874225,0.4982452715,0.1684955554,2.9570232305,40.9621215739
3.0722338341,0.9415350922,0.5744802036,0.2489841464,2.3072963153,18.5237547922
3.297689388,0.3428730247,0.4801231619,0.1768805328,2.7143923321,33.5112259743
3.180568191,0.7569904538,0.7937897935,0.4793805622,1.6558656234,26.9461583505
3.1833083654,0.5237209584,0.519525065,0.2053864754,2.52949988,27.5002913884
3.3875459599,0.1771333143,0.8400669065,0.5448679603,1.5417807021,38.4059046863
3.4083231749,0.4172248354,0.4498798708,0.1564806956,2.8749863936,39.3154203695
3.1162830639,0.8347518655,0.7714529167,0.4505578056,1.712217405,22.4096497258
3.0259330552,0.7518705976,0.7186868079,0.3882375583,1.8511521943,11.6029721105
3.0258230555,0.7086471143,0.718463336,0.3879461559,1.8519666327,10.1460897613
3.2572547413,0.725453668,0.8141476036,0.5071406056,1.6053685993,30.8690326156
3.3523776334,0.2654757178,0.8338553715,0.5355596216,1.5569795366,36.0681868088
3.2183448308,0.3278556738,0.5062585785,0.1955398542,2.5890301517,27.9739289613
3.2819955307,0.1870758123,0.8197543489,0.5150616731,1.5915654214,33.4484169698
3.5862597674,0.4694053301,0.4993613572,0.1671981686,2.9866437022,42.0440777497
3.1488290922,0.9036014349,0.534014176,0.2164358094,2.467309719,24.6397642449
3.4785383457,0.1075901036,0.8320934776,0.6038855517,1.3778992977,40.3333706288
3.2006258895,0.4013650852,0.5128074159,0.200368526,2.5593211979,28.5045593481
3.2047419487,0.6607929815,0.5112583172,0.1992207129,2.566290973,27.3302437666
3.5669320749,0.5581266049,0.4811795452,0.1607362596,2.9935967549,41.2014396931
3.2957100952,0.6514762492,0.4807220396,0.1772972931,2.7113896165,33.2221147901
3.0537172288,0.6019666169,0.5873294525,0.2598596777,2.2601792538,15.0533350356
3.3916671175,0.0466645776,0.4540764206,0.1592361638,2.8515910569,38.2679994416
3.0834271305,0.6234543005,0.5675112058,0.2431967472,2.333547682,18.1270632217
3.0667594521,0.5885416902,0.5780870736,0.2520099823,2.2939054568,16.874326487
3.206331173,0.3567993746,0.5106648328,0.1987818905,2.5689706008,28.3154303697
3.491115488,0.4793691204,0.4952008169,0.1711322669,2.8936729804,40.9529062667
3.5103740019,0.1193433644,0.877425337,0.4930786774,1.7794834318,40.6172697303
3.5590537549,0.2473353928,0.8808344821,0.4499120701,1.9577925125,40.7806326968
3.4422951555,0.6037138822,0.4384977878,0.1498361757,2.9265148139,40.3411715185
3.2899405009,0.5520302755,0.482481424,0.1785245592,2.7026053232,33.7860279706
3.4262744685,0.4420684,0.4454700112,0.1536127268,2.8999551047,40.0887108545
3.0850288757,0.5271001702,0.5665536441,0.2424075696,2.3371945239,19.294291588
3.5890379672,0.1391651091,0.8357263784,0.6309379142,1.3245778382,41.8863268944
3.5589261264,0.6868723638,0.495511145,0.167179512,2.9639465935,40.0862233809
3.5406216019,0.5904807414,0.3640657908,0.1163665659,3.128611625,41.0201716221
3.4291051788,0.8989111086,0.8468724487,0.5550816008,1.5256719867,39.071043641
3.3196566361,0.2009321147,0.8276057804,0.5263698064,1.5722896152,35.3101391923
3.5445646545,0.5858844996,0.3666110778,0.1171541886,3.1293040585,41.172549602
3.261563086,0.2911920792,0.8151522964,0.5085508376,1.6028924467,30.5377173871
3.5116064446,0.9623328969,0.5076031246,0.1752695235,2.8961288564,41.184559601
3.2857385435,0.3916779682,0.4837758278,0.1794302486,2.6961776599,33.4867380414
3.1503971265,0.4296512022,0.5333183033,0.2158980036,2.4702326763,25.0598644784
3.1227335426,0.6834915981,0.7740123556,0.4537801019,1.7056991973,17.5388024852
3.3240917197,0.5451352259,0.472352087,0.1715180294,2.7539500585,35.519613522
3.5528710386,0.757083703,0.8822006118,0.4588466096,1.9226482081,40.1098845169
3.4855329631,0.2633446335,0.8302141034,0.6086804146,1.3639573141,40.0451730164
3.1431445254,0.6078041657,0.5365701638,0.2184174375,2.4566269526,24.0066275563
3.4078256824,0.1707565739,0.8434381075,0.5499963287,1.5335340683,39.2455311043
3.4983518763,0.645336662,0.3837128695,0.1254120901,3.0596162556,40.6499433932
3.0570079588,0.3680907126,0.5849007935,0.2577834276,2.2689619689,14.9113528021
3.2995215987,0.5251271657,0.4795708905,0.1764966508,2.7171670874,34.3442144698
3.4086385135,0.7933380374,0.8435704305,0.5501979324,1.5332126509,39.0947737133
3.4254275471,0.4117480771,0.4456326014,0.1537276628,2.8988445764,39.9866351013
3.0632056066,0.9818918481,0.7459468418,0.4194914401,1.7782170753,17.3607324459
3.1837531171,0.8661015162,0.7947464218,0.4806517156,1.6534767192,27.2106769513
3.1572460533,0.4962530786,0.5303233136,0.213591585,2.4828848646,25.6664337981
3.2227604134,0.4826882061,0.5046732813,0.1943802803,2.5963193409,30.1109167626
3.2749018719,0.4851647389,0.4871665598,0.1818138991,2.6794791933,33.1030015172
3.4089055415,0.196732474,0.8436136579,0.5502646738,1.5331052456,39.2574753302
3.2756326016,0.2059688429,0.8183490601,0.5130645177,1.5950217408,33.0710437208
3.2575673057,0.5654808703,0.4927566272,0.1857790866,2.6523794272,31.9841934994
3.4509700439,0.846102443,0.8459276996,0.5698032116,1.4845962299,41.002051611
3.1149799504,0.4427664054,0.5501043567,0.2290750031,2.4014159087,22.1616521607
3.4699876776,0.9478741128,0.4029244586,0.1340997008,3.0046633683,41.2426920139
3.0870724916,0.2526122785,0.7585863692,0.4346548766,1.7452613788,19.3162784909
3.4359466008,0.8630570212,0.8481977063,0.5560358887,1.5254369792,40.4174759384
3.4800986537,0.7668923382,0.8694577323,0.5127634879,1.6956311299,40.303623197
3.3626024505,0.9516165707,0.4616766739,0.1642879654,2.8101673356,37.7250640432
3.4328826495,0.5754664815,0.4436341329,0.1524813514,2.9094320639,40.1664468347
3.1492502549,0.0519564939,0.5338268877,0.2162909921,2.4680957929,24.7446752781
3.1490182545,0.7051239277,0.7836292677,0.4660699781,1.6813553856,23.082006468
3.2556310048,0.3660116848,0.4933944208,0.1862343039,2.6493208307,31.56776871
3.1970980724,0.7057512562,0.7986344606,0.485850812,1.6437853779,26.3724676181
3.4763448913,0.6040080704,0.3977452053,0.1317810043,3.0182286703,40.7330801843
3.5701413938,0.0066410292,0.3804089386,0.1212558984,3.1372406916,38.921144397
3.0462018162,0.7752451291,0.7351076812,0.406830415,1.806914267,14.826516152
3.4769843754,0.1070994711,0.8325465966,0.6027374277,1.3812757568,40.2995021529
3.5217709896,0.8447729303,0.823015202,0.6276966697,1.3111670681,41.0372292491
3.0331122354,0.2081556735,0.7251017737,0.3954149432,1.8337743332,13.1103485112
3.5525337502,0.7009696214,0.3530158026,0.1118893811,3.1550429477,39.6202185077
3.3801355213,0.2147834158,0.8387979937,0.5429518674,1.544884628,37.9843604709
3.5185822098,0.506116265,0.511340361,0.1764658943,2.8976724533,40.8868917292
3.1326424204,0.1817620735,0.7777815886,0.4585622632,1.6961308222,23.7747775657
3.4353415982,0.2738479463,0.848108575,0.5558792571,1.5257064626,38.9779478732
3.4058465045,0.4421823766,0.4504971841,0.1568844547,2.8715221327,39.2572808977
3.3927903335,0.1639073185,0.8409527176,0.5462100736,1.5396140756,38.6293957439
3.4179367022,0.1203809798,0.8450644151,0.5524974153,1.5295355085,39.2998660077
3.548280552,0.8765310119,0.8867359979,0.4902958982,1.8085731518,40.9661191972
3.1382388307,0.6063144627,0.5388195466,0.2201694839,2.447294407,23.6247950339
3.4681011706,0.4230528721,0.4046244978,0.1348566405,3.0004046977,41.1314856089
3.1039445442,0.209203397,0.7662955028,0.4441247984,1.7254057991,21.2817020918
3.4420159654,0.6102563667,0.4387740736,0.1499655692,2.925832082,40.2976018477
3.154156424,0.979964215,0.7853764062,0.4683344255,1.6769563871,26.0038015823
3.001752767,0.2389435038,0.6906972957,0.3589255368,1.9243470437,7.782146578
3.5184430213,0.5268876698,0.5112676973,0.1764428633,2.8976388603,40.882160031
3.4702342783,0.2558432658,0.8347107215,0.5972913129,1.3974934901,40.2436465447
3.5012903091,0.4586695751,0.5016668298,0.1733205825,2.8944446333,41.0079219312
3.3701624968,0.4313171428,0.4596641602,0.1629425627,2.8210195829,37.7160711064
3.2313987949,0.2763756662,0.807841194,0.4983776881,1.6209417341,29.6570773701
3.482880901,0.1466862706,0.8308985551,0.6069277488,1.3690238365,41.2944236348
3.0364386399,0.1839097706,0.7278238564,0.3984940728,1.8264358395,13.5250141303
3.5184390355,0.1968791709,0.8235577967,0.6262177386,1.3151300992,41.0014744512
3.3047909947,0.5506367744,0.477993685,0.1754026886,2.725121769,34.5514387198
3.0052152127,0.2619699099,0.6948915827,0.3629910911,1.9143488638,7.9713970578
3.3439995159,0.4407974681,0.4667420051,0.1676988996,2.7832144768,36.5422257452
3.0993928425,0.2541029031,0.7642966585,0.4416528212,1.7305372497,20.4973423119
3.0153979322,0.3858780961,0.6242714694,0.2927028445,2.1327823801,8.9446646067
3.1535236875,0.5395403635,0.531942231,0.2148366376,2.4760312618,25.2992171643
3.1827686242,0.1685991994,0.7944519446,0.4802600828,1.6542119014,27.4823827148
3.4795119083,0.9923914884,0.4867753468,0.1681831751,2.8943165477,38.5097864118
3.1860269957,0.5180701534,0.5184480943,0.2045775586,2.5342373712,27.6981380282
3.5425681846,0.7381582159,0.8195202734,0.6366196396,1.2872997035,39.6569080188
3.3370594495,0.6022842301,0.468674727,0.169009703,2.7730640229,35.8977051648
3.4103991958,0.843188689,0.8438558325,0.5506350953,1.5325137097,39.4472052138
3.3036018833,0.4191928018,0.478348175,0.1756482628,2.7233299516,34.5374237626
3.4243825523,0.1489393399,0.8460940662,0.554043441,1.5271258597,39.8882880292
3.5908305064,0.9001327168,0.8090846359,0.6570998419,1.2312963484,42.5835951007
3.3205631703,0.0158533555,0.827785653,0.5266319183,1.571848618,34.8117996027
3.4424337231,0.0523927265,0.4384199842,0.1497965837,2.9267689118,40.2537657264
3.0211023826,0.5392357136,0.6170542423,0.2861029235,2.1567561588,10.9178191506
3.0209051242,0.582228944,0.6173280483,0.2863461086,2.1558806975,10.471128541
3.2644947622,0.6099000211,0.4904972183,0.1841711027,2.6632691622,32.0949174775
3.0156931128,0.8372123395,0.7078836813,0.3764416261,1.8804606936,9.9668564155
3.0072299866,0.6492372219,0.6423039883,0.3091770106,2.0774636091,4.2583791077
3.2516152281,0.0143255112,0.8128133664,0.5052739037,1.6086589083,31.0575500531
3.016335102,0.6443792026,0.6251636015,0.2932618396,2.1317591212,6.8310662663
3.1222383785,0.5971157656,0.5464640793,0.2261810391,2.4160472577,22.3748623039
3.3023483931,0.8753796949,0.8240920552,0.5212772456,1.5809093188,34.2378103111
3.1051614172,0.4283549088,0.5552238108,0.2331793611,2.3811018619,21.2013831819
3.2039268244,0.2134397816,0.8005532788,0.4884362878,1.6390127001,28.8783267182
3.5911402999,0.8060910288,0.8631052494,0.5982702964,1.4426677282,42.3267514423
3.5284279709,0.9366530017,0.5163056908,0.1780177022,2.9003053311,41.3416041351
3.5707830401,0.5318496424,0.560048493,0.1947819256,2.8752590437,41.1854011603
3.3391262445,0.0388300189,0.468096628,0.1686170855,2.776092509,35.5602457914
3.4297028578,0.1379858597,0.8469859246,0.5551718607,1.5256283405,40.0067525955
3.3752885666,0.2907506143,0.8379568568,0.541685892,1.5469423687,35.1998615838
3.0014396945,0.9748607148,0.6905658399,0.3588553904,1.9243568812,8.8307304213
3.1606016287,0.8575959086,0.7875140334,0.4711185754,1.6715834921,25.7352754764
3.4539370382,0.9012849496,0.8574222387,0.5418939689,1.5822693883,39.7633304136
3.1242315855,0.726748011,0.7745944242,0.4545157192,1.7042192195,22.0816522185
3.4764321671,0.4285412499,0.3976790117,0.13175125,3.0184078836,41.3045381269
3.0760995338,1.43852e-05,0.5720155418,0.2469285124,2.3165228519,15.2842763886
3.157009286,0.2037179988,0.78632981,0.4695743273,1.6745587741,25.6818453716
3.0178105018,0.7887199308,0.7103843105,0.379158185,1.8735829492,10.6816172335
3.3239132784,0.3345947936,0.4724033057,0.1715530981,2.7536856578,34.6885730031
3.1141923667,0.9787569878,0.7706040943,0.4494935519,1.7143829784,22.8160925575
3.3288806219,0.4103687756,0.4709838351,0.170582555,2.7610316601,35.7603821617
3.2031985217,0.3231801812,0.5118371521,0.1996491959,2.5636825126,26.3547758125
3.061647422,0.2275154073,0.7450298453,0.4184083117,1.780628693,16.8018437865
3.4420863285,0.8112830443,0.847692198,0.5610508937,1.5109007178,40.4755660571
3.5026793918,0.2963850675,0.5024985755,0.1735971756,2.8946241424,39.482402031
3.3657322166,0.7496252769,0.836271786,0.5391596167,1.5510653247,36.7245446016
3.0282916677,0.9622912592,0.7207560755,0.3904896457,1.8457751273,11.30491655
3.2557254212,0.7216869101,0.8137879525,0.5066367432,1.6062552969,30.6397075816
3.3442884745,0.5485525908,0.4666620532,0.1676447861,2.7836359485,36.4680173517
3.0243448052,0.5214498641,0.6134547875,0.2828339452,2.1689574323,11.5274671464
3.0731483513,0.7936912857,0.7515079607,0.4261087659,1.7636528998,18.1850533783
3.5908026977,0.2966854679,0.333502228,0.1036122984,3.2187513772,41.7171871112
3.2951753899,0.436697967,0.4808842338,0.1774102509,2.7105774973,34.1459411822
3.3058057141,0.3925809207,0.4776918355,0.1751937196,2.7266493147,34.5376398722
3.3136794697,0.9395300254,0.4753697179,0.1735903789,2.7384565952,35.4487715558
3.0345216005,0.0916324776,0.6032675897,0.2737292493,2.2038842809,13.013318504
3.5820373393,0.4554171655,0.5768755523,0.2017497233,2.8593622972,41.9254592115
3.0689212749,0.6977016737,0.7492017456,0.4233542984,1.7696802616,15.2593442159
3.1705994332,0.9467038048,0.5246789737,0.2092812008,2.5070525765,27.079528963
3.4401759557,0.8602020968,0.8492997513,0.5558852855,1.5278327622,40.5862160921
3.5813235889,0.0404680375,0.3397285235,0.1061233236,3.2012616268,41.2591682777
3.5853490809,0.0992861316,0.8171625207,0.6486030167,1.259880851,41.2797567642
3.585878844,0.7240836116,0.856760109,0.6052325177,1.4155883631,38.5734958273
3.5383130408,0.9738697006,0.3654281644,0.1169562833,3.1244850984,39.3647770608
3.2600969784,0.4916892665,0.4919275397,0.1851881984,2.6563654925,32.288594331
3.2775970804,0.5327444621,0.4863160289,0.1812144635,2.683649084,33.1848367845
3.0773171465,0.3108579411,0.7537060669,0.4287476582,1.7579246263,15.5206588396
3.073723856,0.7887029564,0.7518157733,0.4264775042,1.7628497773,18.2199483699
3.5724291014,0.9013239469,0.8415676986,0.6201126129,1.3571207569,41.0188134405
3.3861497997,0.0081804961,0.4554912666,0.160170605,2.8437881375,36.0321154974
3.3378136854,0.8756454755,0.8311337983,0.5315364888,1.5636439189,36.0388511253
3.1251824202,0.5357793397,0.5450197734,0.2250384522,2.4218962056,23.0274121714
3.2972241472,0.4494514068,0.4802637176,0.1769783007,2.7136870205,34.2680724271
3.5053337494,0.7676355371,0.8762757042,0.4959416664,1.7668926886,40.2790766169
3.1678465134,0.7627768932,0.7898492925,0.4741774329,1.6657251859,26.1406664009
3.5256720637,0.5824151689,0.3706210171,0.119369828,3.104813196,41.1520079861
3.0766180801,0.3630469089,0.5716897212,0.2466575014,2.3177471519,17.1733677228
3.1742591291,0.978088083,0.7918600885,0.4768259469,1.6606900141,27.4383427767
3.0755759358,0.3708486205,0.5723455733,0.2472032181,2.315283667,17.3293239311
3.3291434512,0.5152797902,0.4709090918,0.1705315278,2.7614195321,35.8203556714
3.1652208186,0.8498982456,0.7890109373,0.4730772134,1.6678269738,26.2236917594
3.508159746,0.4499881677,0.5056787687,0.174644192,2.8954800219,41.0432048066
3.4308349501,0.9103010946,0.4443020478,0.1528726465,2.9063541315,38.6463294582
3.1079800349,0.5571554543,0.5537297711,0.2319773825,2.3869989617,21.4114948007
3.092397157,0.7968599655,0.7611112534,0.4377375245,1.7387388808,20.1905696938
3.5627214439,0.4836798715,0.5528662227,0.1920728539,2.8784193687,41.1730365738
3.1818674053,0.515810075,0.5200994349,0.2058185826,2.5269799658,27.416170142
3.5399713503,0.7524715679,0.883418888,0.478913935,1.8446297413,40.3824482842
3.0117184109,0.0266909433,0.7033894923,0.3717458865,1.8921244803,9.6791375687
3.1299187048,0.3780178156,0.5427330185,0.2232359024,2.4312084784,22.916472957
3.4965156948,0.1489020119,0.8276685397,0.6152719544,1.3452076496,41.0935584038
3.1555426866,0.5313389007,0.5310615619,0.214158861,2.4797552589,25.4772063032
3.461441198,0.4353058841,0.416716393,0.1399834983,2.9768965501,41.391292384
3.4265642036,0.8568925649,0.8464537855,0.5545254644,1.5264470974,40.0931519343
3.1737263172,0.4930586898,0.5233920804,0.2083050502,2.5126230975,26.8728725171
3.4898273205,0.9835077797,0.8723445766,0.5056715015,1.7251210994,41.0584977862
3.5644420753,0.9195349279,0.34739255,0.1094370322,3.174360113,40.4940539755
3.3507295955,0.5326282862,0.4648904461,0.1664479811,2.7930074192,36.8007775864
3.1187235771,0.469658355,0.5482123667,0.2275683675,2.4090007439,22.5467182682
3.2625673414,0.2943180466,0.8153847053,0.508877622,1.6023198311,30.3006885207
3.4339643137,0.7431973385,0.8473633891,0.5569252055,1.5215030324,39.2584460457
3.5518194749,0.9979486565,0.5034614951,0.1709825079,2.9445204736,38.544889825
3.0210989443,0.0951677462,0.6170863202,0.2861282886,2.1566770736,10.8082937778
3.4420616921,0.5987187388,0.4387160824,0.1499390853,2.9259621105,40.3625464198
3.1015986471,0.2187724392,0.7652722516,0.4428578731,1.7280312669,21.0294684482
3.44820692,0.801712803,0.847064409,0.5659273084,1.4967724589,40.6667569149
3.4764269323,0.0578939807,0.3976829432,0.1317530194,3.0183971873,40.6280420114
3.3083645759,0.7423603504,0.8253308529,0.5230667049,1.5778692187,33.9600149594
3.4937548658,0.7119383891,0.4969472958,0.1717299003,2.893772691,37.1052229408
3.4427314381,0.1849593445,0.8475452588,0.5617741043,1.5086940682,40.5450080783
3.2520761321,0.2172345717,0.812923239,0.5054273627,1.6083878693,31.7372734454
3.3023223742,0.6263301376,0.4787305394,0.1759133439,2.7213998026,33.9652390567
3.3753182868,0.672999625,0.4583063142,0.1620379582,2.8283886035,36.6619116538
3.0158973295,0.0064172427,0.6232785556,0.2918279108,2.1357743127,9.689584753
3.5499682009,0.0632348815,0.506188943,0.1722649117,2.9384332422,40.7661421888
3.2408305193,0.8826734391,0.810198955,0.5016360745,1.6151130194,30.1728561252
3.3494877138,0.692084297,0.465230456,0.1666773382,2.7912040173,34.1868523811
3.5067872339,0.3618872816,0.3793041286,0.1233872781,3.0740943022,40.8646986878
3.0274939229,0.6038699453,0.610180946,0.2798785493,2.1801633157,11.1597538052
3.4700308148,0.6933511019,0.4028866258,0.1340828301,3.0047592625,39.3264092962
3.4393236918,0.73130018,0.8486095508,0.5571197709,1.5232084644,39.0736548579
3.5316293902,0.8622956303,0.8817810421,0.4821416825,1.8288836539,41.3917781662
3.4261685498,0.714614544,0.8463511674,0.5545385264,1.5262260909,37.2295029168
3.3857362578,0.3459575117,0.4555978273,0.1602410941,2.8432021756,37.887329485
3.2135667803,0.1314613227,0.8031863148,0.4920056024,1.6324739208,28.9282203677
3.3959651183,0.6703686178,0.4529829378,0.1585158452,2.8576508373,37.6908366878
3.394894628,0.6813014084,0.4532545846,0.1586946365,2.856143059,37.2775905135
3.5880208441,0.0898382148,0.880798744,0.5672073384,1.552869091,40.3735021445
3.504777692,0.5605722156,0.5037346997,0.1740061401,2.894924854,41.0281297394
3.0821127659,0.885542015,0.5683039719,0.2438512022,2.3305358626,16.1539488037
3.1661495603,0.9436036037,0.5265325541,0.2106915046,2.4990687458,26.8156384322
3.5774015076,0.4297460645,0.4638205448,0.1530892307,3.0297398629,41.4329673917
3.2221369425,0.0433612395,0.5048960445,0.194543003,2.5952927455,29.3567055648
3.4717769027,0.4131025817,0.4013889068,0.1334141751,3.0085926509,41.0401338044
3.0507293476,0.7900926959,0.7381909152,0.4104005883,1.7987082287,15.5216350911
3.4457066045,0.9848729043,0.851807612,0.5528356067,1.5407973033,40.8724268719
3.5891505593,0.8428494717,0.8183736084,0.6482795559,1.2623776285,41.8741029007
3.3756611674,0.7344304913,0.8380218363,0.5417835736,1.546783397,36.7434795297
3.3790044503,0.5526782127,0.457342648,0.1613974918,2.8336416074,38.0167015038
3.4430666743,0.2379506867,0.8502410279,0.555290632,1.5311640049,40.2487025521
3.3109183018,0.9415465906,0.4761800214,0.174149011,2.7343251539,35.3289682834
3.5998199046,0.0488629222,0.476801622,0.1571465635,3.0341205773,41.313995747
3.3771448174,0.1485454288,0.8382800482,0.542171929,1.5461516972,37.9138963319
3.1932480144,0.3233969768,0.5156287389,0.2024679711,2.5467175676,25.5486624635
3.2914289969,0.7743418384,0.8217938519,0.5179744468,1.5865528832,33.6358509196
3.5789038398,0.1696075621,0.8138791604,0.6502991074,1.2515458674,41.4564574887
3.4485160081,0.343567201,0.4504065826,0.1544697018,2.9158247686,40.3536228503
3.2205863514,0.6640485028,0.5054515922,0.1949491275,2.5927358521,28.2811806574
3.0155766597,0.6254002197,0.6243815927,0.2927613389,2.1327323993,8.2364225439
3.3412305235,0.8685549214,0.831780682,0.5324897493,1.5620595198,36.3320873856
3.1271399404,0.0802189304,0.5440692495,0.2242882295,2.4257592599,23.1282278483
3.4420489418,0.0170021106,0.8499915352,0.5552858261,1.5307279517,39.8747756287
3.3591224155,0.8246417654,0.8350849702,0.5373881684,1.5539697733,37.2055362377
3.2224302774,0.2832929493,0.8055335967,0.4952088065,1.6266544258,28.8622060682
3.5001217623,0.3742122307,0.382754347,0.124972775,3.0627018329,40.8801872801
3.3095688115,0.5875071546,0.4765776178,0.174423453,2.7323023914,34.6426100746
3.0967559108,0.6814893659,0.7631126652,0.4401940887,1.7335822648,15.0303221721
3.1671711314,0.8603421495,0.7896345015,0.4738953265,1.6662635339,26.1653604179
3.3205444313,0.0714995546,0.4733734953,0.1722180611,2.7486867076,35.0551179058
3.3551298983,0.7551532179,0.8343594162,0.5363083629,1.5557456752,36.3714864475
3.1832126985,0.0329450767,0.7945849091,0.4804368786,1.6538799258,25.7853460142
3.2702955946,0.4250006328,0.4886315182,0.1828487621,2.6723260933,32.7985160133
3.464665697,0.831280876,0.8368213245,0.5920316328,1.4134740074,40.9191123208
3.2513639775,0.9762929183,0.8127534092,0.5051901813,1.6088068203,32.0569039898
3.3758622265,0.3452524193,0.4581637417,0.1619431222,2.8291645574,37.4333924892
3.4719653489,0.4998953138,0.4803914958,0.1658787448,2.8960400948,40.9257534197
3.1073829517,0.7351053055,0.7677696466,0.4459554333,1.721628641,20.8364759865
3.3586068664,0.0741933002,0.462750847,0.1650083484,2.8044086943,36.7143711387
3.4170685514,0.3747704709,0.4477191901,0.155071531,2.8871784997,39.5170913791
3.3170789821,0.748654926,0.827092117,0.5256220569,1.5735491045,34.5120834491
3.493907829,0.6674996945,0.4970469061,0.1717638414,2.8937807989,40.1422460243
3.441648479,0.9992423742,0.8500971661,0.5547457468,1.5324086231,38.7693095311
3.1977388476,0.5046999093,0.5139044947,0.2011835229,2.554406481,28.504221083
3.3768833048,0.236146417,0.8382345962,0.5421035458,1.5462628914,37.6674992526
3.440238946,0.6573362068,0.4443080153,0.1523656171,2.9160648159,39.7719903821
3.1885993786,0.4629130821,0.5174369643,0.2038196417,2.5387001956,27.9029672823
3.1570748354,0.8895568641,0.5303973261,0.2136484202,2.4825707844,22.4039021939
3.0420188476,0.19863202,0.7321035878,0.403375599,1.8149426728,14.3799174768
3.3254665401,0.8143405301,0.8287516489,0.5280419626,1.5694806617,35.6144630635
3.277014558,0.3993072735,0.4864994457,0.1813436454,2.6827487919,33.0623947063
3.0991779925,0.4352934921,0.5584652838,0.2357990793,2.3683946753,20.665045494
3.4509477333,0.9780937329,0.844329343,0.5730347051,1.4734349167,40.7179251055
3.5721495956,0.5331427901,0.5485244791,0.1894454207,2.8954222128,41.1898527661
3.042832927,0.8149666925,0.7327008525,0.4040605592,1.8133441528,14.5200555235
3.5896195142,0.0749753241,0.3306980859,0.102666667,3.221085243,42.0755129617
3.3770056202,0.6798789346,0.4578644661,0.1617441416,2.830794745,36.492018527
3.4536861358,0.037748499,0.4581439036,0.1574413937,2.9099329771,40.2804563762
3.4473438427,0.9762930844,0.8528298455,0.5511124205,1.5474698332,40.3415506558
3.5176259585,0.6556124245,0.3741493744,0.121006824,3.0919692132,41.2119277538
3.1832138124,0.5803958118,0.5195626783,0.2054147577,2.5293347185,27.2646979804
3.4058283972,0.243650667,0.8431125487,0.5494982786,1.5343315558,38.7707952263
3.4747197546,0.2914680942,0.3990003244,0.1323445877,3.0148594013,38.1606208626
3.4443173526,0.8638004916,0.8510739162,0.5538971901,1.536519649,40.691653467
3.5171229145,0.8471482217,0.8237772058,0.6256222308,1.3167326306,41.075906532
3.1873931951,0.4108906439,0.5179101332,0.2041741305,2.536609961,27.670110559
3.3471432134,0.2012834276,0.8328878607,0.5341256219,1.5593482629,36.5947149115
3.5049787544,0.4860747149,0.5038519079,0.1740447866,2.894955475,40.9259258749
3.5934417504,0.9788007395,0.8894364946,0.5498336948,1.6176463958,42.6761746594
3.4165981439,0.7169864037,0.8448493223,0.5521734449,1.5300433768,37.2537838922
3.5311065368,0.3929071323,0.3683599972,0.1183176368,3.1133143561,40.9948450714
3.2422347449,0.0004497108,0.4978850568,0.1894558162,2.6279745149,29.7029338439
3.4796765015,0.1131410519,0.8317705796,0.6047055153,1.3754969297,40.7562097103
3.3625502084,0.176607713,0.8357026577,0.5383093288,1.5524580626,37.3286442967
3.4950571995,0.7656171847,0.8737472297,0.5022100013,1.7398045188,40.2711983145
3.2828438118,0.836971484,0.8199398658,0.5153259221,1.5911092972,33.5709855283
3.0379595093,0.5797857136,0.600144789,0.2709773951,2.2147411552,13.2087759543
3.4858869429,0.5901958339,0.3910910596,0.1287759404,3.0369885736,40.8744693856
3.1930830661,0.1810330471,0.7974844564,0.4843075113,1.6466489529,28.2213546431
3.2477974701,0.5513752264,0.4960034795,0.1881025069,2.6368786241,31.4800467525
3.2027126354,0.9048801332,0.5120198797,0.1997845611,2.5628600972,28.2865450976
3.1216136823,0.587882047,0.5467728743,0.2264257392,2.4147999969,22.4156500059
3.3322433108,0.4461791548,0.4700302754,0.1699321412,2.7659880699,35.9946291612
3.1000584985,0.2478735302,0.764592467,0.442017909,1.7297771231,20.6461804138
3.4095100395,0.5824944169,0.4495848916,0.1562879448,2.8766447227,39.1998292551
3.5855347089,0.8978880454,0.7982372135,0.6654475585,1.199549391,42.0463002997
3.2759419951,0.5917419908,0.4868377512,0.1815820411,2.6810897611,32.8640172947
3.4118004123,0.886797124,0.8440817193,0.5509835921,1.5319543656,39.1118017819
3.4726295184,0.4481316365,0.480991932,0.1660979621,2.8958328322,41.1248893669
3.2427060239,0.9697369118,0.8106597185,0.5022753035,1.6139748715,30.6291739457
3.3512436873,0.4044517981,0.4647499117,0.1663532288,2.7937534795,36.7939859037
3.0650871056,0.2762491078,0.747036692,0.4207816782,1.7753546095,16.4364305607
3.0627656435,0.6834952827,0.7456873221,0.4191830412,1.7789062265,12.5071047227
3.5184031477,0.1537269393,0.8235637404,0.6262015876,1.3151735108,40.9768038292
3.3818864423,0.1978289762,0.8390996573,0.543406701,1.5441466874,38.1336419358
3.0077887606,0.493588177,0.6334945966,0.3015511343,2.1007866481,8.7567374975
3.4901794775,0.4663532654,0.4945683257,0.1709146535,2.8936566613,40.9910192777
3.4575433698,0.8167009642,0.8402420299,0.5835639782,1.4398456061,40.8065370754
3.1207924807,0.7541045919,0.7732513654,0.4528199345,1.7076354339,22.3721214697
3.0589767964,0.696365896,0.743425671,0.4165184476,1.7848565298,13.9605606006
3.3532156001,0.5616386087,0.4642120327,0.1659908268,2.7966125703,36.8408953003
3.4381683284,0.4658987877,0.4435825965,0.1521740752,2.9149682428,40.5296170096
3.532705339,0.4443821865,0.5183738519,0.1786523078,2.9015793776,41.0310070788
3.5246904091,0.9359872815,0.5144595353,0.1774457977,2.8992489076,41.2481936581
3.3903070711,0.4982819544,0.4544240129,0.1594654793,2.8496701292,38.5867128326
3.4836845825,0.9897309578,0.8306877787,0.607466666,1.3674623239,40.9632916227
3.1396383618,0.3789925326,0.5381735812,0.2196655606,2.4499679409,23.7571974639
3.1527104735,0.2013148932,0.7848886928,0.4677013049,1.6781836711,25.3641943303
3.4905743859,0.6012984889,0.3881732112,0.1274494846,3.0457024795,40.7805629994
3.2276245597,0.356062195,0.5029472748,0.1931218966,2.6042995832,29.696166737
3.567958118,0.8763739831,0.8790784115,0.4398449555,1.9986097382,41.1885448219
3.409974297,0.0309677888,0.4494704162,0.1562130016,2.8772919766,37.598301049
3.4304607836,0.0524488342,0.4442787686,0.1528832178,2.9060009004,39.8419298164
3.4774359245,0.0750863078,0.4851069021,0.1675865829,2.8946643207,40.3318817118
3.023464891,0.2339175139,0.7162956353,0.385597956,1.857623009,11.4996065341
3.1734402554,0.4365442738,0.5235092869,0.208393854,2.5121148102,26.7995224268
3.1827399876,0.2036939985,0.7944433627,0.4802486738,1.6542333294,27.5135741238
3.4785013472,0.5974057445,0.3961413926,0.131059323,3.0226113157,40.7888702982
3.4411112193,0.2271694837,0.8496986283,0.5554468116,1.5297569643,40.2670221584
3.0917736411,0.5780679724,0.5626186866,0.2391797431,2.3522840159,19.7042459667
3.4573160589,0.6167633577,0.4167513502,0.1401970985,2.9726103787,40.5827581591
3.1021114193,0.7845825936,0.765497159,0.443136075,1.7274539408,21.0428586674
3.0613584083,0.0325203448,0.7448582566,0.4182058671,1.7810803606,16.1617071449
3.2774795795,0.4900642841,0.4863530078,0.1812405042,2.683467528,33.2384248935
3.071104333,0.9547013296,0.5752128832,0.2495970956,2.3045656111,16.7151325795
3.1726062173,0.2232363114,0.7913466605,0.4761483877,1.6619748821,26.7306409474
3.2523720791,0.1560947944,0.8129937098,0.5055258139,1.6082140368,31.7595247448
3.4404926281,0.9797613316,0.8476850963,0.5601265133,1.5133814884,40.5903058661
3.5462450205,0.8348337756,0.8153331646,0.6417233083,1.270536934,40.9787735392
3.4132147589,0.7689257886,0.8443109409,0.5513291916,1.5314098251,38.994869351
3.5754777351,0.6820041675,0.541141248,0.1859107711,2.9107579122,40.3996689024
3.2805951098,0.7460077115,0.8194471462,0.5146244032,1.5923208093,32.6563665092
3.3634126423,0.9926346867,0.4614597577,0.1641426853,2.8113330594,36.9732278151
3.0740945432,0.5631485219,0.5732857562,0.2479867175,2.3117599281,17.9514684907
3.3005394453,0.0719387362,0.4792649548,0.1762841795,2.7187065572,34.0864761283
3.5581454453,0.9742437301,0.3497651031,0.1105129438,3.1649243178,39.9670650518
3.4192701188,0.3406527111,0.4471925351,0.154726142,2.8902196449,39.2455862238
3.1342051624,0.2133175383,0.7783592889,0.4592991291,1.694667461,23.8851024027
3.3074807209,0.0522794223,0.4771948754,0.1748499536,2.7291678705,34.4960276695
3.5743330151,0.2335296302,0.8933258409,0.491513715,1.8174993162,40.886382424
3.4989116366,0.937454627,0.3834076469,0.1252722545,3.0605950874,41.8339451692
3.2926199555,0.3346425796,0.4816617973,0.1779522852,2.7066907101,33.0048852614
3.5878705031,0.7082801899,0.3395721063,0.1058483428,3.2081003561,40.24404559
3.3149430574,0.7893307434,0.8266639793,0.5249996723,1.5745990386,34.9425059191
3.348742592,0.4629769226,0.4654348168,0.1668152685,2.7901211973,36.7749066204
3.4242126603,0.048244392,0.4459662528,0.1539350701,2.8971062443,39.6131983378
3.0824960313,0.0362963043,0.7563402913,0.4319278688,1.7510800899,17.3450153514
3.4674319305,0.3798462285,0.4052473352,0.1351335454,2.9988655604,40.8593142492
3.3232078824,0.0188714182,0.8283081217,0.5273940545,1.5705678034,34.9644007013
3.2268536303,0.4115245277,0.5032194368,0.193320038,2.6030381638,30.2344070395
3.5300472132,0.3236614717,0.517090202,0.1782586711,2.9007856879,40.4028460553
3.5453571692,0.3476608659,0.3594855248,0.1145082855,3.1393843985,40.8871013826
3.1686663573,0.6148081859,0.5254809417,0.2098907573,2.5035925761,25.8895485351
3.5884383067,0.517161432,0.5577496351,0.1924770401,2.8977463229,41.8499711946
3.3670954402,0.1564472439,0.836514366,0.5395224875,1.5504717327,37.5080941814
3.4350278595,0.5365152686,0.4437752375,0.1524243407,2.9114460027,40.3454052235
3.1071814229,0.6175461671,0.554151021,0.2323159351,2.3853336651,20.6911901314
3.346654047,0.1994402712,0.8327968424,0.5339909348,1.5595711241,36.5782165181
3.2856395901,0.8072211921,0.8205483002,0.5161935551,1.5896136093,33.608111779
3.1577492214,0.4120775043,0.530106058,0.2134247987,2.4838072294,25.5351866051
3.3440752963,0.5605886377,0.4667210334,0.1676847046,2.7833250181,36.4228966359
3.083802067,0.9427320093,0.5672862292,0.2430112017,2.3344036209,19.7362210836
3.2781367431,0.3778302701,0.486146308,0.1810949699,2.6844826683,32.9702455739
3.471131084,0.7962604757,0.8344441698,0.5980027314,1.3953852148,41.1928610163
3.257668817,0.9558805641,0.4927232671,0.185755292,2.6525395945,32.3218276553
3.1168506738,0.7938654045,0.7716816978,0.4508450249,1.7116340541,22.4281738815
3.3540011047,0.0645432313,0.4639982859,0.1658469232,2.797750341,36.6682208467
3.1203871686,0.415238076,0.5473815705,0.2269085183,2.4123447397,22.5059951532
3.0927189285,0.2749540007,0.7612609554,0.4379208707,1.7383527624,19.4184561782
3.2285562683,0.8954936448,0.5026190466,0.1928830789,2.6058223948,27.8583192009
3.1352982399,0.3364033716,0.5401881429,0.2212392189,2.4416473062,21.7637501944
3.0453267875,0.3249186856,0.7334619919,0.4043358462,1.8139920039,7.041918205
3.0369856608,0.788453577,0.7282590784,0.398988515,1.8252632618,13.6565878511
3.1109575714,0.7113310463,0.7692712322,0.4478267968,1.7177874072,20.3499341396
3.3582427584,0.7948100644,0.834925679,0.5371508986,1.5543596431,36.9845366338
3.2879021376,0.0362956754,0.483107946,0.1789626405,2.6994904893,32.361685147
3.0530135621,0.5526548822,0.587858169,0.2603129822,2.258274497,15.5096646608
3.3623309856,0.7409113956,0.8356632972,0.5382505784,1.5525543878,36.3742491879
3.2965473305,0.6210704822,0.4804684267,0.177120742,2.7126604212,33.721921796
3.4109478163,0.0749831202,0.4492298065,0.1560557302,2.8786498642,38.8307431358
3.3371791849,0.5434661735,0.4686411772,0.1689869049,2.7732396033,36.1483465734
3.4472724615,0.2358780054,0.8526733552,0.551504877,1.5460848866,40.3729352585
3.5512946918,0.4946578453,0.5421882024,0.1880278711,2.8835523112,40.9847067986
3.0388727431,0.6532483565,0.5994813517,0.2703719589,2.2172467666,10.1612082034
3.1407236041,0.5697801808,0.5376750306,0.219277067,2.4520349441,24.1580021045
3.4827284892,0.0411950998,0.4892518332,0.1690611303,2.8939344743,40.5913522731
3.2357737225,0.0956809327,0.5001016986,0.1910566029,2.6175577874,29.6507332768
3.1382491666,0.7996955126,0.7798342499,0.4611852367,1.6909349819,24.2372772504
3.1094303917,0.3763417687,0.5529688337,0.2313665227,2.3900122945,21.0245498107
3.1243124447,0.5046079792,0.5454447068,0.2253742857,2.4201727593,23.0223592486
3.3378030283,0.1104224936,0.8311317725,0.5315335064,1.5636488811,35.0494550116
3.2497893022,0.0287015073,0.8123766221,0.5046643654,1.6097364462,30.56144415
3.1639687788,0.3914966432,0.5274507361,0.2113919915,2.4951311175,25.8382503105
3.2757522785,0.8283893482,0.8183757179,0.5131023288,1.594956156,33.1822385055
3.2573859906,0.1134574623,0.8141783953,0.5071837674,1.6052926919,30.5011791578
3.3839821169,0.4393387245,0.456050628,0.1605407922,2.8407149471,38.3305355434
3.1427979566,0.4619191865,0.5367277215,0.2185399113,2.4559711701,24.5450574387
3.0216163708,0.3575896595,0.6175084982,0.2863732992,2.1563061217,8.4324406327
3.1447648286,0.9029199029,0.535836208,0.2178474062,2.4596859676,24.2899569158
3.5560549596,0.6041973186,0.3727291675,0.1189689727,3.1329947541,40.9889902616
3.4896734788,0.0858983138,0.4942234033,0.1707957178,2.893652192,39.1656149761
3.1742651928,0.7398220668,0.7918619659,0.4768284261,1.660685317,26.2103305232
3.2205535814,0.9007563229,0.5054633568,0.1949577326,2.5926817575,28.8346831022
3.4265516795,0.9757924001,0.8464644137,0.5544887298,1.526567391,39.6181544912
3.3558423693,0.9823458749,0.8344893784,0.5365016037,1.5554275564,37.3320448066
3.37373248,0.2610083334,0.8376849052,0.5412772896,1.5476077073,37.1048731719
3.1997645389,0.0083249332,0.513133811,0.200610815,2.5578571668,27.7798490241
3.0834142303,0.8695936689,0.7567968589,0.4324810419,1.7498960312,17.6007055698
3.2750854677,0.4793815876,0.4871084679,0.1817729248,2.6797636034,33.1150880572
3.2855419634,0.5269969644,0.4838366577,0.1794728689,2.6958763212,33.6179184001
3.5394926294,0.6834322861,0.5215056267,0.1795925891,2.9038259841,39.917806324
3.1062070141,0.2670048835,0.7672688456,0.445332801,1.7229111441,20.8943311372
3.5867640247,0.4722524867,0.5787886766,0.2022886085,2.8612025211,42.0372403126
3.5576508572,0.2373475864,0.8809190361,0.4511385626,1.9526573632,40.5765308139
3.1582008148,0.6014514655,0.5299113873,0.2132754104,2.4846342398,25.2659096847
3.5735042426,0.7856788081,0.8825898585,0.4450601935,1.983079753,40.9267929954
3.0430147854,0.879583955,0.5964915061,0.2676638581,2.2285097078,8.816479838
3.0938953049,0.1951763064,0.7618055659,0.4385884233,1.7369486412,20.3398380564
3.5224337303,0.8959986367,0.8229094008,0.6279861123,1.3103942663,40.7367963583
3.5945407905,0.1731323257,0.7931951447,0.6712699218,1.1816336751,42.7813250225
3.4704888196,0.3775359037,0.4024873977,0.133904749,3.0057738853,40.8627973208
3.3301388825,0.1177870185,0.829661437,0.5293736607,1.5672510717,35.1350681018
3.3868544422,0.6483529191,0.4553098638,0.1600506437,2.8447862087,37.7166627283
3.1704722801,0.3507718563,0.5247315737,0.2093211517,2.5068253711,25.5598311762
3.5083894379,0.8129060622,0.8253133757,0.621490923,1.327957248,40.8607726969
3.0550004436,0.1612824353,0.7409585825,0.413626387,1.7913716478,15.7245933063
3.0671475808,0.1708126985,0.748209261,0.4221734341,1.7722793536,17.3686386806
3.3925281469,0.2038968158,0.8409086693,0.5461432438,1.53972182,38.562062018
3.5236860864,0.7532833202,0.8802352449,0.4860443193,1.8110184811,40.3351571243
3.575470757,0.6681656736,0.5551401569,0.1922070742,2.8882399839,41.3559338439
3.2569598791,0.4792430765,0.4929564075,0.1859216152,2.6514206378,32.1188876891
3.5197301598,0.2565716067,0.8233453908,0.6267956116,1.3135787418,40.2394778206
3.0008576248,0.0786138006,0.6420611796,0.3101559262,2.0701238489,7.8800892148
3.2697391529,0.8986401121,0.4888094686,0.1829746747,2.6714596952,30.4501299682
3.3946893762,0.265920348,0.8412710331,0.5466932716,1.5388355351,37.8268861908
3.3458720492,0.0041654283,0.4662246231,0.1673488785,2.7859441141,35.5340018595
3.0801386858,0.2435978159,0.7551539307,0.4304932248,1.7541598501,18.7179216679
3.1105759265,0.7279990395,0.7691123751,0.4476285008,1.7181934878,20.9386732812
3.2878773014,0.0830962796,0.4831155958,0.1789679929,2.6994524999,33.1607919897
3.305916477,0.3497933817,0.4776589229,0.1751709421,2.7268159733,34.092129375
3.2942890281,0.5344825681,0.4811534813,0.1775978457,2.7092303937,34.0574134031
3.5974383663,0.6231412401,0.3851557318,0.1219310727,3.1587988475,41.7624543647
3.2665543741,0.9520805014,0.4898320958,0.1836991234,2.6664911991,32.9729114728
3.1155986089,0.2718552832,0.7711760981,0.4502104907,1.7129234304,21.6187643336
3.4344257496,0.3942503318,0.4429897898,0.152128058,2.91195323,40.2684687233
3.2291000036,0.3790310832,0.5024278453,0.1927440328,2.6067102465,30.1339733694
3.5174578054,0.6454547723,0.3742256129,0.1210421285,3.0916972256,40.5845210219
3.1265531211,0.5273889096,0.5443533858,0.2245123464,2.4246033437,23.1685695542
3.3106500059,0.5079583785,0.4762589862,0.1742034992,2.7339231904,34.9296452222
3.2467041462,0.8242648001,0.8116332874,0.5036286294,1.6115709869,31.5741313819
3.1613644634,0.5029466942,0.5285558969,0.2122367848,2.4904066341,25.9672027538
3.3451410177,0.4833412194,0.4664264027,0.1674853432,2.7848789265,36.6033672659
3.4607762013,0.7516888107,0.8387703348,0.5873796267,1.4279867681,40.2848958174
3.427219316,0.4958955437,0.4453273119,0.1535009032,2.9011380554,40.0789594459
3.0791705336,0.7829550154,0.7546606265,0.429897841,1.7554417693,18.7638126628
3.185805171,0.9260912511,0.518535645,0.2046432548,2.5338516318,28.0991628487
3.5860623354,0.4168669468,0.5792403845,0.2025533065,2.8596935521,42.102772856
3.1205287183,0.8825945135,0.7731473578,0.4526888424,1.707900185,17.4968016749
3.2669210398,0.8267513888,0.8163846138,0.5102860005,1.5998569684,32.7041244364
3.2228926747,0.8442706694,0.8056541971,0.49537393,1.6263556646,30.1600166791
3.2693551066,0.5122903164,0.4889324115,0.1830616916,2.6708614304,32.7767322327
3.0556249925,0.1676768019,0.7413528492,0.4140875757,1.7903286471,15.930046546
3.4168167004,0.6023549192,0.447777346,0.1551102052,2.8868335609,39.395319079
3.0908523783,0.1446041071,0.7603880821,0.4368527341,1.7406050663,19.3345168685
3.279816075,0.0491465238,0.4856193985,0.1807242528,2.6870737655,33.0246423774
3.369003054,0.3936930542,0.4599711375,0.1631474232,2.8193588869,37.5565166738
3.4211974992,0.2713285791,0.8455917973,0.5532679961,1.5283584146,38.6325050747
3.2094386518,0.4045101615,0.5095116683,0.1979307008,2.5741922102,29.1013329706
3.060607642,0.0737638194,0.5823221005,0.2555896039,2.2783481469,16.7277026885
3.1690326975,0.3086052062,0.7902251229,0.4746714207,1.6647834447,23.1495035636
3.475103696,0.120458083,0.8677901857,0.5168421265,1.6790237121,40.6504064767
3.0454908243,0.0558015974,0.593746565,0.2653923194,2.2372409508,14.3998511588
3.0460698562,0.7302879937,0.7350145885,0.4067225705,1.8071644944,14.0473674168
3.0990875035,0.0763093394,0.5585150657,0.2358394398,2.3682004429,20.7310503114
3.0636695366,0.9788929513,0.7462173267,0.4198113711,1.7775062279,17.7647699429
3.1754680468,0.1267347631,0.7922335059,0.4773192995,1.6597558632,25.9192651092
3.3950549332,0.223751581,0.8413321629,0.5467861056,1.5386860681,38.5432250061
3.3418805835,0.8194573643,0.8319031624,0.5326704475,1.5617595576,36.4046213357
3.5346818435,0.9630980892,0.5193120547,0.1789377593,2.9021937945,41.1879397655
3.3114136564,0.948426559,0.476034336,0.1740485064,2.7350670554,35.358515452
3.1493536334,0.3154845626,0.7837445134,0.4662190411,1.6810650024,19.3831111338
3.2147267818,0.0601750653,0.5075709987,0.1965025728,2.5830246985,29.439290248
3.3838510775,0.3245802981,0.4560845055,0.1605632263,2.8405290313,37.3325985241
3.3871472128,0.287612869,0.839999146,0.5447654458,1.5419464513,36.1106061088
3.4234847886,0.0628182338,0.4461508723,0.1540530126,2.8960866431,39.5662823568
3.4048286082,0.9812777782,0.8429490463,0.5492484528,1.534731763,39.3557513525
3.3362617278,0.9022125207,0.4688984345,0.1691617586,2.7718938267,33.530981377
3.220295869,0.546457493,0.5055559105,0.1950254373,2.5922562589,29.8538999105
3.5843708307,0.9551520684,0.3346349067,0.1042215959,3.2108019825,41.7733622482
3.2590456091,0.3847169028,0.4922715525,0.1854332569,2.6547101674,31.9652342792
3.1438885649,0.1299789905,0.7818448428,0.4637674112,1.6858555042,23.5477374436
3.4007367432,0.3864539888,0.4517777359,0.1577238223,2.8643595455,38.8984831867
3.3391473773,0.3138206957,0.4680907281,0.168613081,2.7761234502,34.5483568456
3.5648853422,0.9822887425,0.8366103063,0.623770572,1.3412147733,41.9182523446
3.1065779689,0.7502821505,0.7674271978,0.4455295953,1.7225055435,21.0626034971
3.1541034226,0.54818739,0.5316887254,0.2146414171,2.4771021942,25.3125595871
3.0383245956,0.221472563,0.7293084735,0.4001821256,1.8224414008,13.8264711332
3.2737949023,0.6824063765,0.4875172997,0.18206139,2.6777632519,30.549739508
3.4098060511,0.1785496442,0.8437595548,0.5504886746,1.5327464373,39.3173885306
3.0000537136,0.63210025,0.6469815276,0.3146804057,2.0559955938,4.83548915
3.4747930718,0.0185719094,0.8332132534,0.6010550498,1.3862511491,40.6203356084
3.3088051812,0.523668539,0.4768030638,0.1745791657,2.7311567334,34.814564527
3.5028518856,0.3914155989,0.3813119473,0.1243107279,3.0674098178,40.9565090747
3.5502149614,0.2916931559,0.3548530545,0.1126404184,3.1503172629,39.6737099691
3.5461883566,0.6345700571,0.3586154629,0.114159386,3.1413576712,40.6233523601
3.4091554905,0.9916740982,0.449671384,0.1563448055,2.8761517386,36.6553758843
3.1076100006,0.0860714712,0.5539247552,0.2321340544,2.3862278917,21.3297793488
3.4350452995,0.1526070542,0.8477367032,0.5566520477,1.5229202995,40.3249568202
3.3606416623,0.7800219165,0.8353593308,0.5377971089,1.5532982921,36.9527860491
3.0283531278,0.2048283825,0.7209442084,0.3907515483,1.8450194542,12.3912355689
3.183862955,0.3552416646,0.5193046618,0.2052207913,2.5304680799,26.6989528592
3.1982127638,0.2215016096,0.7989508308,0.4862761985,1.642998019,28.4698177118
3.5020700196,0.8364141086,0.8265235737,0.6182792961,1.3368126329,40.975121004
3.2285982594,0.3293598986,0.5026042715,0.1928723323,2.6058909831,28.802908534
3.4971906347,0.4257374814,0.3843523591,0.1257048976,3.057576644,41.397401469
3.0558280999,0.2100548689,0.7414805364,0.4142370381,1.789990919,16.1736720045
3.1083396198,0.66749415,0.5535406233,0.2318254563,2.3877473692,18.0587134921
3.3181473584,0.0940520104,0.4740675761,0.1726945833,2.745121283,33.6602046379
3.2726266386,0.8048540081,0.817676592,0.5121116406,1.5966764417,32.9128926821
3.3036872493,0.838000132,0.8243693919,0.5216773013,1.5802286007,34.639626898
3.3880717071,0.2912799006,0.8401561596,0.5450030236,1.5415623827,35.3863164394
3.1384376082,0.3751108962,0.5387275893,0.2200977088,2.4476746814,23.5905633393
3.3901859644,0.5444234528,0.4544550006,0.1594859309,2.849499,38.5172438567
3.5467464548,0.0973909036,0.8148577455,0.6423096793,1.2686368768,40.2097593174
3.1129076764,0.0735187962,0.5511654296,0.2299223656,2.3971805795,22.0052708841
3.0605186125,0.7789602257,0.7443570653,0.4176150677,1.782399925,16.6503741555
3.2632853472,0.6992365925,0.8155504613,0.5091108173,1.601911477,28.9704810135
3.5697704677,0.3744858734,0.3427010442,0.1075727616,3.1857604001,41.3536238662
3.5863758478,0.8346412403,0.8069447486,0.658104904,1.2261643147,41.5526890457
3.4834738216,0.7694778926,0.8705066424,0.510191446,1.7062352753,40.331683829
3.286233209,0.7819517126,0.8206769001,0.516377133,1.5892975262,33.4489905618
3.4292996121,0.4970817697,0.4448823765,0.1532000676,2.9039306796,40.1563537907
3.3210503521,0.438217503,0.4732274044,0.1721178475,2.7494383141,35.4458767965
3.4076686242,0.8062864583,0.8434125896,0.5499571221,1.5335969945,39.148970186
3.2286502758,0.5689179454,0.502585971,0.1928590218,2.6059759418,30.278001867
3.1366326108,0.7192126265,0.7792480567,0.4604348184,1.6924177441,22.8397009338
3.4407174682,0.5551012454,0.4423385875,0.1515175548,2.9193883705,40.5487810859
3.1495398927,0.1022038339,0.5336982508,0.2161915565,2.468635961,23.7014284592
3.5662257634,0.1219497984,0.8915527623,0.5010156252,1.779490933,41.03934495
3.2631849144,0.6773915892,0.4909217793,0.1844727038,2.6612163701,30.2993701365
3.4760017721,0.5853987033,0.3980067219,0.1318985195,3.0175222845,40.8986719581
3.1084526984,0.3921875521,0.553481209,0.2317777453,2.3879825408,21.1961128604
3.1421140779,0.3350805448,0.5370392232,0.2187821596,2.4546755743,22.2946674616
3.0222891761,0.8704515101,0.709953383,0.3771417149,1.8824578534,6.0301680406
3.0542910718,0.3982108067,0.5869006513,0.2594924054,2.2617257347,15.3351083906
3.0881978868,0.2298241237,0.759127688,0.4353142419,1.7438613648,19.668542389
3.131653304,0.7173166551,0.7774136614,0.4580935123,1.6970632426,22.3673240112
3.3603181733,0.5538945866,0.4622898761,0.1646990087,2.8068771013,37.1866181928
3.304453921,0.246563275,0.8245277752,0.5219059128,1.5798398812,34.2211148586
3.4228809475,0.0912590724,0.446254295,0.1541299194,2.895312583,37.5248561626
3.3661975279,0.004582286,0.4607164296,0.1636453304,2.8153350214,36.5147057981
3.3236301664,0.7603074812,0.828391231,0.5275153965,1.5703640814,35.0246593991
3.4066615732,0.9934708339,0.4502935613,0.1567512617,2.8726630732,38.939117431
3.4151906023,0.7019865818,0.4481783735,0.1553709999,2.8845690236,36.5068811617
3.3937228962,0.3633085332,0.4535524642,0.1588908079,2.8544915236,38.4422161986
3.0220483043,0.7546050069,0.7148610615,0.3840194955,1.8615228391,11.0262276984
3.1807449467,0.3234268907,0.5205485727,0.2061568133,2.5250127046,24.441187072
3.220844206,0.290932135,0.8051185505,0.494640944,1.6276827874,28.3538595906
3.1410393578,0.1035757455,0.5375303585,0.2191644018,2.4526353458,22.9231499668
3.0476399043,0.315264589,0.7360739886,0.4079273364,1.8044242759,11.1898739674
3.4864805244,0.2922101242,0.3907105676,0.1286032619,3.0381077563,38.8064209657
3.4603370268,0.2345412188,0.8615288351,0.5320543041,1.6192498179,40.5258519481
3.1596128793,0.7175285146,0.7871898727,0.4706954038,1.6723976191,24.5121775809
3.5003356953,0.6061897806,0.3826397664,0.1249202256,3.0630729707,40.7549256614
3.239832861,0.658392279,0.4987051148,0.1900472171,2.624111642,29.7775722637
3.0236877391,0.0431775336,0.6711702143,0.3325805957,2.0180678695,0.771334503
3.1155732111,0.3768402171,0.5498024175,0.2288341936,2.4026235277,21.6112748489
3.190223086,0.6110152592,0.5168026208,0.203344918,2.5415074341,27.4780636779
3.3230715972,0.8561917731,0.8282812811,0.5273548729,1.5706335974,35.5658208204
3.4652515798,0.0961173946,0.836584034,0.5926236198,1.4116616451,39.20862076
3.4909674688,0.804663986,0.8289019421,0.6120629371,1.3542756664,40.8912855828
3.0631356,0.2977727846,0.7459058179,0.4194428434,1.7783252941,15.2234087501
3.5817588883,0.3697170471,0.3650775817,0.1151973239,3.1691498495,41.6811089616
3.4792944333,0.4058422051,0.3955678407,0.130800827,3.024199844,41.0073129467
3.2737079031,0.7375681566,0.8179191271,0.5124550998,1.5960795928,32.1077792493
3.5343266464,0.3537401135,0.367060378,0.1177119097,3.1182943073,40.8465007442
3.3407639779,0.3185310515,0.467640067,0.1683073375,2.7784888875,34.9413652179
3.3221158411,0.7391330255,0.8280927983,0.5270798151,1.571095638,34.5322279001
3.5121913466,0.3173919511,0.5079243259,0.1753732886,2.8962468,40.2770165806
3.0142142814,0.208106384,0.7062984272,0.3747904427,1.8845155765,10.082645992
3.5383234389,0.9631540137,0.5211583013,0.1795153922,2.9031399189,41.1924784004
3.2976764963,0.9937083373,0.4801270549,0.1768832403,2.7143727922,34.3426646032
3.5254848614,0.6399933106,0.3707006302,0.1194068264,3.1045179027,40.5693574174
3.5289890044,0.0325930877,0.5165783708,0.1781015775,2.9004704958,40.3345710439
3.4538271477,0.6127659128,0.4220173879,0.1424924264,2.9616829371,40.5633745523
3.2646547371,0.5006809336,0.4904454492,0.1841343442,2.663519678,32.5333879659
3.5719344387,0.8784417448,0.890998187,0.5235762513,1.7017543954,41.3381310855
3.1175854514,0.2966178155,0.7719768145,0.451215759,1.7108817658,20.7656949245
3.3285832095,0.4843280431,0.4710684568,0.1706403356,2.7605926536,35.8243678854
3.4929872956,0.8298720756,0.8284415411,0.6132572751,1.3508874248,40.9317112502
3.2690127802,0.1585554403,0.8168606654,0.5109579151,1.5986848254,32.7041225567
3.0806981096,0.7140256098,0.7554373455,0.4308355941,1.7534237094,17.559841619
3.2035369801,0.2135054738,0.8004449621,0.4882899889,1.6392819436,28.8531361698
3.0744000281,0.4974458739,0.5730911058,0.2478243901,2.3124887161,18.2163617652
3.3296341605,0.5611695781,0.470769641,0.1704363455,2.7621434823,35.739276877
3.0628700365,0.191275106,0.7457504901,0.4192593334,1.7787331868,17.0141687184
3.5680210559,0.5561580631,0.5025987775,0.1696396737,2.9627431283,41.2311347414
3.3315230525,0.2571747871,0.8299289894,0.5297659756,1.5665954924,35.3313303362
3.0461890185,0.9746541675,0.7350988807,0.4068203522,1.806937329,15.6897244293
3.5159570504,0.5733268385,0.5099572356,0.1760259323,2.8970574326,41.3488758381
3.5355998564,0.2585733435,0.8209639937,0.6334190711,1.2960834797,40.1506309091
3.12511314,0.6539029192,0.5450535562,0.2250651413,2.4217591096,21.1681388138
3.2655916056,0.0715702049,0.4901426356,0.1839194084,2.6649859294,32.3029581134
3.2632669009,0.6606663292,0.4908951691,0.1844537929,2.6613449438,31.1391086755
3.4510736423,0.3916260777,0.4265754762,0.1444815041,2.9524573316,40.7593711399
3.5052471313,0.1514642918,0.8259037724,0.6199196789,1.3322754553,41.022641095
3.1593950377,0.8524197072,0.7871182728,0.4706019816,1.6725774724,25.7472739531
3.129075742,0.9556905836,0.5431367791,0.2235535914,2.4295596221,22.9955120154
3.0228027182,0.7114585539,0.7154686902,0.3846331986,1.8601324399,9.807595716
3.298413718,0.7392017482,0.8232714461,0.5200954089,1.5829238867,33.3994146681
3.5385879896,0.9378422467,0.3649486417,0.1167689652,3.1253907317,42.0137979434
3.1811926325,0.4177425779,0.5203692549,0.2060217395,2.5257977926,27.2756577602
3.5250835779,0.3043740087,0.3708715728,0.1194862672,3.1038844995,40.0288702897
3.4609713688,0.5687588938,0.4126191767,0.1383656916,2.9820916716,41.0903857402
3.2930890057,0.1359284064,0.8221474782,0.5184812249,1.5856841842,33.7532398468
3.1761837403,0.5692924963,0.5223894995,0.2075462531,2.516978706,26.8376529278
3.0254292847,0.8740260768,0.6953068646,0.3579468218,1.9424864877,3.0176659381
3.5634298937,0.8945709608,0.8806864305,0.4465744951,1.972092988,41.3296770428
3.0321990144,0.7494803284,0.7243254508,0.3945388169,1.8358788026,12.5236905525
3.0089835144,0.9956343449,0.6980585374,0.3658041713,1.9082847936,7.8045218241
3.4836099059,0.1749125877,0.8307072372,0.6074168841,1.3676064313,40.9096858452
3.194484897,0.3653497479,0.5151516563,0.2021121422,2.5488407112,27.6767380543
3.1691614822,0.8462840639,0.7902658194,0.4747249404,1.6646814865,26.5551879968
3.4081001109,0.6537041574,0.4499362565,0.1565173532,2.8746733023,38.552153623
3.1910985374,0.2117682552,0.796909872,0.4835381637,1.6480806104,28.050185764
3.4928384192,0.5571410108,0.4963468893,0.1715249867,2.8937293558,41.0274210084
3.1532693079,0.0841942369,0.5320536271,0.2149224523,2.4755609355,25.0657748669
3.1074916956,0.9104718388,0.5539871673,0.2321842156,2.3859811738,21.7031035443
3.2517507366,0.1263726868,0.8128456851,0.5053190383,1.6085791814,31.1469860261
3.3274625524,0.1887330717,0.8291415712,0.5286122687,1.5685250236,35.710701554
3.4810184966,0.246548338,0.8697490027,0.5120520123,1.6985559707,41.0008135198
3.3756537571,0.428776001,0.4582183685,0.1619794554,2.8288671998,37.9535088393
3.0037204569,0.2052765289,0.6932726337,0.3614526975,1.9180175952,8.2811196934
3.5403026234,0.0568667235,0.3651715056,0.1167859278,3.126845097,40.6083484167
3.3405072578,0.9741387203,0.8316441877,0.5322884543,1.5623938129,36.0714592136
3.1081644104,0.848804209,0.7681005565,0.4463672541,1.7207815972,21.486408818
3.0398221242,0.2123517242,0.7304587881,0.4014939406,1.8193519608,14.0694249934
3.4166280031,0.3313049005,0.4478289085,0.1551425786,2.8865635246,38.9810452781
3.4943063981,0.1394627194,0.8735512327,0.5026943408,1.7377383468,40.9889384663
3.0414636804,0.2455744286,0.7316920722,0.4029039257,1.8160460236,14.0629052895
3.3146832147,0.9678944781,0.4750762158,0.173388261,2.7399560564,32.3187197256
3.2893392995,0.1703702263,0.8213464784,0.5173340586,1.5876520495,33.8256602505
