TrainingInput,xzero,xt,ComponentA,ComponentB,Fatigue
2.88890149,0.501636464,0.653847139,0.346151746,1.888903194,1.34154768
0.501082236,0.50853296,0,1,0,0.50853296
2.244593525,0.771559691,0.554485038,0.445514963,1.244593525,0.544515797
3.361384736,0.162742523,0.835493178,0.537996736,1.55297072,37.27021739
0.787319977,0.646844337,0,1,0,0.646844337
2.166339274,0.972798845,0.538391788,0.461608213,1.166339274,1.403871924
3.039849306,0.722232568,0.730475145,0.401510347,1.819318355,12.93126231
1.211482626,0.354162162,0.174565133,0.825434867,0.211482626,0.179597029
3.245184631,0.151018348,0.811264653,0.503115776,1.612481047,31.30095725
3.156020997,0.997724272,0.786000848,0.469146176,1.675385816,25.77500028
2.623731881,0.370814672,0.618863495,0.381136505,1.623731881,0.269854175
2.580357791,0.206226829,0.612456845,0.387543155,1.580357791,0.490201585
3.583127964,0.54859773,0.440785904,0.143653357,3.068399604,41.84788239
3.233749358,0.790786424,0.808435253,0.499196691,1.619472379,30.65207601
3.829626186,0.503535491,0.957273334,0.494102148,1.937399662,53.29708087
0.67148569,0.56159501,0,1,0,0.56159501
0.195879046,0.81986471,0,1,0,0.81986471
2.311069965,0.700474698,0.567299989,0.432700011,1.311069965,0.327454039
2.55094335,0.277552046,0.607988159,0.392011842,1.55094335,0.468123638
0.44466695,0.66288554,0,1,0,0.66288554
0.49018952,0.114335585,0,1,0,0.114335585
2.397265173,0.949647486,0.582857995,0.417142005,1.397265173,1.330947327
2.408338263,0.317520196,0.584775937,0.415224064,1.408338263,0.323618431
2.654581499,0.426862606,0.623292786,0.376707214,1.654581499,0.35418774
0.170573566,0.972326287,0,1,0,0.972326287
3.35144088,0.368806912,0.46469604,0.166316914,2.794039575,36.59035885
0.089433764,0.540447607,0,1,0,0.540447607
0.875519914,0.273848459,1.34E-07,0.999999847,1.34E-07,0.273848326
2.39417069,0.116535281,0.582318836,0.417681164,1.39417069,0.495683838
2.465403151,0.168472685,0.594386825,0.405613175,1.465403151,0.479085276
0.737234906,0.5156707,0,1,0,0.5156707
3.663661408,0.948108782,0.453753037,0.144827281,3.133063288,33.01836561
3.818273156,0.82569083,0.877104656,0.642434579,1.36528245,45.89637334
3.76136533,0.187391298,0.323021761,0.094881324,3.404482007,36.99800969
1.956283738,0.104490488,0.488826707,0.511173293,0.956283738,0.38433622
1.64385454,0.565537477,0.391673669,0.608326331,0.64385454,0.173863807
0.747028025,0.296981295,0,1,0,0.296981295
2.561754926,0.122227464,0.609642597,0.390357403,1.561754926,0.633932661
0.91184639,0.125515013,4.94E-06,0.999994586,4.94E-06,0.125510076
0.014126074,0.473419066,0,1,0,0.473419066
0.020930871,0.171155823,0,1,0,0.171155823
2.951945924,0.34350112,0.661206294,0.338723762,1.952051697,0.502488369
3.296552264,0.895222562,0.822880297,0.519533067,1.583884357,31.52705436
2.491968041,0.34587517,0.598710745,0.401289256,1.491968041,0.310010582
3.84477808,0.067955126,0.472310691,0.856588389,0.551385819,50.28030827
2.285788454,0.260460898,0.562514196,0.437485804,1.285788454,0.304251455
1.857113144,0.131337557,0.461529846,0.538470154,0.857113144,0.330192289
3.326986962,0.236885611,0.829048836,0.528476573,1.568752293,35.42623719
2.752071659,0.211610045,0.636637369,0.363362632,1.752071659,0.821073729
0.857830466,0.422374951,2.04E-08,0.999999976,2.04E-08,0.42237493
2.31810257,0.899674877,0.568612704,0.431387296,1.31810257,1.066299728
1.501486868,0.838649064,0.333993509,0.666006491,0.501486868,0.766289743
3.106749905,0.540983819,0.554379311,0.232499523,2.384432033,21.37179711
2.248653928,0.502513645,0.555289506,0.444710494,1.248653928,0.071298932
1.794920647,0.105273738,0.442872307,0.557127693,0.794920647,0.337598568
3.391288164,0.855509007,0.84070001,0.545826805,1.540232182,38.65825967
1.374719901,0.554507135,0.272579091,0.727420909,0.374719901,0.281928044
0.198585817,0.967577834,0,1,0,0.967577834
2.290547786,0.555041196,0.56342321,0.43657679,1.290547786,0.014824557
2.141801827,0.426009676,0.533103396,0.466896604,1.141801827,0.109760295
2.602834589,0.719702682,0.615803477,0.384196523,1.602834589,0.461920484
2.410161782,0.185709818,0.585090093,0.414909907,1.410161782,0.431391767
2.170148029,0.535143496,0.539201941,0.460798059,1.170148029,0.005638716
3.999215187,0.511336243,0.388550386,0.89095184,0.436107058,43.09938775
3.3738641,0.12871574,0.837707944,0.541311892,1.547551341,37.56066798
2.098091123,0.29830607,0.523376278,0.476623722,1.098091123,0.226307196
0.131027237,0.832157907,0,1,0,0.832157907
0.107314236,0.110085889,0,1,0,0.110085889
3.181682958,0.350928956,0.520173135,0.205874064,2.526656959,26.41420021
3.40488384,0.530340954,0.450737779,0.157041958,2.870174215,39.15663004
2.585052432,0.915982003,0.613160651,0.386839349,1.585052432,1.195747479
3.41748966,0.689349468,0.447619462,0.155005833,2.887758829,37.94230492
2.979104153,0.254987517,0.669299476,0.340829269,1.963738262,4.475331375
1.923997347,0.105638367,0.480248764,0.519751237,0.923997347,0.374610396
2.943508183,0.562220711,0.660107116,0.339558831,1.944013984,2.116715747
2.195423768,0.05484992,0.544507072,0.455492928,1.195423768,0.499066227
3.381181346,0.93513004,0.456776303,0.161021684,2.836737832,38.42659553
3.137058606,0.428567222,0.539366979,0.220597033,2.445032784,23.99321636
1.338953216,0.240341052,0.253147916,0.746852084,0.338953216,0.012806864
1.15052624,0.682392192,0.130832519,0.86916748,0.150526247,0.551559673
2.859270331,0.596607563,0.65026041,0.349739565,1.859270369,0.606130611
3.231576065,0.709957146,0.807886148,0.498439618,1.620830526,28.69298025
3.991928404,0.317135995,0.850872819,0.691967923,1.229641996,43.99366674
1.126326953,0.863475129,0.112158359,0.887841637,0.126326987,0.75131677
0.720774262,0.785334497,0,1,0,0.785334497
0.683083641,0.24447603,0,1,0,0.24447603
0.453018529,0.438099911,0,1,0,0.438099911
2.078255387,0.668184038,0.518827182,0.481172818,1.078255387,0.265844666
2.291239184,0.614662234,0.56355495,0.43644505,1.291239184,0.10733302
3.222273923,0.935015492,0.504847072,0.194507224,2.595518368,30.51093266
2.845232097,0.906721028,0.648534819,0.35146517,1.845232113,1.880491185
3.44895601,0.848179246,0.848456594,0.563214794,1.50645296,40.96899222
0.077683581,0.556864785,0,1,0,0.556864785
1.074286143,0.239856262,0.069169005,0.930829414,0.074309002,0.170687258
2.33331288,0.768330767,0.571424815,0.428575185,1.33331288,0.513780018
3.20788521,0.856917585,0.801644912,0.489913059,1.636300354,29.09368748
1.331388025,0.130284752,0.248904165,0.751095835,0.331388025,0.118619413
0.171895132,0.683189485,0,1,0,0.683189485
2.171934874,0.377846767,0.539581038,0.460418962,1.171934874,0.169416724
1.114838463,0.902213862,0.103009033,0.896990971,0.114838428,0.808511858
2.002709334,0.209046841,0.500676417,0.499323583,1.002709334,0.291629909
1.964037113,0.693111284,0.490844652,0.509155348,0.964037113,0.348422997
2.202186575,0.772620867,0.545905869,0.454094132,1.202186575,0.553714512
0.789208649,0.619017599,0,1,0,0.619017599
3.288856423,0.35907835,0.482814307,0.178757252,2.700949488,33.33382101
0.942477791,0.191532417,0.00011325,0.999879824,0.000113263,0.191419167
1.512968471,0.687616551,0.339047694,0.660952306,0.512968471,0.376692899
2.939840045,0.3323111,0.659861403,0.340171548,1.939790107,0.559334164
1.347621409,0.660608315,0.257951831,0.74204817,0.347621409,0.402656484
0.566840808,0.24264151,0,1,0,0.24264151
3.732260808,0.588366109,0.821397243,0.672972992,1.220550085,36.3620372
2.481590964,0.157496344,0.597032704,0.402967296,1.481590964,0.509842888
3.660061479,0.64238836,0.306508897,0.092255219,3.322401706,38.79774099
0.583713603,0.010601684,0,1,0,0.010601684
0.098206927,0.336374242,0,1,0,0.336374242
0.1298013,0.195945506,0,1,0,0.195945506
2.766270609,0.510331853,0.638502467,0.361497533,1.766270609,0.600971016
0.393397155,0.882750419,0,1,0,0.882750419
0.048494972,0.57054269,0,1,0,0.57054269
3.901510154,0.186162367,0.730633568,0.249539277,2.927930131,44.18072424
2.567273298,0.091293242,0.610481673,0.389518327,1.567273298,0.609380357
1.613243726,0.438695267,0.380130861,0.619869139,0.613243726,0.058564406
0.458401222,0.247659202,0,1,0,0.247659202
3.558336306,0.717342889,0.349665885,0.110470383,3.165245534,37.80031422
2.76873012,0.029764451,0.638823592,0.361176408,1.76873012,1.026853597
0.828324112,0.475584166,7.00E-10,0.999999999,7.00E-10,0.475584166
1.493694891,0.444169073,0.330519234,0.669480766,0.493694891,0.113649839
3.296813566,0.801370941,0.822935319,0.519612132,1.583749241,34.14066479
2.985098282,0.571557313,0.656890027,0.326957853,2.009096958,4.7608204
2.780862624,0.555186734,0.640399353,0.359600647,1.780862624,0.526756066
2.756870424,0.100818906,0.637269858,0.362730142,1.756870424,0.97807452
3.366772524,0.812377338,0.836456972,0.539436608,1.550612175,37.47655582
2.14160678,0.594690885,0.533060873,0.466939127,1.14160678,0.099513235
1.49706529,0.808444059,0.332026461,0.667973539,0.49706529,0.676792684
0.068881047,0.073579852,0,1,0,0.073579852
2.072832668,0.082007154,0.517568391,0.482431609,1.072832668,0.436926423
0.15998922,0.447305538,0,1,0,0.447305538
3.160764926,0.601886798,0.52881167,0.212432558,2.489315546,25.45599687
1.027323346,0.077879881,0.027706362,0.972261087,0.028496833,0.05017352
0.675118899,0.787666298,0,1,0,0.787666298
1.908987749,0.088438232,0.47616217,0.52383783,0.908987749,0.387723939
1.073101483,0.828456342,0.068140932,0.93185755,0.073123764,0.76031541
2.915810037,0.070134267,0.657031158,0.34294589,1.915844968,2.028981952
1.937569689,0.676130191,0.483889532,0.516110469,0.937569689,0.311448849
0.119381286,0.084447254,0,1,0,0.084447254
3.487181559,0.031306955,0.390265487,0.128401159,3.039423407,39.92893188
1.500202205,0.137294796,0.33342319,0.66657681,0.500202205,0.196128395
2.116466811,0.651683667,0.527514443,0.472485557,1.116466811,0.220149154
3.060669375,0.910257703,0.582278578,0.255552665,2.278507158,16.96249274
1.01012479,0.903248727,0.014690504,0.985238852,0.014910601,0.888558224
1.386840119,0.835368233,0.278936349,0.721063651,0.386840119,0.732845475
2.535824521,0.216092046,0.605650946,0.394349054,1.535824521,0.45928937
0.659722617,0.239096894,0,1,0,0.239096894
3.028027693,0.87947598,0.6132098,0.28208096,2.173878734,7.091024022
2.98635658,0.081948449,0.655560173,0.325410151,2.014565834,5.751462998
0.506038625,0.671991581,0,1,0,0.671991581
1.817555617,0.847813109,0.449810509,0.550189491,0.817555617,0.828599605
3.796012072,0.568904661,0.767650302,0.281426131,2.727715082,40.72475494
3.976280343,0.245322163,0.911137423,0.355581009,2.562390568,46.2100334
0.294851227,0.086021313,0,1,0,0.086021313
0.043529808,0.108802609,0,1,0,0.108802609
3.115940496,0.564255203,0.549615892,0.228685501,2.403370082,22.09344724
0.598296157,0.27064503,0,1,0,0.27064503
0.877033801,0.028684703,4.65E-08,0.999999947,4.65E-08,0.028684657
3.739428075,0.163425325,0.841803304,0.342251853,2.459601887,41.98590323
2.149734783,0.511220254,0.534826339,0.465173662,1.149734783,0.029129493
3.232799978,0.007374517,0.501133535,0.191804159,2.612735496,29.88879101
3.158789771,0.009014841,0.52965795,0.21308101,2.485711657,24.95614199
2.492405798,0.641160621,0.598781225,0.401218775,1.492405798,0.136837555
0.762950033,0.030868443,0,1,0,0.030868443
0.873482343,0.48356541,1.16E-07,0.999999868,1.16E-07,0.483565295
1.332869212,0.291347033,0.249738841,0.750261159,0.332869212,0.041608192
1.377419392,0.647889623,0.274004704,0.725995297,0.377419392,0.37388492
0.850287493,0.358327644,8.60E-09,0.99999999,8.60E-09,0.358327635
0.337531831,0.946853311,0,1,0,0.946853311
0.266277658,0.123195037,0,1,0,0.123195037
3.224756219,0.706533661,0.806138421,0.49603746,1.625156334,28.05677419
0.837499436,0.038518752,6.00E-10,0.999999999,6.00E-10,0.038518751
3.532338467,0.082272885,0.367851664,0.118081531,3.115234532,39.77427037
1.524654682,0.734114837,0.344113778,0.655886223,0.524654682,0.483033178
0.941634765,0.131749475,9.60E-05,0.999898068,9.60E-05,0.131653502
0.010000196,0.146821629,0,1,0,0.146821629
1.114017341,0.341568525,0.10234824,0.897651717,0.114017762,0.239220285
0.210429523,0.225259355,0,1,0,0.225259355
2.679474499,0.207765594,0.626792492,0.373207508,1.679474499,0.64006485
0.548012553,0.042262114,0,1,0,0.042262114
3.86290967,0.602894242,0.564546262,0.177735115,3.176334975,45.36172097
0.339705723,0.855170566,0,1,0,0.855170566
0.465171603,0.48634978,0,1,0,0.48634978
3.981322148,0.965926606,0.359344363,0.899677939,0.399414444,41.78057334
1.653271105,0.066931034,0.395138525,0.604861476,0.653271105,0.32820749
2.500298762,0.299974378,0.600047796,0.399952204,1.500298762,0.398049944
2.306770322,0.959064734,0.566493469,0.433506531,1.306770322,1.368989325
3.302529601,0.307508042,0.478668547,0.175870353,2.721712554,31.33606444
3.502667817,0.45927065,0.50249169,0.17359489,2.894622581,41.00316503
3.938148507,0.089314168,0.732691239,0.24711598,2.964969081,41.27261227
0.045981199,0.027855741,0,1,0,0.027855741
0.830658639,0.766139722,8.00E-10,0.999999999,8.00E-10,0.766139722
1.438704205,0.182827341,0.304930091,0.695069909,0.438704205,0.122102751
0.707065385,0.058091699,0,1,0,0.058091699
3.708025538,0.878983709,0.92010987,0.543126427,1.694098878,34.74539988
0.701116985,0.909375312,0,1,0,0.909375312
3.504068112,0.357385097,0.380682758,0.12402158,3.069488048,40.88718276
0.695164531,0.770947055,0,1,0,0.770947055
0.03655738,0.267113937,0,1,0,0.267113937
1.799834626,0.878764067,0.444393398,0.555606602,0.799834626,0.939656689
0.348531066,0.243716983,0,1,0,0.243716983
2.904917888,0.904241178,0.65575269,0.344239941,1.904929126,2.349529609
1.873949657,0.545303372,0.466367735,0.533632265,0.873949657,0.08238845
0.332152455,0.444842376,0,1,0,0.444842376
0.679233227,0.378479073,0,1,0,0.378479073
0.373089447,0.125234905,0,1,0,0.125234905
1.574448752,0.791840416,0.364857066,0.635142934,0.574448752,0.637667314
0.873622035,0.952357581,4.66E-08,0.999999947,4.66E-08,0.952357534
1.339372832,0.009642446,0.2533819,0.746618101,0.339372832,0.243739454
0.10145153,0.349644703,0,1,0,0.349644703
1.831919058,0.045255507,0.454124354,0.545875647,0.831919058,0.408868846
0.941262053,0.601125909,0.000110567,0.99988252,0.00011058,0.601015342
0.697791099,0.677903814,0,1,0,0.677903814
0.101032481,0.306681697,0,1,0,0.306681697
1.313058184,0.359408563,0.238419125,0.761580875,0.313058184,0.120989438
1.849616365,0.241290909,0.459347344,0.540652656,0.849616365,0.218056436
0.125677773,0.643491363,0,1,0,0.643491363
3.282503798,0.522717625,0.48477994,0.180134443,2.691211804,33.46577666
1.803059382,0.676793798,0.445387096,0.554612904,0.803059382,0.333364221
2.538145797,0.799769458,0.606011601,0.393988399,1.538145797,0.620547294
0.120747211,0.529149811,0,1,0,0.529149811
0.050836158,0.602595456,0,1,0,0.602595456
1.203711449,0.57910001,0.169236115,0.830763886,0.203711449,0.409863895
1.444507525,0.068491517,0.30772254,0.69227746,0.444507525,0.239231023
3.495941177,0.943798756,0.385050211,0.126024164,3.055368114,41.23959324
0.441683481,0.331147298,0,1,0,0.331147298
1.534172711,0.211538189,0.348182905,0.651817095,0.534172711,0.136644716
0.366470078,0.054472901,0,1,0,0.054472901
2.314827206,0.903891978,0.568002313,0.431997687,1.314827206,1.090043246
1.045088792,0.811859451,0.043452574,0.956532718,0.04542717,0.768406877
2.510805766,0.121853751,0.601721482,0.398278518,1.510805766,0.590615751
0.128180392,0.818663408,0,1,0,0.818663408
0.515672298,0.950981173,0,1,0,0.950981173
0.189955123,0.646020849,0,1,0,0.646020849
2.826382439,0.936433713,0.646190839,0.353809161,1.82638244,1.597450243
1.491937895,0.607394862,0.329730813,0.670269187,0.491937895,0.277664049
3.301960528,0.753566915,0.824011533,0.521161153,1.581106973,33.87340805
0.007311586,0.107768115,0,1,0,0.107768115
3.358526998,0.333718438,0.462772394,0.165022815,2.804293419,36.39296054
3.510079496,0.443267452,0.506757378,0.174995464,2.895831507,41.09091912
0.292118461,0.454505653,0,1,0,0.454505653
3.115951035,0.753800542,0.771318761,0.450389456,1.712559543,21.95103911
3.72130492,0.526339248,0.30515471,0.090124496,3.385924191,35.42316364
1.065049055,0.731066003,0.061126907,0.938869555,0.065106923,0.669939096
2.262852127,0.876382676,0.558079829,0.441920172,1.262852127,0.949067848
3.620889855,0.378386886,0.334407725,0.102954816,3.248101805,41.23121783
2.278128851,0.109506466,0.561043266,0.438956734,1.278128851,0.463062485
1.079501027,0.920154198,0.073647521,0.926352355,0.079502709,0.846506677
2.079311887,0.528909376,0.519071667,0.480928333,1.079311887,0.01196545
2.007858685,0.477654392,0.501956982,0.498043019,1.007858685,0.024314345
0.750520907,0.157601133,0,1,0,0.157601133
0.202965332,0.16645549,0,1,0,0.16645549
0.975351252,0.389792411,0.001955205,0.997991349,0.00195914,0.387837206
2.012814369,0.773404598,0.503183197,0.496816803,1.012814369,0.571137948
1.797422177,0.699573575,0.443647679,0.556352321,0.797422177,0.387691422
3.330582971,0.348851083,0.470500363,0.170252626,2.763542475,35.33747495
1.418366706,0.362671747,0.29496371,0.70503629,0.418366706,0.067708037
3.368950048,0.338614585,0.459985186,0.163156802,2.819282933,36.99748765
3.198182011,0.547183528,0.51373552,0.201057881,2.555162314,28.43836121
0.296873217,0.006546803,0,1,0,0.006546803
0.947992767,0.535752412,0.000205055,0.999783648,0.0002051,0.535547356
1.454637664,0.229843459,0.31254358,0.68745642,0.454637664,0.082700122
3.538602419,0.534237467,0.520742989,0.179314232,2.904080645,40.86265313
2.308301758,0.016897633,0.566781078,0.433218922,1.308301758,0.577973904
3.414837249,0.634179438,0.448270131,0.155429691,2.884070153,39.09404064
1.563165972,0.617263974,0.360272666,0.639727334,0.563165972,0.256991308
0.926835271,0.612449736,2.81E-05,0.999969635,2.81E-05,0.612421593
0.977984294,0.119654159,0.002151881,0.997794815,0.002156636,0.117502278
1.682249671,0.585156023,0.405557916,0.594442084,0.682249671,0.179598107
1.268486011,0.576452758,0.21165863,0.788341371,0.268486011,0.364794129
0.360214681,0.309282193,0,1,0,0.309282193
3.688614748,0.418365064,0.770542405,0.702737512,1.096486799,30.99879423
0.692479796,0.116736578,0,1,0,0.116736578
2.225191316,0.626699814,0.550600439,0.449399561,1.225191316,0.148543398
1.98129094,0.771922597,0.495278568,0.504721432,0.98129094,0.569556525
2.568017333,0.672806591,0.610594529,0.389405471,1.568017333,0.250924851
0.735147798,0.979454648,0,1,0,0.979454648
2.454149428,0.510903134,0.592526849,0.407473151,1.454149428,0.160561136
2.005070555,0.763546241,0.501264433,0.498735567,1.005070555,0.540806259
2.775919628,0.347742231,0.639759023,0.360240978,1.775919628,0.36047066
0.560565173,0.799099241,0,1,0,0.799099241
1.301223466,0.716294295,0.231492495,0.768507505,0.301223466,0.484801801
0.128458748,0.483961451,0,1,0,0.483961451
3.768846129,0.564230542,0.246913623,0.070482109,3.503209905,37.87614009
0.944371423,0.414314798,0.000147317,0.999843981,0.00014734,0.414167481
1.735694239,0.575715284,0.423861659,0.576138342,0.735694239,0.151853625
3.47961236,0.066405138,0.486854612,0.168211417,2.894301835,40.53937584
3.524140306,0.11380837,0.880326074,0.485816051,1.812056381,40.59005281
0.857504793,0.386165834,1.95E-08,0.999999977,1.95E-08,0.386165814
2.993724048,0.959315755,0.676576642,0.345075284,1.960663874,4.582805781
0.985475222,0.887926536,0.003655593,0.996276664,0.003669255,0.884270942
2.814970016,0.866487943,0.644756429,0.355243571,1.814970016,1.078146406
3.7291185,0.418004492,0.707802495,0.745348247,0.949626565,33.0024297
2.003405196,0.322518788,0.500849852,0.499150148,1.003405196,0.178331673
0.142452588,0.145234931,0,1,0,0.145234931
3.900698265,0.394749671,0.244839468,0.067296999,3.638192979,47.50944903
1.578320754,0.70343868,0.366415225,0.633584775,0.578320754,0.411338385
1.088382015,0.035586885,0.081194171,0.918806874,0.088369138,0.045607286
2.93865566,0.928040329,0.6595896,0.340165201,1.939027266,3.221279504
0.904820622,0.184915656,2.72E-06,0.999996997,2.72E-06,0.18491294
0.563696101,0.637746811,0,1,0,0.637746811
2.896366146,0.500945435,0.654738587,0.34525888,1.896370014,1.432506269
2.412479335,0.792462178,0.585488677,0.414511323,1.412479335,0.595285486
1.38897896,0.683078916,0.28004669,0.71995331,0.38897896,0.403032226
3.132190505,0.962655938,0.777613708,0.458348325,1.696556233,20.36925118
2.831702979,0.704451919,0.646855618,0.353144383,1.831702977,0.643090942
2.848977378,0.615533508,0.64899686,0.351003135,1.848977386,0.376576271
3.690927532,0.876603587,0.469070342,0.149411051,3.139462172,33.76964792
2.100077075,0.268271398,0.523827001,0.476173,1.100077075,0.257844794
2.79179389,0.261586906,0.641807369,0.358192632,1.79179389,0.898480672
0.730753116,0.274544906,0,1,0,0.274544906
3.436711887,0.49919924,0.443841939,0.1523612,2.91309034,40.42481537
0.826111306,0.689353122,5.00E-10,0.999999999,5.00E-10,0.689353122
2.521446951,0.150036831,0.603402324,0.396597676,1.521446951,0.542908369
1.183588895,0.125839865,0.155112046,0.844887954,0.183588895,0.029272181
0.90953128,0.180728977,4.39E-06,0.999995176,4.39E-06,0.18072459
3.26971352,0.327496861,0.488817671,0.18298048,2.671419772,31.37032379
2.823335957,0.101644826,0.645809066,0.354190934,1.823335959,1.190143837
0.066599466,0.292843331,0,1,0,0.292843331
0.710681563,0.14643722,0,1,0,0.14643722
1.489658169,0.687793657,0.328705054,0.671294946,0.489658169,0.376739559
0.295388434,0.95294049,0,1,0,0.95294049
3.25954859,0.223653537,0.814684073,0.507893126,1.604046269,32.11327861
0.047288699,0.694415785,0,1,0,0.694415785
3.929479446,0.982757841,0.90657515,0.361116088,2.5104812,41.07367567
2.285893101,0.233464854,0.562534224,0.437465776,1.285893101,0.336447493
3.501349273,0.171053767,0.826667579,0.617899454,1.337867471,40.91549741
2.869907705,0.65962662,0.651556746,0.34844327,1.869907681,0.117430002
1.136790219,0.087668531,0.120330202,0.879669801,0.136790194,0.032661671
0.329088301,0.001762361,0,1,0,0.001762361
0.944436229,0.697121705,0.00014487,0.999846583,0.000144893,0.696976834
1.353464835,0.165344436,0.261155536,0.738844464,0.353464835,0.095811101
3.951930336,0.31604982,0.691579794,0.773864981,0.893669841,45.03090545
1.015775711,0.255668874,0.019016876,0.980914202,0.019386891,0.236651998
3.311682516,0.284129555,0.826005991,0.524044678,1.576212917,33.44513162
0.165182245,0.018229505,0,1,0,0.018229505
2.562352044,0.23893744,0.609733564,0.390266436,1.562352044,0.504390166
2.835116137,0.677370828,0.647280764,0.352719237,1.835116135,0.346255081
0.755474899,0.563495631,0,1,0,0.563495631
0.197519233,0.910232189,0,1,0,0.910232189
1.182991043,0.486702892,0.154685062,0.845314938,0.182991043,0.33201783
2.318712186,0.201566315,0.568726121,0.43127388,1.318712186,0.387367715
0.483636085,0.502806974,0,1,0,0.502806974
0.336821517,0.434369641,0,1,0,0.434369641
2.551899813,0.021637416,0.608135086,0.391864914,1.551899813,0.718918587
0.074456043,0.251010177,0,1,0,0.251010177
3.082438813,0.301079048,0.756311739,0.431893294,1.751154161,17.12853385
0.919709565,0.865230943,1.13E-05,0.999987725,1.13E-05,0.865219654
2.949560688,0.051107596,0.660836096,0.338896309,1.949965458,1.398092203
1.561387452,0.871431767,0.359543976,0.640456025,0.561387452,0.881104906
2.06869213,0.725631277,0.516602792,0.483397208,1.06869213,0.4197407
3.685069557,0.591924979,0.550876653,0.182964998,3.010830813,34.77406366
2.449568059,0.060940752,0.591764762,0.408235238,1.449568059,0.60785232
3.066917736,0.644634586,0.577980838,0.251920544,2.294298153,15.29740933
0.752424213,0.987935159,0,1,0,0.987935159
2.623916011,0.195741615,0.61889024,0.38110976,1.623916011,0.517703671
0.760396863,0.873209872,0,1,0,0.873209872
0.186227751,0.306374972,0,1,0,0.306374972
3.218851198,0.694821015,0.804593972,0.493924127,1.628982929,26.09551102
1.463685261,0.736951865,0.316793011,0.683206989,0.463685261,0.486262936
2.13961382,0.381148585,0.532625939,0.467374061,1.13961382,0.156686834
0.168634924,0.529193366,0,1,0,0.529193366
1.718242042,0.374840943,0.418009817,0.581990183,0.718242042,0.043168875
1.859391687,0.413399979,0.462189701,0.537810299,0.859391687,0.048789722
1.324375642,0.332095604,0.244927218,0.755072782,0.324375642,0.087168386
0.724746008,0.559497409,0,1,0,0.559497409
3.974921058,0.910303757,0.429135083,0.123118925,3.485533049,44.11735476
3.739576634,0.154877311,0.842007613,0.342396744,2.459157772,42.0369536
0.674758245,0.826119225,0,1,0,0.826119225
0.276408271,0.674846307,0,1,0,0.674846307
0.453991414,0.644901041,0,1,0,0.644901041
2.582301422,0.071197842,0.612748538,0.387251462,1.582301422,0.578117102
2.924880935,0.888601296,0.658084955,0.341871786,1.924946666,2.094436342
0.220179466,0.019444603,0,1,0,0.019444603
3.290911515,0.370433356,0.482183882,0.178316703,2.704087024,33.5860799
1.844545176,0.049698028,0.457860933,0.542139067,0.844545176,0.408162905
0.039765082,0.839216299,0,1,0,0.839216299
3.24158141,0.926629932,0.498107659,0.189616255,2.626924882,31.51764002
2.048457189,0.146241705,0.511827728,0.488172272,1.048457189,0.365590527
0.352566613,0.78665815,0,1,0,0.78665815
3.328117532,0.743957535,0.82926911,0.528798952,1.568212468,34.92827806
3.894620796,0.546059309,0.135874954,0.036198159,3.753642694,48.24708911
1.122208558,0.245486256,0.108900159,0.891099825,0.122208708,0.136586098
0.79566814,0.677531365,0,1,0,0.677531365
1.871581048,0.760926859,0.465692388,0.534307612,0.871581048,0.545673775
0.922848865,0.834789055,1.65E-05,0.999982169,1.65E-05,0.8347726
1.314207887,0.994278596,0.239085376,0.760914624,0.314207887,1.218411785
3.418365692,0.587509104,0.447395282,0.154862168,2.888990169,39.53440842
3.244477979,0.260547375,0.811092646,0.502876654,1.612905749,30.82213044
2.286033813,0.725381815,0.562561151,0.437438849,1.286033813,0.389603878
3.594589097,0.385571665,0.412091519,0.132089925,3.119780092,42.42387036
3.556406138,0.398749637,0.37283702,0.118995187,3.133210924,41.2264483
3.700564316,0.716960778,0.861735472,0.369102951,2.334675105,29.2360366
1.468275957,0.036119991,0.318929119,0.681070882,0.468275957,0.282809128
2.836132856,0.056447191,0.647407208,0.352592791,1.836132856,0.701476825
0.787333595,0.853227383,0,1,0,0.853227383
0.013875074,0.327633014,0,1,0,0.327633014
3.43845634,0.919686345,0.441121281,0.151131112,2.918798608,40.06195082
3.055256401,0.480428456,0.586184231,0.258879483,2.264313205,15.97397891
3.479406461,0.088977041,0.395487493,0.130764598,3.024423275,38.35212122
3.352622872,0.487236221,0.464373516,0.166099586,2.7957536,36.94408909
2.310366886,0.069832494,0.567168312,0.432831688,1.310366886,0.525484233
0.236160684,0.583213088,0,1,0,0.583213088
0.189298401,0.817540383,0,1,0,0.817540383
0.164989848,0.216056025,0,1,0,0.216056025
0.815862713,0.573165341,2.00E-10,1,2.00E-10,0.573165341
0.380224812,0.618430599,0,1,0,0.618430599
0.480177376,0.286022926,0,1,0,0.286022926
1.205068414,0.105364211,0.170171595,0.829828405,0.205068414,0.064807384
3.399541499,0.979765174,0.842078512,0.547921247,1.536860482,39.08043945
3.717663053,0.999146246,0.244030267,0.070629263,3.45508725,35.88180227
2.648484174,0.846877768,0.622425533,0.377574467,1.648484174,0.867991899
2.978696259,0.705637242,0.668020435,0.339581943,1.967184795,2.954460984
3.439364831,0.088284583,0.444158963,0.152350496,2.915375894,38.70540001
3.586967366,0.872738118,0.871955734,0.416873317,2.091656383,41.91591068
2.663971525,0.88400336,0.624620612,0.375379388,1.663971525,1.208295923
0.729719535,0.563891445,0,1,0,0.563891445
0.434470472,0.917069924,0,1,0,0.917069924
0.732057679,0.948832128,0,1,0,0.948832128
1.139171546,0.006711822,0.122168067,0.877832097,0.139170199,0.115456245
0.781361538,0.824894892,0,1,0,0.824894892
3.572115562,0.866849794,0.892834342,0.507379923,1.759695843,41.86689296
1.569088026,0.881413337,0.362687126,0.637312874,0.569088026,0.91608617
3.266378286,0.489853215,0.489888844,0.183739368,2.666216004,32.63720169
0.793427063,0.330070061,0,1,0,0.330070061
0.05489215,0.048310416,0,1,0,0.048310416
1.154372951,0.044324183,0.133728819,0.866271184,0.154372928,0.089404636
2.112682714,0.33602051,0.526668158,0.473331842,1.112682714,0.190705853
3.861974788,0.424456302,0.910609244,0.380788006,2.391381109,43.79610848
1.649956747,0.659695241,0.393923506,0.606076494,0.649956747,0.312796648
0.085034067,0.261870524,0,1,0,0.261870524
3.385751283,0.927499872,0.455593955,0.160238532,2.843223467,38.44006302
3.418818819,0.267187643,0.845206721,0.552708137,1.52920984,38.72562571
2.454066467,0.483961927,0.592513074,0.407486926,1.454066467,0.186110281
3.061862093,0.106591411,0.581441844,0.254843145,2.281567528,15.46343134
2.501785357,0.19299557,0.600285453,0.399714547,1.501785357,0.417745494
2.256862365,0.815531473,0.556906963,0.443093037,1.256862365,0.713133047
3.169271641,0.096148799,0.525229298,0.209699387,2.504677322,25.63728661
2.068814774,0.01177246,0.516631449,0.483368551,1.068814774,0.505714786
1.88307935,0.343658487,0.468954933,0.531045067,0.88307935,0.125296446
2.71096992,0.536072404,0.631128331,0.368871669,1.71096992,0.409284709
0.012692533,0.805329783,0,1,0,0.805329783
0.928961262,0.626153539,3.45E-05,0.999962892,3.45E-05,0.626119069
3.996250068,0.919849268,0.158255242,0.041307222,3.831176078,41.06904957
2.67466525,0.06660692,0.626121437,0.373878563,1.67466525,0.56818203
3.745830502,0.215991321,0.602644206,0.201476974,2.991131907,35.1280637
2.399869683,0.263357113,0.583310708,0.416689292,1.399869683,0.367262158
3.070210982,0.456258749,0.575796438,0.250085924,2.302394433,17.71518179
1.223692631,0.124620358,0.182801322,0.817198678,0.223692631,0.058180965
2.652947981,0.679747929,0.623060834,0.376939166,1.652947981,0.292902936
0.448185443,0.673033405,0,1,0,0.673033405
0.11278733,0.534574015,0,1,0,0.534574015
3.435747496,0.810738298,0.847606723,0.557425823,1.520573119,40.254083
1.665505887,0.086072967,0.399581828,0.600418172,0.665505887,0.313508861
3.349350716,0.244592513,0.83329732,0.534731991,1.558345741,36.35819488
3.078316303,0.558016679,0.57063055,0.245777643,2.321734979,18.44785749
2.58569764,0.97677046,0.613257179,0.386742821,1.58569764,1.593643042
0.633079892,0.99104569,0,1,0,0.99104569
2.375732189,0.14506059,0.579077135,0.420922865,1.375732189,0.482723275
3.544879052,0.489387639,0.530758518,0.183338388,2.89496664,40.9005415
1.408059137,0.696248965,0.289802556,0.710197444,0.408059137,0.406446409
3.179817887,0.151093302,0.793562746,0.479079328,1.656432872,27.10819175
2.3936191,0.813748041,0.582222585,0.417777415,1.3936191,0.701909872
2.023560085,0.75091496,0.505821444,0.494178556,1.023560085,0.499804139
3.931040423,0.458148877,0.087142818,0.022682366,3.841875125,42.8880912
2.271985503,0.402192989,0.559856347,0.440143654,1.271985503,0.166729663
1.352371726,0.945946912,0.260558336,0.739441664,0.352371726,1.068208058
0.926783286,0.564426441,2.82E-05,0.999969581,2.82E-05,0.56439825
3.414487243,0.337257473,0.448357123,0.155486191,2.883581628,38.99684236
0.424573998,0.033293184,0,1,0,0.033293184
0.299318473,0.28908041,0,1,0,0.28908041
1.219529789,0.000787277,0.180011827,0.819988173,0.219529785,0.179224551
2.835531439,0.370329649,0.647332423,0.352667576,1.83553144,0.448955109
1.251276358,0.415736762,0.200816036,0.799183964,0.251276358,0.214920727
2.399689901,0.491510637,0.58327949,0.41672051,1.399689901,0.148443398
0.975397106,0.492205978,0.001969106,0.997977135,0.001973097,0.490236872
3.168320509,0.889401545,0.525624946,0.210000312,2.502972213,22.49245436
0.256651797,0.939598208,0,1,0,0.939598208
0.367153316,0.425674414,0,1,0,0.425674414
0.382543789,0.163206642,0,1,0,0.163206642
1.15578714,0.063045376,0.134788773,0.865211228,0.155787129,0.071743398
1.495799978,0.039744678,0.331461415,0.668538585,0.495799978,0.291716738
2.132128214,0.757345717,0.530985054,0.469014947,1.132128214,0.509088569
2.06395882,0.681472747,0.515494209,0.484505791,1.06395882,0.301510481
0.051982421,0.193832333,0,1,0,0.193832333
1.646070207,0.761628662,0.392492498,0.607507502,0.646070207,0.556431609
0.852032525,0.702651156,1.01E-08,0.999999988,1.01E-08,0.702651146
0.812550589,0.901178067,1.00E-10,1,1.00E-10,0.901178067
1.681039628,0.183478928,0.405130026,0.594869974,0.681039628,0.221651098
2.67012579,0.714673822,0.625485809,0.374514191,1.67012579,0.485919916
1.137776906,0.408310945,0.121093101,0.878906895,0.137776939,0.287217844
1.923346333,0.24359482,0.480072838,0.519927162,0.923346333,0.236478018
3.70548493,0.558146729,0.701984918,0.253920374,2.764586809,29.99181479
3.003549648,0.812125233,0.692998745,0.361171264,1.918753825,8.246055296
2.246817991,0.509449049,0.55492612,0.44507388,1.246817991,0.063185146
3.548887628,0.776403837,0.886982986,0.49179496,1.80356258,40.41189393
0.521682396,0.744154597,0,1,0,0.744154597
3.985803557,0.299090191,0.152580661,0.039870702,3.826886772,39.99522658
0.918755032,0.336789895,1.26E-05,0.999986319,1.26E-05,0.336777326
3.821815064,0.896998326,0.929796165,0.418064295,2.224050643,43.61437709
2.621887007,0.606754059,0.61859531,0.38140469,1.621887007,0.049321997
1.069205088,0.784683897,0.064757431,0.935240212,0.069241495,0.719926467
0.217637993,0.092046937,0,1,0,0.092046937
3.25454107,0.000190483,0.813508326,0.506245343,1.606944811,30.21459163
2.588489619,0.056059325,0.613674325,0.386325675,1.588489619,0.695165728
2.74058565,0.215697555,0.635114487,0.364885513,1.74058565,0.795539796
0.296433849,0.126254599,0,1,0,0.126254599
0.418019557,0.596814971,0,1,0,0.596814971
3.117432353,0.361013317,0.548861388,0.22808458,2.406394105,21.3854861
0.259173018,0.004459344,0,1,0,0.004459344
1.727382658,0.032963941,0.421089476,0.578910524,0.727382658,0.388125535
0.223471362,0.21919135,0,1,0,0.21919135
2.576119305,0.257368374,0.61181922,0.38818078,1.576119305,0.513857346
3.487218108,0.675226433,0.492518252,0.170205045,2.893675994,39.98425066
0.524049353,0.768016029,0,1,0,0.768016029
1.402910712,0.500733243,0.287196262,0.712803738,0.402910712,0.213536981
2.01755922,0.811453318,0.5043516,0.495648401,1.01755922,0.698445279
0.152435249,0.013799506,0,1,0,0.013799506
2.882617982,0.404893466,0.653092948,0.346906678,1.882618554,0.966608736
3.948340056,0.095623166,0.911498639,0.638361252,1.427872753,44.80111591
2.620059252,0.253034988,0.618329242,0.381670758,1.620059252,0.569052631
2.404006128,0.452134082,0.584027683,0.415972317,1.404006128,0.171259282
0.378028148,0.608492055,0,1,0,0.608492055
3.743497911,0.335127673,0.65456314,0.774128898,0.845547998,42.58594188
0.404213528,0.911705499,0,1,0,0.911705499
0.621043556,0.040273164,0,1,0,0.040273164
2.55353775,0.641506751,0.608386444,0.391613557,1.55353775,0.123625665
1.801578787,0.815698355,0.444931297,0.555068703,0.801578787,0.718950585
1.405692403,0.449242891,0.288606812,0.711393188,0.405692403,0.160636079
0.816925103,0.024251967,0,1,0,0.024251967
2.421200936,0.559419198,0.586981822,0.413018178,1.421200936,0.061985353
2.048567378,0.337590043,0.511853986,0.488146014,1.048567378,0.174554587
1.639971383,0.886218094,0.390233262,0.609766738,0.639971383,0.945716412
1.717448969,0.488214568,0.417741069,0.582258931,0.717448969,0.070473499
1.138464032,0.393953241,0.121623569,0.878376428,0.138464063,0.272329673
0.341432357,0.827192565,0,1,0,0.827192565
1.381761794,0.699744124,0.276286257,0.723713743,0.381761794,0.423457867
1.440358543,0.893354187,0.305728421,0.694271579,0.440358543,0.924629536
1.88771952,0.975538793,0.470260285,0.529739715,0.88771952,1.35570632
2.151615376,0.7984828,0.535232918,0.464767082,1.151615376,0.646759242
3.227475828,0.338187035,0.502999741,0.193160085,2.604056322,29.17034073
0.858056822,0.123558025,1.44E-08,0.999999983,1.44E-08,0.123558011
2.808440197,0.060798067,0.643930463,0.356069537,1.808440197,0.759238961
3.215372419,0.015157096,0.803670068,0.492664104,1.631273848,28.97070198
1.984473904,0.34248801,0.496088108,0.503911892,0.984473904,0.153600098
3.599402096,0.441429457,0.541382719,0.184419692,2.93560147,42.31974087
1.883694981,0.614338489,0.469128489,0.530871511,0.883694981,0.190871669
0.215086897,0.795598702,0,1,0,0.795598702
0.767071101,0.164631475,0,1,0,0.164631475
1.262565526,0.945781636,0.2079619,0.7920381,0.262565526,1.024258015
3.189382473,0.761646529,0.796409664,0.482869345,1.649327449,27.60175955
3.399134223,0.34993432,0.452181532,0.157988951,2.862108572,38.52574103
0.89280937,0.567284007,9.07E-07,0.999998985,9.07E-07,0.567283101
2.238384881,0.602522495,0.553249306,0.446750695,1.238384881,0.092719376
0.848260631,0.410434871,6.90E-09,0.999999992,6.90E-09,0.410434864
0.349849602,0.053159829,0,1,0,0.053159829
1.697560835,0.415950956,0.410919491,0.589080509,0.697560835,0.005031464
3.730867801,0.940198022,0.736058257,0.7295893,1.008866573,37.11678767
0.677035453,0.534542647,0,1,0,0.534542647
1.217326043,0.205156138,0.178527392,0.821472608,0.217326043,0.026628746
2.825155326,0.974249079,0.646037161,0.35396284,1.825155324,2.016820413
0.858728935,0.358426904,2.21E-08,0.999999974,2.21E-08,0.358426882
0.660076499,0.247269935,0,1,0,0.247269935
3.797658895,0.140802048,0.5733576,0.185320151,3.093876176,38.62227875
0.224400315,0.400383679,0,1,0,0.400383679
1.877946525,0.936981177,0.467503474,0.532496526,0.877946525,1.182708741
0.086867081,0.74738398,0,1,0,0.74738398
3.258750782,0.669936106,0.492368166,0.18550211,2.654245635,30.48195972
0.393989174,0.149584709,0,1,0,0.149584709
3.86155175,0.193358344,0.453028511,0.864255767,0.524183383,46.7763157
1.825716785,0.850638724,0.45226992,0.54773008,0.825716785,0.838984936
3.452956063,0.2696136,0.856017919,0.545730513,1.56857258,39.77319193
1.076794429,0.517382948,0.071334741,0.928663836,0.076814385,0.446048207
0.247578143,0.497614879,0,1,0,0.497614879
0.354949995,0.877257714,0,1,0,0.877257714
1.640555641,0.997404977,0.390450421,0.609549579,0.640555641,1.379362932
2.485440532,0.412782664,0.597656839,0.402343161,1.485440532,0.20369631
2.765071103,0.227711899,0.638345647,0.361654353,1.765071103,0.877861418
2.148050199,0.749109316,0.534461531,0.465538469,1.148050199,0.480674878
3.988334022,0.701600321,0.959800391,0.403314726,2.37978018,45.20991532
2.399474748,0.015160985,0.583242124,0.416757876,1.399474748,0.603080614
2.729203472,0.958389459,0.633592728,0.366407272,1.729203472,1.732416877
1.618170296,0.815132254,0.382018072,0.617981929,0.618170296,0.709460782
3.535473058,0.502270194,0.519710403,0.179062047,2.902404016,40.87265896
2.641451304,0.483053956,0.62142024,0.37857976,1.641451304,0.363483711
2.907299291,0.153494283,0.656040146,0.34396402,1.907292941,1.102193085
3.5604224,0.84293142,0.808511774,0.651383272,1.241222808,41.20283933
2.237674812,0.304795832,0.553107541,0.446892459,1.237674812,0.261075542
1.792939275,0.343143908,0.442256626,0.557743374,0.792939275,0.099112718
2.933896935,0.082313269,0.659080969,0.340762855,1.934133838,2.541403192
1.502706487,0.695299659,0.33453405,0.66546595,0.502706487,0.393112798
3.935101996,0.986298919,0.522752655,0.157718658,3.31446299,38.94315186
1.578186314,0.496982882,0.366361252,0.633638748,0.578186314,0.13062163
1.859982488,0.912592469,0.46236053,0.537639471,0.859982488,1.07822086
0.688018973,0.313424203,0,1,0,0.313424203
2.095293226,0.755184023,0.522739831,0.477260169,1.095293226,0.505528912
0.300608825,0.746004091,0,1,0,0.746004091
3.289363317,0.664080589,0.482658566,0.178648366,2.701723936,32.5351005
1.662418673,0.660250777,0.398466814,0.601533186,0.662418673,0.312891113
3.613077069,0.279643751,0.604960305,0.212661025,2.844716396,39.78563581
2.684347083,0.364956837,0.627469933,0.372530068,1.684347083,0.285314111
1.235404803,0.032286655,0.190548719,0.809451281,0.235404803,0.158262064
2.895283734,0.168239198,0.654611531,0.345390212,1.895281072,1.317603961
3.433731651,0.863495362,0.847729033,0.555832547,1.52515184,40.33402347
1.406103267,0.952225636,0.288814682,0.711185319,0.406103267,1.113107489
0.220291969,0.198192011,0,1,0,0.198192011
3.165144895,0.434532915,0.52695474,0.211013438,2.49725679,26.1917265
3.54393991,0.342359698,0.366137704,0.117003584,3.12928624,40.96588353
0.910450019,0.59408499,5.56E-06,0.999993888,5.56E-06,0.594079426
2.236158627,0.359948266,0.552804534,0.447195466,1.236158627,0.208013338
3.152080175,0.191843689,0.784675136,0.467424322,1.678721236,25.32384988
3.596886419,0.904014489,0.82255316,0.645997348,1.273307333,42.07162823
2.021695503,0.91891246,0.50536567,0.49463433,1.021695503,1.123026766
3.254735967,0.13488547,0.813554408,0.506309824,1.606831174,31.59915844
3.429522735,0.061929023,0.444644359,0.153087856,2.904504453,39.80508791
1.35626041,0.690731777,0.26267847,0.73732153,0.35626041,0.428053307
0.437324515,0.295428518,0,1,0,0.295428518
0.105060495,0.732615881,0,1,0,0.732615881
2.688747178,0.850956886,0.628079572,0.371920428,1.688747178,0.895137041
1.9717369,0.307830075,0.492832943,0.507167057,0.9717369,0.185002868
3.436131812,0.868477271,0.848244176,0.556033945,1.525525886,40.39467241
1.093229156,0.314701966,0.08528172,0.91471797,0.093232802,0.229420246
1.45791015,0.454442705,0.314086674,0.685913326,0.45791015,0.140356031
0.407030067,0.939655865,0,1,0,0.939655865
2.223595897,0.344593302,0.550277997,0.449722003,1.223595897,0.220307282
0.268604685,0.753704425,0,1,0,0.753704425
2.465410002,0.760356624,0.594387952,0.405612048,1.465410002,0.516449402
1.889300043,0.803677948,0.470703447,0.529296553,0.889300043,0.678194993
2.753025561,0.695900031,0.636763271,0.363236729,1.753025561,0.443460402
0.408337263,0.985536885,0,1,0,0.985536885
0.033949463,0.233212332,0,1,0,0.233212332
2.874732594,0.134000668,0.652141533,0.347858412,1.874732678,0.695270686
2.468915106,0.93242476,0.594963797,0.405036203,1.468915106,1.286827617
3.106466736,0.028978419,0.767379751,0.445470623,1.722627065,21.03434649
3.910849665,0.31566845,0.906664964,0.634784109,1.428304444,48.21683915
3.523939616,0.022234559,0.880285972,0.485916739,1.811598371,39.9947524
1.360246399,0.987270338,0.264839076,0.735160924,0.360246399,1.217919302
3.833838881,0.052314452,0.496357102,0.847178071,0.585894654,47.43874145
3.699054675,0.151921915,0.742632959,0.278105665,2.670326615,30.78560418
0.508365717,0.583136222,0,1,0,0.583136222
0.684415719,0.340075103,0,1,0,0.340075103
3.115097604,0.194323512,0.770972816,0.449955587,1.713442033,22.30488488
3.464921985,0.723138815,0.863775898,0.526616044,1.640238476,38.86088357
0.911906288,0.114387544,4.79E-06,0.999994746,4.79E-06,0.114382753
2.354456002,0.212869101,0.575273439,0.424726561,1.354456002,0.375435563
0.018447454,0.414432061,0,1,0,0.414432061
2.936404512,0.991433897,0.659340056,0.340437873,1.936741206,3.548864603
3.345760566,0.656774198,0.466255378,0.167369675,2.785781709,35.66995935
1.247912918,0.128027811,0.198662034,0.801337966,0.247912918,0.070634223
1.308003401,0.504421638,0.235475994,0.764524006,0.308003401,0.268945644
2.441388387,0.515418274,0.590397003,0.409602997,1.441388387,0.146938137
3.158111405,0.808865275,0.786695035,0.470050094,1.673640842,25.80007766
1.688471177,0.530966064,0.407748256,0.592251744,0.688471177,0.123217808
2.301574689,0.699596917,0.56551486,0.43448514,1.301574689,0.324758711
1.089744448,0.936898157,0.082351537,0.917648673,0.089741902,0.89039831
2.000924427,0.118508821,0.500231,0.499769,1.000924427,0.3817223
3.293707207,0.603589076,0.481330481,0.177721223,2.708345534,33.72797164
0.599612892,0.717564651,0,1,0,0.717564651
2.604115202,0.462953357,0.615992411,0.384007589,1.604115202,0.320160222
2.708041227,0.795794772,0.630729403,0.369270597,1.708041227,0.809177697
3.904406467,0.820544536,0.736504346,0.25227866,2.919408037,47.92378011
0.77911158,0.810715969,0,1,0,0.810715969
2.082356846,0.254327543,0.519774912,0.480225088,1.082356846,0.2671987
0.329337004,0.633913619,0,1,0,0.633913619
3.075830048,0.770824092,0.752930261,0.427814769,1.759944527,18.30201376
1.709253178,0.887784724,0.414949165,0.585050836,0.709253178,0.962172004
3.58797256,0.302086444,0.581324275,0.203386224,2.85822837,41.19560539
3.625408958,0.551369744,0.633251882,0.225537742,2.80774241,39.18969988
3.825063501,0.265193708,0.529285801,0.834106158,0.634554482,41.9294216
1.260199324,0.158755692,0.206474737,0.793525263,0.260199324,0.047719045
0.689738087,0.434705825,0,1,0,0.434705825
3.53725554,0.276570542,0.820791054,0.634008302,1.294606162,39.32173228
1.298698059,0.919189022,0.229998079,0.770001921,0.298698059,0.956251053
3.854304058,0.396911721,0.962502334,0.516690316,1.862822477,52.84803995
1.347594405,0.930146335,0.257936961,0.742063039,0.347594405,1.012965746
2.045122697,0.38679284,0.511031782,0.488968218,1.045122697,0.124258316
3.959114677,0.761483892,0.052592649,0.013465255,3.905804188,44.56210649
2.167402405,0.692263889,0.538618211,0.461381789,1.167402405,0.307558788
3.919730439,0.230594858,0.47986423,0.142820441,3.359912808,46.06246078
3.227048415,0.912765544,0.503150623,0.193269929,2.603356995,30.23153594
3.260063241,0.782714844,0.814803949,0.508061434,1.603750837,32.07128009
0.123103671,0.570007304,0,1,0,0.570007304
2.453818485,0.968623871,0.592471894,0.407528106,1.453818485,1.463297204
1.036785412,0.408566084,0.03618337,0.963789203,0.037542826,0.372382714
0.432755502,0.974077714,0,1,0,0.974077714
1.663567419,0.983211522,0.398882192,0.601117808,0.663567419,1.327173948
1.912519087,0.377706161,0.477129401,0.522870599,0.912519087,0.09942324
2.687610775,0.912144778,0.627922313,0.372077687,1.687610775,1.367756696
3.844779361,0.333992137,0.15383027,0.041753525,3.684246268,54.1058572
0.762932151,0.522949262,0,1,0,0.522949262
0.865926492,0.238782862,4.51E-08,0.999999948,4.51E-08,0.238782817
2.898513396,0.187315081,0.654997073,0.345006131,1.898508505,1.6154608
0.96583679,0.460089486,0.000939779,0.999026031,0.000940695,0.459149707
2.124063121,0.951285031,0.529204198,0.470795802,1.124063121,1.283807751
2.368681224,0.657993585,0.577824154,0.422175846,1.368681224,0.207878888
2.250863108,0.447921639,0.555725981,0.444274019,1.250863108,0.110171766
2.183186338,0.526146116,0.541953894,0.458046106,1.183186338,0.0215909
2.601178793,0.438820462,0.615558914,0.384441086,1.601178793,0.307436042
0.062697935,0.771611722,0,1,0,0.771611722
1.216040809,0.101626118,0.177659177,0.822340824,0.216040809,0.076033059
3.088429922,0.383832981,0.564550343,0.240761225,2.344855752,19.06913416
2.860323335,0.051154043,0.650389178,0.349610828,1.860323325,0.681058973
1.832412062,0.263425458,0.45427122,0.54572878,0.832412062,0.190845762
0.484047638,0.162694057,0,1,0,0.162694057
0.905697897,0.019562492,8.08E-07,0.999999108,8.08E-07,0.019561684
1.317303973,0.741416195,0.240873769,0.759126231,0.317303973,0.500542427
1.093934954,0.184666936,0.085871067,0.914128705,0.093937612,0.098795869
1.510518901,0.082376113,0.337975844,0.662024156,0.510518901,0.255599732
2.563510114,0.391377776,0.609909868,0.390090133,1.563510114,0.221841949
1.867320547,0.020763238,0.464473305,0.535526695,0.867320547,0.443710068
0.323373963,0.361091509,0,1,0,0.361091509
2.98333649,0.716151245,0.671049215,0.34167268,1.964011918,3.873220233
0.685066502,0.626764703,0,1,0,0.626764703
2.556242192,0.186569034,0.608800761,0.391199239,1.556242192,0.426817671
1.540344408,0.44209835,0.35079454,0.64920546,0.540344408,0.09130381
2.641089035,0.266451895,0.621368312,0.378631688,1.641089035,0.579969011
2.507707801,0.646630925,0.601229458,0.398770542,1.507707801,0.153119708
2.571696604,0.880875682,0.611151643,0.388848357,1.571696604,1.108034637
2.513830807,0.874826519,0.602200754,0.397799246,1.513830807,1.039614714
2.211403339,0.556603954,0.547798458,0.452201542,1.211403339,0.0139392
2.025461991,0.318868384,0.506285477,0.493714523,1.025461991,0.18757761
0.155078605,0.470189686,0,1,0,0.470189686
2.379421124,0.611902075,0.579729713,0.420270288,1.379421124,0.077969189
0.689783765,0.155630133,0,1,0,0.155630133
1.366020059,0.95600309,0.267946328,0.732053672,0.366020059,1.109036582
0.502867593,0.966606758,0,1,0,0.966606758
3.029645086,0.034328708,0.722084165,0.392016312,1.841974794,11.77489353
2.718913244,0.339676085,0.632205992,0.367794008,1.718913244,0.39974534
0.808598314,0.335562985,1.00E-10,1,1.00E-10,0.335562985
2.008170554,0.406754952,0.502034328,0.497965672,1.008170554,0.095286212
3.82830508,0.187852239,0.586273704,0.811220428,0.722705795,45.15484336
2.528495542,0.271871602,0.604507905,0.395492095,1.528495542,0.455552254
3.107727309,0.63857615,0.553862904,0.23208435,2.386472436,20.18606789
3.065530844,0.460576234,0.578916731,0.252708956,2.290843746,17.18745613
1.327695299,0.033850144,0.246815138,0.753184862,0.327695299,0.212964994
3.94445519,0.66481725,0.0750605,0.019405962,3.867909243,45.18974965
0.18763934,0.599124863,0,1,0,0.599124863
2.294922773,0.932249254,0.56425549,0.43574451,1.294922773,1.22672107
3.653764336,0.699214773,0.3127869,0.094545629,3.30831689,37.54544945
3.992607099,0.213574518,0.277158672,0.924949446,0.299647373,41.9633396
3.796443238,0.879956268,0.689337503,0.761582572,0.905138232,43.65773194
2.187631933,0.2739139,0.542884713,0.457115288,1.187631933,0.271229447
3.487501183,0.99778104,0.39006407,0.128309659,3.040021095,36.4204737
1.663401052,0.642763449,0.398822071,0.60117793,0.663401052,0.277689885
3.076652919,0.672917523,0.571674664,0.24664369,2.317815891,10.63782562
2.43044161,0.67831878,0.58855214,0.41144786,1.43044161,0.267242094
1.351586433,0.03210362,0.260128709,0.739871291,0.351586433,0.228025088
3.441974952,0.609963337,0.438805677,0.149980855,2.925744608,40.29773964
1.731649827,0.446473249,0.42251604,0.57748396,0.731649827,0.023957209
3.011370738,0.562621505,0.628960958,0.297174987,2.116466678,9.057248676
1.733791153,0.815449932,0.423229264,0.576770737,0.733791153,0.716838085
2.872469611,0.688251334,0.651867553,0.34813254,1.872469469,0.547483027
3.177364655,0.824884358,0.792815819,0.478089588,1.658299695,27.2177747
3.392160179,0.127952464,0.840846807,0.546049407,1.539873124,38.35609376
3.627053583,0.19141824,0.807835851,0.66515116,1.214514685,38.73024143
1.167505246,0.396497015,0.1434728,0.8565272,0.167505247,0.253024215
0.828251427,0.280255294,6.00E-10,0.999999999,6.00E-10,0.280255294
3.731689444,0.672809501,0.920950593,0.556640411,1.654480298,34.08103254
3.300598007,0.054979569,0.479247372,0.176271972,2.718795087,34.1745987
0.599607831,0.61434797,0,1,0,0.61434797
0.362953724,0.080385894,0,1,0,0.080385894
1.800833457,0.805479486,0.444701565,0.555298435,0.800833457,0.685863655
1.166190874,0.740868629,0.142507439,0.857492561,0.166190875,0.59836119
3.724225575,0.794433359,0.693439974,0.752592374,0.921401808,33.94364626
0.77337143,0.645803273,0,1,0,0.645803273
3.243509735,0.816340312,0.81085637,0.50254837,1.613489206,31.36481195
2.595020637,0.662860577,0.61464661,0.38535339,1.595020637,0.206928509
3.80238935,0.545694404,0.659941503,0.223521586,2.952473253,40.82005806
2.489027229,0.405678113,0.598236617,0.401763383,1.489027229,0.199929931
1.986548548,0.580291672,0.496614366,0.503385634,0.986548548,0.109245338
2.430856636,0.549529622,0.588622387,0.411377613,1.430856636,0.086429546
0.088486004,0.685974064,0,1,0,0.685974064
2.908919825,0.812551135,0.6562345,0.343775407,1.908904728,1.881341497
3.607171536,0.280650754,0.322330266,0.099198522,3.249345451,40.20967659
1.74776711,0.13214705,0.42784139,0.57215861,0.74776711,0.29569434
0.782643466,0.951158075,0,1,0,0.951158075
0.371968781,0.499180425,0,1,0,0.499180425
2.16882044,0.597839186,0.538919875,0.461080125,1.16882044,0.099402657
3.12129339,0.532215363,0.54693152,0.226551512,2.414159653,22.70436396
0.650357848,0.84852195,0,1,0,0.84852195
2.673284111,0.259244411,0.625928275,0.374071726,1.673284111,0.638014981
3.105039988,0.816933074,0.766768407,0.444711363,1.724193422,21.44459779
0.380410997,0.724584203,0,1,0,0.724584203
2.41474825,0.284566997,0.585878155,0.414121845,1.41474825,0.363691559
0.910722396,0.187601978,5.01E-06,0.999994501,5.01E-06,0.18759697
3.955737703,0.629678618,0.638884016,0.797475739,0.801132856,41.24989035
2.187335288,0.880799597,0.542822719,0.457177281,1.187335288,0.972323764
0.402151658,0.065877042,0,1,0,0.065877042
0.449499768,0.650965053,0,1,0,0.650965053
1.414366212,0.780230717,0.292969535,0.707030465,0.414366212,0.588155394
1.026294671,0.38155236,0.027259427,0.972693333,0.028024687,0.354292933
2.894104878,0.480455584,0.654469097,0.345528947,1.894107867,1.40817296
1.301862672,0.554842595,0.231869826,0.768130174,0.301862672,0.322972769
0.034670894,0.328855722,0,1,0,0.328855722
3.290007117,0.301026795,0.821489718,0.517539007,1.587300099,30.03246667
1.856536809,0.546057424,0.461362686,0.538637314,0.856536809,0.087028198
1.230111771,0.747487944,0.187065742,0.812934258,0.230111771,0.560422202
2.384594916,0.143911891,0.580641562,0.419358438,1.384594916,0.488470658
0.66642691,0.100663944,0,1,0,0.100663944
2.348876592,0.296786751,0.574264564,0.425735436,1.348876592,0.317597751
1.735707,0.360338602,0.423865894,0.576134106,0.735707,0.063527292
3.394025736,0.354635621,0.453475428,0.158840062,2.854918478,38.3628121
2.858544237,0.682557272,0.650171593,0.349828424,1.858544211,0.438113918
3.339142589,0.412340524,0.468092065,0.168613988,2.776116439,36.25606211
1.341228471,0.419644596,0.254414873,0.745585127,0.341228471,0.165229724
2.903646461,0.342012586,0.655605551,0.34439465,1.903646155,0.354110459
3.617377415,0.62146855,0.539989698,0.182630454,2.956734134,42.46291363
0.314806931,0.499425373,0,1,0,0.499425373
2.422600232,0.677387021,0.587220381,0.412779619,1.422600232,0.264166991
2.65739556,0.633605291,0.623691702,0.376308298,1.65739556,0.048969254
3.757777879,0.092780985,0.747558082,0.725972989,1.029732639,39.65193321
3.247791056,0.452949654,0.496005635,0.188104054,2.636868391,31.58753033
2.384510597,0.875032305,0.580626733,0.419373267,1.384510597,0.972796765
3.472967532,0.76190565,0.867026699,0.518705558,1.67151997,40.27176435
1.039809918,0.098499013,0.038676919,0.961306683,0.040233694,0.059822094
0.774011468,0.964327763,0,1,0,0.964327763
0.860137694,0.017034343,4.30E-09,0.999999995,4.30E-09,0.017034339
2.245454241,0.404438702,0.55465581,0.44534419,1.245454241,0.158109797
3.321511063,0.97447803,0.827973302,0.526905511,1.57138858,35.31625297
1.271233324,0.799140927,0.213362346,0.786637654,0.271233324,0.604399988
0.435715888,0.785066806,0,1,0,0.785066806
3.914162464,0.568527728,0.613540238,0.194629392,3.152351403,45.46101329
1.955756307,0.036075365,0.488688853,0.511311147,0.955756307,0.452613488
3.272318136,0.930996794,0.4879865,0.182392741,2.675471062,33.26921202
0.190448483,0.663761729,0,1,0,0.663761729
2.991259551,0.463733182,0.652339588,0.321343646,2.0300373,6.003828687
0.745064963,0.218030847,0,1,0,0.218030847
0.823559595,0.508743873,4.00E-10,1,4.00E-10,0.508743873
0.340640161,0.804752767,0,1,0,0.804752767
2.155217879,0.420853787,0.536009788,0.463990212,1.155217879,0.118515279
1.087364608,0.073465707,0.080344462,0.919655616,0.08736364,0.006878755
1.729724168,0.057166059,0.421873141,0.578126859,0.729724168,0.364707082
0.157496127,0.366829547,0,1,0,0.366829547
3.552600862,0.974915737,0.502448439,0.17050213,2.946874848,36.68986383
1.342748522,0.778066767,0.255258909,0.744741092,0.342748522,0.569597073
3.984134937,0.953966006,0.107890814,0.972143929,0.110982346,42.09092233
0.579073153,0.493487214,0,1,0,0.493487214
0.901117905,0.2374846,1.97E-06,0.999997811,1.97E-06,0.237482627
0.163407139,0.16263537,0,1,0,0.16263537
1.540501529,0.282535492,0.350860755,0.649139246,0.540501529,0.068325262
1.047631005,0.945015747,0.045524734,0.954472296,0.047696234,0.899491013
2.784573606,0.378127922,0.64087859,0.35912141,1.784573606,0.394562777
3.999641009,0.007527139,0.530991456,0.842403594,0.630329048,40.433682
3.610515341,0.219265931,0.875659594,0.413572934,2.117303918,41.88599285
0.524033951,0.968420289,0,1,0,0.968420289
3.178917468,0.734331553,0.793289414,0.478716919,1.657115892,26.40290759
1.115804503,0.869299731,0.103785751,0.896214237,0.115804622,0.765513981
1.423277183,0.811256373,0.29739617,0.70260383,0.423277183,0.672789646
3.293322972,0.446974111,0.481447485,0.177802805,2.707760909,34.06462253
3.980488887,0.584540013,0.501272704,0.852232244,0.588187912,47.00395687
2.271700133,0.435499844,0.559801056,0.440198944,1.271700133,0.125281001
2.005689905,0.692053718,0.501418441,0.498581559,1.005689905,0.338587231
1.524984119,0.151556727,0.344255466,0.655744534,0.524984119,0.192698739
2.482066025,0.258846327,0.597109831,0.402890169,1.482066025,0.426727326
1.153939512,0.196252964,0.133403452,0.866596548,0.153939515,0.062849512
3.82809953,0.484064525,0.524649929,0.836076893,0.627513969,50.73843531
2.645376384,0.258652081,0.621981958,0.378018042,1.645376384,0.597296379
1.900997128,0.231607347,0.473960278,0.526039722,0.900997128,0.242352931
2.236587975,0.777654917,0.55289038,0.44710962,1.236587975,0.568154167
0.860773498,0.736338712,2.61E-08,0.99999997,2.61E-08,0.736338686
0.640832744,0.88805984,0,1,0,0.88805984
1.361976599,0.225038606,0.265772995,0.734227006,0.361976599,0.040734388
1.17525096,0.026270562,0.1491179,0.850882101,0.175250954,0.122847337
2.297237068,0.337875698,0.56469447,0.43530553,1.297237068,0.253411641
0.464576299,0.530264626,0,1,0,0.530264626
1.194011802,0.688348404,0.16248734,0.83751266,0.194011802,0.525861064
2.722934168,0.753952108,0.632749109,0.367250891,1.722934168,0.741228374
3.208434294,0.112251066,0.801795173,0.490116669,1.635927164,26.19079965
2.864916722,0.135170342,0.650949706,0.349050276,1.864916749,0.675117801
1.675914246,0.502404964,0.403310759,0.596689241,0.675914246,0.099094206
1.424799612,0.935451795,0.298146917,0.701853083,0.424799612,1.06153497
3.689587063,0.698888939,0.874134833,0.614370356,1.422814147,27.03472205
1.649150957,0.409616951,0.393627372,0.606372628,0.649150957,0.015989579
1.65484313,0.570861288,0.395713115,0.604286885,0.65484313,0.175148173
3.526307365,0.31026352,0.515263717,0.177695657,2.899697861,40.31097295
3.546404773,0.007736009,0.824555518,0.632270077,1.304119155,39.19382461
0.303239309,0.496767018,0,1,0,0.496767018
0.08198169,0.975125127,0,1,0,0.975125127
1.306678635,0.752986878,0.234700887,0.765299113,0.306678635,0.518285991
3.417772028,0.276729091,0.845043585,0.552441973,1.529651305,38.20635934
3.466960183,0.992479699,0.405695154,0.135332399,2.997768145,39.29739702
0.685637898,0.577660147,0,1,0,0.577660147
1.17232182,0.428841929,0.146991907,0.853008093,0.172321821,0.281850021
0.640170727,0.466535043,0,1,0,0.466535043
3.459878203,0.860248217,0.861271418,0.53269346,1.616823713,40.99605823
3.338932177,0.857487882,0.831346131,0.531849182,1.563123832,36.31831088
1.748634196,0.276895894,0.428125104,0.571874897,0.748634196,0.151229209
3.70110743,0.226356313,0.338453202,0.10181219,3.324289577,28.22179309
1.71250285,0.650975511,0.416059366,0.583940634,0.71250285,0.288851678
3.407793974,0.963970964,0.450011356,0.156566701,2.874246915,39.25898916
2.190450415,0.631544024,0.543472889,0.456527111,1.190450415,0.165395629
3.17542424,0.20760504,0.792220005,0.477301455,1.659789632,26.99808035
0.441336669,0.98114409,0,1,0,0.98114409
2.364622957,0.27663766,0.577099598,0.422900402,1.364622957,0.340333544
1.245079889,0.070382029,0.196838685,0.803161315,0.245079889,0.126456656
2.265831692,0.228074954,0.558660953,0.441339047,1.265831692,0.340322927
3.129705415,0.082528575,0.542835049,0.223316159,2.430791622,23.29075898
0.384976625,0.723088254,0,1,0,0.723088254
1.14393323,0.728664816,0.125823114,0.874176884,0.143933244,0.602841701
0.709453823,0.637041846,0,1,0,0.637041846
0.400936132,0.083804816,0,1,0,0.083804816
0.142807976,0.241586378,0,1,0,0.241586378
0.405184208,0.86664513,0,1,0,0.86664513
1.078649516,0.721362022,0.07292801,0.927070863,0.078664979,0.648434012
1.767388112,0.065796998,0.43419332,0.56580668,0.767388112,0.368396322
1.738637954,0.668344774,0.424837128,0.575162873,0.738637954,0.322408794
2.251302019,0.914228602,0.555812596,0.444187404,1.251302019,1.13586384
0.264344279,0.444917436,0,1,0,0.444917436
0.108664753,0.827884325,0,1,0,0.827884325
2.964217975,0.103542207,0.661414873,0.336088463,1.967978513,3.102971511
2.812030371,0.303752202,0.644385064,0.355614936,1.812030371,0.708660163
0.151282408,0.338103404,0,1,0,0.338103404
3.5113222,0.119639674,0.877635847,0.492553517,1.781808101,40.61931542
3.673429169,0.197129524,0.73597231,0.722822326,1.018192554,32.9174993
2.05768869,0.867647666,0.514017837,0.485982163,1.05768869,0.909122407
3.607118853,0.778097117,0.863341812,0.396771502,2.17591689,41.63560125
0.792152864,0.737813089,0,1,0,0.737813089
0.730246173,0.458797791,0,1,0,0.458797791
3.692847375,0.81330466,0.404408759,0.125181865,3.230569854,32.07486697
3.15150255,0.84570931,0.784478909,0.467169948,1.679215267,25.23248216
1.721899703,0.221176412,0.419246081,0.580753919,0.721899703,0.198069669
1.279632391,0.82986991,0.218525565,0.781474435,0.279632391,0.687063521
0.104073918,0.219462748,0,1,0,0.219462748
2.719939455,0.518499825,0.632344758,0.367655243,1.719939455,0.465643123
2.980771718,0.722125427,0.669747707,0.340906838,1.964606258,3.860261254
3.936696453,0.746361418,0.300498138,0.91673425,0.327791984,36.23084407
1.611531558,0.132653281,0.379472282,0.620527718,0.611531558,0.246819001
0.42025744,0.564065478,0,1,0,0.564065478
0.8659802,0.761288693,4.53E-08,0.999999948,4.53E-08,0.761288647
3.031649042,0.372740638,0.606059147,0.276193658,2.194326803,11.30838237
0.11069204,0.991770888,0,1,0,0.991770888
2.551152259,0.951938694,0.60802026,0.39197974,1.551152259,1.465643228
2.568910494,0.021406181,0.610729918,0.389270083,1.568910494,0.730578856
0.053152488,0.045640174,0,1,0,0.045640174
1.483342502,0.973755373,0.325846864,0.674153136,0.483342502,1.223786089
3.861191016,0.500391438,0.184328961,0.050265508,3.667106287,52.1698476
0.398434978,0.393253305,0,1,0,0.393253305
2.371733212,0.175747485,0.578367417,0.421632583,1.371733212,0.440678393
0.074066937,0.171011846,0,1,0,0.171011846
3.522577278,0.454160612,0.513395418,0.177113425,2.898681551,40.99397406
0.283477455,0.910882916,0,1,0,0.910882916
0.270016274,0.903929946,0,1,0,0.903929946
1.343843709,0.67560195,0.255865847,0.744134153,0.343843709,0.419736103
1.798469891,0.274869697,0.443971787,0.556028213,0.798469891,0.16910209
3.501684868,0.62340164,0.381923317,0.12459148,3.065404768,40.64155492
0.339427279,0.310618215,0,1,0,0.310618215
1.542718564,0.432894298,0.35179363,0.64820637,0.542718564,0.081100668
3.090063454,0.042289804,0.563602093,0.239984143,2.348497225,16.91925818
0.302165269,0.421586154,0,1,0,0.421586154
0.875314392,0.14842696,1.08E-07,0.999999877,1.08E-07,0.148426852
3.988851593,0.994568947,0.011959018,0.003007154,3.976856503,44.72738883
2.003888513,0.451535479,0.500970242,0.499029758,1.003888513,0.049434964
2.734390371,0.184279543,0.63428777,0.36571223,1.734390371,0.666481173
3.172549525,0.277514675,0.791328991,0.476125086,1.662019109,25.8876795
1.80453559,0.081621258,0.445840799,0.554159201,0.80453559,0.364219542
1.406037846,0.827749073,0.288781591,0.711218409,0.406037846,0.715583378
1.602947803,0.361535604,0.376149368,0.623850632,0.602947803,0.014613764
3.210111889,0.956839956,0.509263093,0.197747471,2.575320381,29.27080229
3.396882059,0.632043811,0.452750652,0.158363034,2.858941509,38.35620146
0.540226658,0.883862038,0,1,0,0.883862038
1.342483615,0.538872094,0.255111952,0.744888048,0.342483615,0.283760143
0.349209686,0.469204727,0,1,0,0.469204727
0.611767736,0.94577968,0,1,0,0.94577968
3.886022508,0.017059653,0.843286859,0.681644873,1.237135189,46.71849598
2.252321424,0.703114828,0.556013636,0.443986364,1.252321424,0.332492078
3.833727393,0.363312063,0.958386058,0.503456011,1.903614294,53.30197619
2.900508353,0.438701915,0.655231171,0.344765286,1.900513762,1.374308218
0.051311486,0.365599293,0,1,0,0.365599293
3.3874601,0.750230544,0.840052321,0.544845893,1.541816378,37.64876822
0.287761638,0.185471566,0,1,0,0.185471566
3.706663858,0.883006427,0.521116422,0.169226769,3.079397111,31.75404886
3.579192434,0.501983428,0.48903033,0.163297567,2.994719017,41.37303764
1.857411177,0.133369696,0.461616247,0.538383753,0.857411177,0.328246551
3.751626232,0.216719371,0.860346841,0.35621674,2.415234164,37.20911609
0.572123477,0.199733664,0,1,0,0.199733664
1.345258073,0.671759918,0.256648207,0.743351793,0.345258073,0.415111711
2.033019603,0.876796051,0.508120827,0.491879173,1.033019603,0.945845536
1.976070036,0.134170949,0.493945062,0.506054938,0.976070036,0.359774113
3.612962802,0.300558013,0.332303969,0.102477013,3.242717166,41.12974685
0.548097671,0.752982845,0,1,0,0.752982845
3.239501123,0.347164185,0.498818745,0.190129239,2.623577239,30.23627042
2.231237389,0.302244138,0.551818195,0.448181805,1.231237389,0.26021684
2.408188088,0.612759168,0.584750043,0.415249957,1.408188088,0.071759839
2.805745535,0.667715785,0.643588491,0.356411509,1.805745535,0.231915274
1.360431492,0.126173846,0.264939098,0.735060902,0.360431492,0.138765251
0.769232923,0.980586377,0,1,0,0.980586377
2.764880772,0.236824035,0.638320752,0.361679249,1.764880772,0.872798031
3.099583618,0.956951773,0.558242418,0.235618439,2.369264565,19.44173607
0.980748943,0.635527,0.00287882,0.997056005,0.00288732,0.63264818
2.609530442,0.503198046,0.616789295,0.383210705,1.609530442,0.306027964
2.066540047,0.685762988,0.516099385,0.483900615,1.066540047,0.311880092
0.427116905,0.133406448,0,1,0,0.133406448
2.76782478,0.569923084,0.638705453,0.361294547,1.76782478,0.426132859
2.346921044,0.150147316,0.573909824,0.426090176,1.346921044,0.463613049
