,k,xzero,xt,ComponentA,ComponentB,Fatigue
0,1.1806482453,0.1181482642,0.1530076769,0.8469923232,0.1806482452,0.0348594126
1,0.9496491361,0.2730531473,0.0002296646,0.9997581,0.0002297201,0.2728234828
2,1.1499574271,0.9809864496,0.1304024973,0.8695975191,0.1499573014,1.0684908538
3,0.080806262,0.1159361382,0.0,1.0,0.0,0.1159361382
4,0.3953364677,0.3772842308,0.0,1.0,0.0,0.3772842308
5,1.0561244941,0.1305553398,0.0532346227,0.9467598549,0.0562282213,0.0773207172
6,0.9717573178,0.6897196405,0.0014766661,0.9984781006,0.0014789169,0.6882429743
7,1.1452828647,0.0629271165,0.1268532377,0.873146766,0.1452828352,0.0639261212
8,0.9225207367,0.3195062816,1.81249e-05,0.9999803525,1.81252e-05,0.3194881567
9,0.5399921858,0.8461994183,0.0,1.0,0.0,0.8461994183
10,0.4295722359,0.3232809603,0.0,1.0,0.0,0.3232809603
11,0.5487491119,0.570705957,0.0,1.0,0.0,0.570705957
12,0.2163641919,0.7221072691,0.0,1.0,0.0,0.7221072691
13,0.8704551532,0.2747215157,7.69e-08,0.9999999116,7.69e-08,0.2747214388
14,0.9674486798,0.7699332488,0.001028986,0.9989352585,0.0010300828,0.7689042628
15,0.0499211865,0.6574532414,0.0,1.0,0.0,0.6574532414
16,0.2306675723,0.0344626358,0.0,1.0,0.0,0.0344626358
17,0.6321891696,0.7853141575,0.0,1.0,0.0,0.7853141575
18,0.6187433901,0.3141047355,0.0,1.0,0.0,0.3141047355
19,0.5424694224,0.8968331348,0.0,1.0,0.0,0.8968331348
20,0.4070136209,0.494301576,0.0,1.0,0.0,0.494301576
21,0.9354713054,0.2875918641,6.25127e-05,0.9999331707,6.25169e-05,0.2875293513
22,1.0140767698,0.7327111181,0.0178089441,0.9821185211,0.0181331924,0.714902174
23,0.721350652,0.6036780485,0.0,1.0,0.0,0.6036780485
24,0.4183344387,0.8126731079,0.0,1.0,0.0,0.8126731079
25,0.746259592,0.1535215094,0.0,1.0,0.0,0.1535215094
26,0.8703445136,0.3855693191,8.07e-08,0.9999999073,8.07e-08,0.3855692384
27,0.6768298486,0.0617939285,0.0,1.0,0.0,0.0617939285
28,0.523969139,0.3943152095,0.0,1.0,0.0,0.3943152095
29,0.6601034333,0.1925240209,0.0,1.0,0.0,0.1925240209
30,0.1682376651,0.7999442488,0.0,1.0,0.0,0.7999442488
31,0.2244602196,0.3352932101,0.0,1.0,0.0,0.3352932101
32,0.8837967483,0.0719452756,1.894e-07,0.9999997857,1.894e-07,0.0719450862
33,0.3148213939,0.5663952143,0.0,1.0,0.0,0.5663952143
34,0.8148953538,0.0386680294,0.0,0.9999999999,0.0,0.0386680294
35,0.7413516567,0.3115195936,0.0,1.0,0.0,0.3115195936
36,1.1604749109,0.858710078,0.1382838263,0.8617161737,0.160474911,0.7204262517
37,0.2570080689,0.6348046985,0.0,1.0,0.0,0.6348046985
38,1.0086838175,0.6761217265,0.014235927,0.9856816148,0.0144427235,0.6618857995
39,0.1076364886,0.6800020878,0.0,1.0,0.0,0.6800020878
40,0.0632833273,0.4010513198,0.0,1.0,0.0,0.4010513198
41,0.3613504814,0.5781593867,0.0,1.0,0.0,0.5781593867
42,0.0119894049,0.4966456153,0.0,1.0,0.0,0.4966456153
43,0.9908523167,0.3932623533,0.0055895786,0.9943266305,0.0056214713,0.3876727747
44,0.7254751031,0.9893833738,0.0,1.0,0.0,0.9893833738
45,0.6840174311,0.7811953727,0.0,1.0,0.0,0.7811953727
46,0.8431386297,0.4965981551,3.9e-09,0.9999999953,3.9e-09,0.4965981511
47,0.814488158,0.1973927363,1e-10,0.9999999999,1e-10,0.1973927361
48,1.0175663743,0.1878993187,0.0202643215,0.9796722881,0.0206847961,0.1676349973
49,0.5229280307,0.8335194567,0.0,1.0,0.0,0.8335194567
50,0.3353510995,0.4372061086,0.0,1.0,0.0,0.4372061086
51,0.4403553828,0.8078817982,0.0,1.0,0.0,0.8078817982
52,0.5331364536,0.2677073982,0.0,1.0,0.0,0.2677073982
53,0.3212864382,0.0711561226,0.0,1.0,0.0,0.0711561226
54,0.0457762338,0.0548504714,0.0,1.0,0.0,0.0548504714
55,0.5701533573,0.6020616348,0.0,1.0,0.0,0.6020616348
56,1.1623184094,0.193941388,0.1396505544,0.8603494455,0.1623184104,0.0542908337
57,0.0277040029,0.0865008942,0.0,1.0,0.0,0.0865008942
58,0.501748579,0.4737382018,0.0,1.0,0.0,0.4737382018
59,0.4219245463,0.1490692356,0.0,1.0,0.0,0.1490692356
60,0.2737689066,0.4437902693,0.0,1.0,0.0,0.4437902693
61,1.1531795449,0.3687442197,0.1328323507,0.8671676486,0.1531795506,0.2359118691
62,0.825339077,0.6296227205,5e-10,0.9999999994,5e-10,0.62962272
63,0.8048270242,0.2469455634,0.0,1.0,0.0,0.2469455633
64,0.2918863409,0.8826802332,0.0,1.0,0.0,0.8826802332
65,0.0510830532,0.003658386,0.0,1.0,0.0,0.003658386
66,0.1855519457,0.5724929158,0.0,1.0,0.0,0.5724929158
67,0.1171104613,0.9983303219,0.0,1.0,0.0,0.9983303219
68,0.6135116162,0.5952776259,0.0,1.0,0.0,0.5952776259
69,0.3146375661,0.7696511917,0.0,1.0,0.0,0.7696511917
70,1.1874431007,0.2555400645,0.1578543853,0.8421456147,0.1874431008,0.0976856792
71,1.1323831925,0.7222223926,0.1169067491,0.8830932447,0.1323832447,0.6053156434
72,0.3211484344,0.2491890164,0.0,1.0,0.0,0.2491890164
73,0.1679981772,0.2576000818,0.0,1.0,0.0,0.2576000818
74,0.0935006505,0.2205825249,0.0,1.0,0.0,0.2205825249
75,0.8927360232,0.1507805223,7.135e-07,0.9999992008,7.135e-07,0.1507798088
76,1.0023938499,0.7562204656,0.0105233421,0.9893892,0.0106362007,0.7456971235
77,0.3360703308,0.650678566,0.0,1.0,0.0,0.650678566
78,0.13047565,0.4522901373,0.0,1.0,0.0,0.4522901373
79,0.068760741,0.6412760043,0.0,1.0,0.0,0.6412760043
80,0.8485445973,0.9576468821,2.4e-09,0.9999999971,2.4e-09,0.9576468797
81,1.1422329856,0.1340468258,0.1245218704,0.8754781293,0.1422329882,0.0095249554
82,1.1826786368,0.6097209561,0.1544617712,0.8455382288,0.182678637,0.455259185
83,0.007400037,0.5083161502,0.0,1.0,0.0,0.5083161502
84,0.506109922,0.8990408976,0.0,1.0,0.0,0.8990408976
85,0.8540735106,0.0650476976,6.3e-09,0.9999999926,6.3e-09,0.0650476914
86,0.1650196766,0.6071224558,0.0,1.0,0.0,0.6071224558
87,1.1139699282,0.8692238561,0.102309819,0.8976901656,0.1139700789,0.766914037
88,0.6457953945,0.4695520671,0.0,1.0,0.0,0.4695520671
89,0.8267307816,0.1973308489,5e-10,0.9999999994,5e-10,0.1973308484
90,0.9358040849,0.6714515686,6.54655e-05,0.9999300387,6.54701e-05,0.671386103
91,0.4782558803,0.2992364848,0.0,1.0,0.0,0.2992364848
92,0.5224957738,0.9856130221,0.0,1.0,0.0,0.9856130221
93,0.5086629592,0.8606838391,0.0,1.0,0.0,0.8606838391
94,1.0234523004,0.8144994247,0.0248451754,0.975104356,0.0254795041,0.7896542493
95,1.0803234796,0.2829409618,0.0743625047,0.9256365185,0.0803366151,0.2085784571
96,0.8071233093,0.7306771403,1e-10,0.9999999999,1e-10,0.7306771403
97,1.0960340636,0.7173149372,0.0876217813,0.9123779867,0.0960367113,0.6296931559
98,0.2166953181,0.0674141749,0.0,1.0,0.0,0.0674141749
99,0.1194114311,0.7267101488,0.0,1.0,0.0,0.7267101488
100,1.1021876799,0.9523950822,0.092711531,0.9072886934,0.10218526,0.9451631229
101,0.2016199598,0.2048243932,0.0,1.0,0.0,0.2048243932
102,0.3182436888,0.4538592956,0.0,1.0,0.0,0.4538592956
103,0.474830076,0.8864731765,0.0,1.0,0.0,0.8864731765
104,0.9994848936,0.6969062911,0.0090977445,0.9908131689,0.0091820989,0.6878085466
105,0.5237839379,0.9438440988,0.0,1.0,0.0,0.9438440988
106,0.7746506277,0.2205389669,0.0,1.0,0.0,0.2205389669
107,0.8627920065,0.5304721642,3.57e-08,0.9999999586,3.57e-08,0.5304721285
108,0.665013759,0.9483400257,0.0,1.0,0.0,0.9483400257
109,1.0710661625,0.0800612985,0.0663579041,0.9336415571,0.0710742828,0.0137033945
110,0.3490376425,0.5083144638,0.0,1.0,0.0,0.5083144638
111,0.3218852368,0.8484786098,0.0,1.0,0.0,0.8484786098
112,1.0714076761,0.1417492459,0.0666686397,0.9333298082,0.0714309552,0.0750806061
113,0.5471200667,0.1240259686,0.0,1.0,0.0,0.1240259686
114,0.0753512441,0.0627058373,0.0,1.0,0.0,0.0627058373
115,1.1828130553,0.5496166016,0.1545578607,0.8454421393,0.1828130555,0.3950587409
116,1.0769631118,0.4124196427,0.0714797764,0.9285188319,0.0769825812,0.3409398663
117,0.9455268855,0.5946424061,0.0001634644,0.9998270883,0.0001634927,0.5944789417
118,0.7773424324,0.9386790203,0.0,1.0,0.0,0.9386790203
119,0.6852052203,0.4487149277,0.0,1.0,0.0,0.4487149277
120,0.734240475,0.2662620257,0.0,1.0,0.0,0.2662620257
121,0.5511871439,0.5100676193,0.0,1.0,0.0,0.5100676193
122,0.7902897959,0.082726984,0.0,1.0,0.0,0.082726984
123,0.7192573596,0.6566549511,0.0,1.0,0.0,0.6566549511
124,0.1784885933,0.9657872792,0.0,1.0,0.0,0.9657872792
125,0.8547834263,0.8882158774,9.5e-09,0.9999999889,9.5e-09,0.8882158679
126,0.9374236253,0.737824612,7.42667e-05,0.9999207695,7.42726e-05,0.7377503454
127,1.1019361288,0.3391827562,0.0925076132,0.9074922475,0.1019376347,0.246675143
128,0.4282041557,0.6174706389,0.0,1.0,0.0,0.6174706389
129,0.0792392578,0.4160455871,0.0,1.0,0.0,0.4160455871
130,0.8196045626,0.7313822055,2e-10,0.9999999997,2e-10,0.7313822053
131,0.3244529759,0.5470679897,0.0,1.0,0.0,0.5470679897
132,1.1252270751,0.5944290687,0.1112905937,0.8887093917,0.1252272056,0.4831384749
133,0.1468034951,0.6460102946,0.0,1.0,0.0,0.6460102946
134,0.3393559283,0.4555619916,0.0,1.0,0.0,0.4555619916
135,1.0399733365,0.965358346,0.0383654768,0.9616374906,0.0398959869,0.9341670577
136,0.0385626244,0.6388071134,0.0,1.0,0.0,0.6388071134
137,0.6603904385,0.6274140103,0.0,1.0,0.0,0.6274140103
138,1.1078110403,0.2340602024,0.0973195452,0.9026803865,0.1078117423,0.1367406572
139,0.3699469238,0.9258705251,0.0,1.0,0.0,0.9258705251
140,0.265395216,0.5543240655,0.0,1.0,0.0,0.5543240655
141,0.4041865332,0.8635505728,0.0,1.0,0.0,0.8635505728
142,0.3989277594,0.6059362003,0.0,1.0,0.0,0.6059362003
143,0.0986292734,0.7959638834,0.0,1.0,0.0,0.7959638834
144,0.3235948275,0.4160135458,0.0,1.0,0.0,0.4160135458
145,0.4106840813,0.3522704046,0.0,1.0,0.0,0.3522704046
146,0.8960678244,0.2146986353,1.1352e-06,0.9999987331,1.1352e-06,0.2146975001
147,0.1305789837,0.1162427656,0.0,1.0,0.0,0.1162427656
148,0.0649602851,0.3589793034,0.0,1.0,0.0,0.3589793034
149,0.1359226262,0.8153131066,0.0,1.0,0.0,0.8153131066
150,0.3277464545,0.6570471578,0.0,1.0,0.0,0.6570471578
151,0.0952092368,0.9087701215,0.0,1.0,0.0,0.9087701215
152,0.7767271537,0.1426746892,0.0,1.0,0.0,0.1426746892
153,0.919221111,0.5602954044,1.34471e-05,0.999985371,1.34473e-05,0.5602819573
154,0.0674019762,0.62956734,0.0,1.0,0.0,0.62956734
155,1.0449993478,0.8630887012,0.0433429159,0.9566437337,0.04530727,0.8197457853
156,0.5519021563,0.546065111,0.0,1.0,0.0,0.546065111
157,0.8543733085,0.6360290731,1.36e-08,0.999999984,1.36e-08,0.6360290595
158,0.2659406167,0.4304598687,0.0,1.0,0.0,0.4304598687
159,0.2406531393,0.1868694222,0.0,1.0,0.0,0.1868694222
160,1.1571006616,0.5636591783,0.1357709575,0.8642290419,0.1571006654,0.4278882208
161,0.419725369,0.3886235546,0.0,1.0,0.0,0.3886235546
162,0.2254909553,0.4683907643,0.0,1.0,0.0,0.4683907643
163,1.0617680191,0.1296315801,0.0582264624,0.9417701254,0.0618266187,0.0714051177
164,0.9951630323,0.0302960293,0.0054253522,0.9945182282,0.0054552567,0.0248706771
165,0.6372499722,0.206517617,0.0,1.0,0.0,0.206517617
166,0.5145417973,0.288966086,0.0,1.0,0.0,0.288966086
167,0.3126990158,0.1141480383,0.0,1.0,0.0,0.1141480383
168,0.4640934139,0.4739779363,0.0,1.0,0.0,0.4739779363
169,0.0771167441,0.1918189611,0.0,1.0,0.0,0.1918189611
170,0.0950266241,0.3457486831,0.0,1.0,0.0,0.3457486831
171,0.5520350031,0.3510595477,0.0,1.0,0.0,0.3510595477
172,0.3662988065,0.4429689983,0.0,1.0,0.0,0.4429689983
173,0.718726442,0.1526728891,0.0,1.0,0.0,0.1526728891
174,0.7655485417,0.6671465634,0.0,1.0,0.0,0.6671465634
175,0.1653261194,0.2825413986,0.0,1.0,0.0,0.2825413986
176,0.4542436931,0.4770718764,0.0,1.0,0.0,0.4770718764
177,0.8250006353,0.9716134042,1e-10,0.9999999999,1e-10,0.9716134041
178,1.1440152015,0.9639844355,0.1258856732,0.8741143383,0.1440151107,1.0104332543
179,0.880864577,0.5135928031,2.564e-07,0.999999709,2.564e-07,0.5135925468
180,0.4454842112,0.744726423,0.0,1.0,0.0,0.744726423
181,0.205721565,0.3521302339,0.0,1.0,0.0,0.3521302339
182,1.134176599,0.4662933878,0.1183031305,0.8816968636,0.1341766489,0.3479902573
183,1.0731804247,0.1047186239,0.068201744,0.931797347,0.0731937521,0.0365168799
184,0.5179253712,0.1041852804,0.0,1.0,0.0,0.1041852804
185,0.298200625,0.346193598,0.0,1.0,0.0,0.346193598
186,0.6944460966,0.6398995669,0.0,1.0,0.0,0.6398995669
187,0.8580482276,0.6947478536,1.99e-08,0.9999999768,1.99e-08,0.6947478337
188,0.0876124561,0.7554688087,0.0,1.0,0.0,0.7554688087
189,0.1113720643,0.6208875782,0.0,1.0,0.0,0.6208875782
190,0.1013501178,0.6418586944,0.0,1.0,0.0,0.6418586944
191,1.1836694344,0.8987200459,0.1551695338,0.8448304663,0.1836694342,0.8384088917
192,0.6014879514,0.0950280218,0.0,1.0,0.0,0.0950280218
193,0.0948000567,0.1227592087,0.0,1.0,0.0,0.1227592087
194,0.4841656565,0.0152274596,0.0,1.0,0.0,0.0152274596
195,0.3096197756,0.8237772305,0.0,1.0,0.0,0.8237772305
196,1.0211390816,0.3477943579,0.0231111052,0.9768305031,0.0236592788,0.3246832527
197,0.7556309035,0.0711642231,0.0,1.0,0.0,0.0711642231
198,0.2834743899,0.3707168598,0.0,1.0,0.0,0.3707168598
199,0.2477920215,0.3036079819,0.0,1.0,0.0,0.3036079819
200,0.6523811536,0.3384659262,0.0,1.0,0.0,0.3384659262
201,0.006889245,0.9921402075,0.0,1.0,0.0,0.9921402075
202,0.6488357602,0.9871151821,0.0,1.0,0.0,0.9871151821
203,1.1974852635,0.6881681299,0.1649166545,0.8350833455,0.1974852635,0.5232514753
204,0.2850720239,0.7476879048,0.0,1.0,0.0,0.7476879048
205,0.4573039613,0.7502229758,0.0,1.0,0.0,0.7502229758
206,0.9623542435,0.941343576,0.0004941516,0.9994862541,0.0004944056,0.9408494244
207,0.8793176503,0.2243336081,1.92e-07,0.9999997816,1.92e-07,0.224333416
208,0.2791105734,0.3808458925,0.0,1.0,0.0,0.3808458925
209,0.9552609972,0.7157843652,0.0003782082,0.9996039218,0.0003783581,0.715406157
210,0.2239908999,0.9658400467,0.0,1.0,0.0,0.9658400467
211,0.7419051177,0.7374689698,0.0,1.0,0.0,0.7374689698
212,0.0701937489,0.224632012,0.0,1.0,0.0,0.224632012
213,0.6888594062,0.6698859268,0.0,1.0,0.0,0.6698859268
214,0.1701211777,0.1675862475,0.0,1.0,0.0,0.1675862475
215,0.2150884735,0.6722962382,0.0,1.0,0.0,0.6722962382
216,1.0590146672,0.1834364498,0.0558080892,0.9441867549,0.0591070452,0.1276283606
217,0.6357728187,0.0105651403,0.0,1.0,0.0,0.0105651403
218,0.5558706913,0.7234161846,0.0,1.0,0.0,0.7234161846
219,0.0200902319,0.7129558185,0.0,1.0,0.0,0.7129558185
220,1.1504507076,0.9649858392,0.1307754117,0.8692245949,0.1504506573,1.0180180042
221,0.8700377469,0.2738019427,7.34e-08,0.9999999156,7.34e-08,0.2738018692
222,0.1029886305,0.9661858287,0.0,1.0,0.0,0.9661858287
223,0.4769870542,0.9755487697,0.0,1.0,0.0,0.9755487697
224,1.0332957309,0.6416377874,0.0331571487,0.9668096711,0.0342954252,0.6084806386
225,0.9009295452,0.7913096428,1.8745e-06,0.9999979194,1.8745e-06,0.7913077684
226,0.2494552559,0.6854601983,0.0,1.0,0.0,0.6854601983
227,0.2916173703,0.5261999366,0.0,1.0,0.0,0.5261999366
228,0.4742133779,0.7321130566,0.0,1.0,0.0,0.7321130566
229,0.9254504737,0.3927191329,2.46229e-05,0.9999733929,2.46236e-05,0.39269451
230,0.1809334069,0.4792127407,0.0,1.0,0.0,0.4792127407
231,1.0356286695,0.0117587337,0.032667482,0.96739317,0.033768568,0.0209087483
232,0.8755231116,0.6928449005,1.37e-07,0.9999998435,1.37e-07,0.6928447635
233,0.6442348556,0.6340414137,0.0,1.0,0.0,0.6340414137
234,0.8015647615,0.4989592875,0.0,1.0,0.0,0.4989592875
235,0.7770311681,0.2745702488,0.0,1.0,0.0,0.2745702488
236,0.3942897466,0.9971691812,0.0,1.0,0.0,0.9971691812
237,0.1804339002,0.0125702924,0.0,1.0,0.0,0.0125702924
238,1.1368177432,0.9590874068,0.1203514075,0.8796486104,0.1368175952,0.9902241932
239,0.7383767239,0.7277172415,0.0,1.0,0.0,0.7277172415
240,0.5809076832,0.2740629167,0.0,1.0,0.0,0.2740629167
241,0.9752013433,0.1596680941,0.0018140273,0.9981363702,0.0018174143,0.1578540668
242,0.910086131,0.3468617403,5.2837e-06,0.9999941943,5.2837e-06,0.3468564566
243,0.5158433084,0.3042384004,0.0,1.0,0.0,0.3042384004
244,0.6075988213,0.1776646463,0.0,1.0,0.0,0.1776646463
245,0.0329392627,0.7718364854,0.0,1.0,0.0,0.7718364854
246,1.0536027993,0.5785663305,0.051034705,0.9489562588,0.0537798287,0.5275316255
247,0.4564868502,0.3867046621,0.0,1.0,0.0,0.3867046621
248,0.8047963099,0.3250887726,0.0,0.9999999999,0.0,0.3250887726
249,0.0675298292,0.7596528358,0.0,1.0,0.0,0.7596528358
250,0.7834249186,0.4644084843,0.0,1.0,0.0,0.4644084843
251,0.0732902833,0.3918922113,0.0,1.0,0.0,0.3918922113
252,0.4872191624,0.3997203738,0.0,1.0,0.0,0.3997203738
253,0.0596966757,0.5020719014,0.0,1.0,0.0,0.5020719014
254,0.6842082538,0.9842001864,0.0,1.0,0.0,0.9842001864
255,0.3397849399,0.1998383312,0.0,1.0,0.0,0.1998383312
256,0.0723540096,0.024917529,0.0,1.0,0.0,0.024917529
257,0.7280397248,0.5537541446,0.0,1.0,0.0,0.5537541446
258,1.1797983992,0.8606535695,0.1523975616,0.8476024384,0.1797983992,0.7300670399
259,1.1997969376,0.9913421408,0.166525626,0.8334743743,0.1997969357,1.1372722908
260,0.7084430969,0.691422705,0.0,1.0,0.0,0.691422705
261,0.5746512483,0.5954696029,0.0,1.0,0.0,0.5954696029
262,0.6026055182,0.565957473,0.0,1.0,0.0,0.565957473
263,0.0747116566,0.2078167402,0.0,1.0,0.0,0.2078167402
264,0.8419279957,0.7822969509,2.9e-09,0.9999999965,2.9e-09,0.782296948
265,0.2130317169,0.9525203773,0.0,1.0,0.0,0.9525203773
266,1.0368066922,0.475080873,0.0362045538,0.9637679482,0.0375656338,0.4388763192
267,0.8696854981,0.6721476683,7.33e-08,0.9999999157,7.33e-08,0.672147595
268,0.8948330652,0.8689791656,8.448e-07,0.999999056,8.448e-07,0.8689783209
269,1.1956377927,0.6721579899,0.1636263038,0.8363736962,0.1956377927,0.5085316861
270,1.1607560128,0.346180596,0.1384925109,0.8615074888,0.1607560152,0.2076880851
271,0.4213340478,0.1377110992,0.0,1.0,0.0,0.1377110992
272,0.7585755155,0.6556095561,0.0,1.0,0.0,0.6556095561
273,1.0054028196,0.8069177822,0.0121250327,0.9877910666,0.012274896,0.7947927496
274,0.4504108464,0.4955510804,0.0,1.0,0.0,0.4955510804
275,0.86365426,0.8989238668,2.45e-08,0.9999999717,2.45e-08,0.8989238423
276,0.5195001055,0.2924227656,0.0,1.0,0.0,0.2924227656
277,0.7579352029,0.2814279251,0.0,1.0,0.0,0.2814279251
278,0.5855092847,0.9113658042,0.0,1.0,0.0,0.9113658042
279,1.1048912004,0.8045766559,0.0949341995,0.9050657197,0.1048920509,0.7096424564
280,0.6586228331,0.5536594008,0.0,1.0,0.0,0.5536594008
281,0.0819849606,0.7242101829,0.0,1.0,0.0,0.7242101829
282,0.3888889987,0.0230843276,0.0,1.0,0.0,0.0230843276
283,0.3375536276,0.854260079,0.0,1.0,0.0,0.854260079
284,0.4386350912,0.3028488208,0.0,1.0,0.0,0.3028488208
285,0.4199712157,0.8876385623,0.0,1.0,0.0,0.8876385623
286,0.0615723398,0.8906545741,0.0,1.0,0.0,0.8906545741
287,0.3185886839,0.2967811275,0.0,1.0,0.0,0.2967811275
288,0.7268616588,0.3273685449,0.0,1.0,0.0,0.3273685449
289,1.0955628945,0.2711126445,0.0872294732,0.9127702876,0.0955656362,0.1838831712
290,1.0222199436,0.7233517035,0.0239354401,0.9760092891,0.0245237831,0.6994162634
291,0.3416258326,0.1552357241,0.0,1.0,0.0,0.1552357241
292,0.3033380923,0.8773042549,0.0,1.0,0.0,0.8773042549
293,0.7453062088,0.2879626481,0.0,1.0,0.0,0.2879626481
294,0.1026374668,0.9599056623,0.0,1.0,0.0,0.9599056623
295,0.4155888503,0.0141426271,0.0,1.0,0.0,0.0141426271
296,1.1964657263,0.5150172537,0.16420506,0.83579494,0.1964657264,0.3508121938
297,0.991489446,0.1646332782,0.0056152705,0.9943040868,0.0056474378,0.1590180077
298,0.3856570618,0.7883372933,0.0,1.0,0.0,0.7883372933
299,0.6268349507,0.5088491267,0.0,1.0,0.0,0.5088491267
300,0.4547509183,0.0605950351,0.0,1.0,0.0,0.0605950351
301,0.856391746,0.1088305952,1.12e-08,0.9999999869,1.12e-08,0.108830584
302,1.106635737,0.6427219612,0.096361038,0.9036388723,0.1066366676,0.5463609232
303,0.0954230915,0.3178756685,0.0,1.0,0.0,0.3178756685
304,1.0849398531,0.8392494981,0.0782951559,0.921704358,0.0849460623,0.7609543423
305,1.076950596,0.7936296069,0.0714664935,0.9285323229,0.0769671574,0.7221631134
306,0.1773377866,0.295762132,0.0,1.0,0.0,0.295762132
307,0.9574207581,0.8452570074,0.0004197253,0.999561416,0.0004199095,0.8448372821
308,0.6599236338,0.1187695808,0.0,1.0,0.0,0.1187695808
309,0.0855889553,0.4781582101,0.0,1.0,0.0,0.4781582101
310,0.7867831626,0.8506198213,0.0,1.0,0.0,0.8506198213
311,0.1558463106,0.9738287738,0.0,1.0,0.0,0.9738287738
312,0.2806904564,0.2580797308,0.0,1.0,0.0,0.2580797308
313,1.1706620642,0.4091493863,0.1457825192,0.8542174807,0.170662065,0.2633668671
314,0.4065778586,0.7833216893,0.0,1.0,0.0,0.7833216893
315,0.3396217416,0.0464147267,0.0,1.0,0.0,0.0464147267
316,1.1099062484,0.4698462191,0.0990235499,0.9009763824,0.1099069319,0.3708226692
317,0.4442574572,0.0588507742,0.0,1.0,0.0,0.0588507742
318,0.6737582576,0.2630016897,0.0,1.0,0.0,0.2630016897
319,0.0514532776,0.1636706824,0.0,1.0,0.0,0.1636706824
320,0.9278409907,0.4835928217,3.13189e-05,0.9999662443,3.13199e-05,0.4835615028
321,0.6766706552,0.8569574038,0.0,1.0,0.0,0.8569574038
322,0.5655149397,0.2844902311,0.0,1.0,0.0,0.2844902311
323,0.1391410681,0.2942257031,0.0,1.0,0.0,0.2942257031
324,1.1918885376,0.8016417594,0.1609953713,0.8390046287,0.1918885376,0.6406463882
325,0.4527637745,0.3129919024,0.0,1.0,0.0,0.3129919024
326,0.4454523227,0.6237441824,0.0,1.0,0.0,0.6237441824
327,0.2395553655,0.1259473295,0.0,1.0,0.0,0.1259473295
328,0.0395199563,0.9446181301,0.0,1.0,0.0,0.9446181301
329,0.8212694478,0.9831607679,0.0,0.9999999999,0.0,0.9831607678
330,0.7525732569,0.999656553,0.0,1.0,0.0,0.999656553
331,0.9335838856,0.8372134683,4.69967e-05,0.9999496574,4.6999e-05,0.8371664717
332,0.3204456217,0.5757229545,0.0,1.0,0.0,0.5757229545
333,1.1492655242,0.1179478572,0.1298790572,0.870120943,0.1492655225,0.0119312
334,0.1733387808,0.5737456834,0.0,1.0,0.0,0.5737456834
335,0.0180866466,0.6434263981,0.0,1.0,0.0,0.6434263981
336,0.4650886411,0.1140843545,0.0,1.0,0.0,0.1140843545
337,0.5879312897,0.2259754145,0.0,1.0,0.0,0.2259754145
338,1.1191613477,0.9486532845,0.1064733988,0.8935266538,0.1191608537,0.9460974692
339,0.3006247381,0.6550193995,0.0,1.0,0.0,0.6550193995
340,0.4839710779,0.6054618401,0.0,1.0,0.0,0.6054618401
341,0.5569015059,0.6617650261,0.0,1.0,0.0,0.6617650261
342,0.823513781,0.5819180629,4e-10,0.9999999995,4e-10,0.5819180625
343,0.2858786428,0.7860005381,0.0,1.0,0.0,0.7860005381
344,0.2501577397,0.24612165,0.0,1.0,0.0,0.24612165
345,0.6752541085,0.4101297922,0.0,1.0,0.0,0.4101297922
346,0.8430634147,0.8260916751,3e-09,0.9999999964,3e-09,0.826091672
347,0.6591824593,0.7012801943,0.0,1.0,0.0,0.7012801943
348,0.1270251285,0.7728244409,0.0,1.0,0.0,0.7728244409
349,0.5780108776,0.0459408933,0.0,1.0,0.0,0.0459408933
350,0.030670379,0.8092722711,0.0,1.0,0.0,0.8092722711
351,1.0474610633,0.1043703488,0.0455014615,0.9544889833,0.047671018,0.0588688873
352,1.1587648765,0.8198089872,0.1370121591,0.8629878407,0.1587648778,0.6827968281
353,0.3128546631,0.3028891664,0.0,1.0,0.0,0.3028891664
354,0.2406047001,0.7283064204,0.0,1.0,0.0,0.7283064204
355,0.0531312076,0.7894471926,0.0,1.0,0.0,0.7894471926
356,0.9444372729,0.1222494028,0.0001223778,0.9998704057,0.0001223936,0.122127025
357,1.0609162438,0.9606377645,0.0573682648,0.9426349921,0.0608594688,0.9377734959
358,0.8831196415,0.5338349199,3.26e-07,0.9999996308,3.26e-07,0.5338345939
359,0.1613556076,0.6881212104,0.0,1.0,0.0,0.6881212104
360,0.6816823875,0.8924156623,0.0,1.0,0.0,0.8924156623
361,0.1313043559,0.6132077066,0.0,1.0,0.0,0.6132077066
362,1.0932833732,0.4653061185,0.085327237,0.9146724358,0.0932872072,0.3799788815
363,0.9103821916,0.7949745809,4.9494e-06,0.9999945633,4.9494e-06,0.7949696315
364,1.0014472674,0.3212820765,0.0100855145,0.9898255412,0.010189184,0.3111965619
365,0.1905625472,0.6740417205,0.0,1.0,0.0,0.6740417205
366,0.6872505277,0.5839489219,0.0,1.0,0.0,0.5839489219
367,0.6037166082,0.2573826441,0.0,1.0,0.0,0.2573826441
368,0.2449124586,0.6214318682,0.0,1.0,0.0,0.6214318682
369,0.469358394,0.2720218881,0.0,1.0,0.0,0.2720218881
370,0.1300880318,0.3892968998,0.0,1.0,0.0,0.3892968998
371,0.0731867448,0.1508522702,0.0,1.0,0.0,0.1508522702
372,0.7645545439,0.7417797584,0.0,1.0,0.0,0.7417797584
373,0.3796550475,0.5222797377,0.0,1.0,0.0,0.5222797377
374,0.391778094,0.0038158917,0.0,1.0,0.0,0.0038158917
375,1.0875293305,0.0305753688,0.0804694358,0.9195320156,0.0875112932,0.049894067
376,0.925045838,0.5001189819,2.38888e-05,0.9999741749,2.38894e-05,0.5000950931
377,0.7279625327,0.6052363417,0.0,1.0,0.0,0.6052363417
378,0.8441198326,0.1639468955,3.4e-09,0.999999996,3.4e-09,0.1639468922
379,1.0404802253,0.8488437769,0.0393476571,0.9606334512,0.0409601155,0.8094961197
380,1.163623778,0.4848683791,0.1406157064,0.8593842934,0.1636237798,0.3442526727
381,0.1216655911,0.1520874931,0.0,1.0,0.0,0.1520874931
382,0.8322308872,0.4026785292,1.1e-09,0.9999999987,1.1e-09,0.4026785281
383,0.1719740454,0.1411797773,0.0,1.0,0.0,0.1411797773
384,1.0749365313,0.2569137631,0.0697313401,0.9302671347,0.0749584044,0.1871824231
385,0.4898363929,0.9360850053,0.0,1.0,0.0,0.9360850053
386,0.5195516707,0.1844406165,0.0,1.0,0.0,0.1844406165
387,0.6847510457,0.3864971759,0.0,1.0,0.0,0.3864971759
388,1.0055963102,0.4358918181,0.0123953041,0.9875178743,0.0125519795,0.423496514
389,0.4865082326,0.158955205,0.0,1.0,0.0,0.158955205
390,0.1953309776,0.0291707866,0.0,1.0,0.0,0.0291707866
391,0.5724067822,0.6204194302,0.0,1.0,0.0,0.6204194302
392,0.9579675551,0.2223234025,0.0004653688,0.9995139761,0.0004655951,0.2218580336
393,1.1907543519,0.8263788149,0.1601962249,0.8398037751,0.1907543519,0.66618259
394,1.008096053,0.2787878705,0.0138422875,0.986074974,0.0140377638,0.264945583
395,0.660563388,0.4897243259,0.0,1.0,0.0,0.4897243259
396,0.3280698228,0.7318335642,0.0,1.0,0.0,0.7318335642
397,0.8262201715,0.9810743822,1e-10,0.9999999999,1e-10,0.9810743822
398,1.0860606107,0.1740034952,0.0792460152,0.9207535196,0.0860664809,0.09475748
399,0.2625069322,0.9687174595,0.0,1.0,0.0,0.9687174595
400,0.2429203926,0.817449943,0.0,1.0,0.0,0.817449943
401,1.0496880382,0.0473243002,0.0473359333,0.9526640704,0.049687959,1.16331e-05
402,0.1988016341,0.8067248378,0.0,1.0,0.0,0.8067248378
403,0.3979714221,0.5863999944,0.0,1.0,0.0,0.5863999944
404,0.0508613288,0.6480490794,0.0,1.0,0.0,0.6480490794
405,0.4076688396,0.1685413121,0.0,1.0,0.0,0.1685413121
406,0.9924784618,0.4894196222,0.0061755723,0.9937384185,0.0062144848,0.4832440499
407,0.3007203787,0.6128172074,0.0,1.0,0.0,0.6128172074
408,0.5687203148,0.0782800549,0.0,1.0,0.0,0.0782800549
409,0.5314725917,0.442326172,0.0,1.0,0.0,0.442326172
410,1.1175413548,0.0359452063,0.105177664,0.8948224511,0.1175402605,0.0692324577
411,0.6444330534,0.6965359695,0.0,1.0,0.0,0.6965359695
412,0.8832315171,0.2027843739,2.847e-07,0.9999996777,2.847e-07,0.2027840892
413,0.7649862785,0.1667667355,0.0,1.0,0.0,0.1667667355
414,1.131715539,0.043861582,0.1163855665,0.8836144583,0.1317153261,0.0725239845
415,1.0420588811,0.9614537884,0.0403354254,0.9596657111,0.042030704,0.9245509735
416,0.0302494586,0.8119396891,0.0,1.0,0.0,0.8119396891
417,0.8296758951,0.2431199105,7e-10,0.9999999991,7e-10,0.2431199098
418,0.8491942845,0.0536096135,3.1e-09,0.9999999963,3.1e-09,0.0536096104
419,0.8464654766,0.4761334937,5.7e-09,0.9999999932,5.7e-09,0.4761334879
420,0.7898793735,0.5620332768,0.0,1.0,0.0,0.5620332768
421,0.0697367165,0.7265722437,0.0,1.0,0.0,0.7265722437
422,0.7750195178,0.144085249,0.0,1.0,0.0,0.144085249
423,0.8593384452,0.6565606726,2.35e-08,0.9999999726,2.35e-08,0.6565606491
424,0.0089427891,0.4128804462,0.0,1.0,0.0,0.4128804462
425,0.4527682378,0.0547963089,0.0,1.0,0.0,0.0547963089
426,1.0117718278,0.9475412225,0.0152012449,0.9847428386,0.0154367661,0.9323399776
427,0.8887817178,0.0644984854,3.059e-07,0.9999996558,3.059e-07,0.0644981795
428,0.5332347768,0.4318884834,0.0,1.0,0.0,0.4318884834
429,0.8301934309,0.5151891166,9e-10,0.9999999989,9e-10,0.5151891157
430,0.6230844249,0.847889544,0.0,1.0,0.0,0.847889544
431,1.0248295214,0.6891133969,0.0260448775,0.9739051978,0.0267427236,0.6630685194
432,0.5170793347,0.280239232,0.0,1.0,0.0,0.280239232
433,1.0988360998,0.9003943407,0.0899464317,0.9100535397,0.0988364177,0.810447909
434,1.1977473285,0.0632986116,0.1650993692,0.8349006308,0.1977473284,0.1018007576
435,0.7559221384,0.1864260686,0.0,1.0,0.0,0.1864260686
436,0.481964594,0.1765952887,0.0,1.0,0.0,0.1765952887
437,0.9964692014,0.2753602078,0.0077024774,0.9922095391,0.0077629544,0.2676577304
438,0.0128558129,0.5869192516,0.0,1.0,0.0,0.5869192516
439,0.5373476478,0.7462032798,0.0,1.0,0.0,0.7462032798
440,0.4876866197,0.6946205245,0.0,1.0,0.0,0.6946205245
441,0.8786232543,0.7702125199,1.793e-07,0.9999997959,1.793e-07,0.7702123406
442,0.379910268,0.8887080188,0.0,1.0,0.0,0.8887080188
443,1.1968919787,0.4417405982,0.1645027139,0.8354972861,0.1968919788,0.2772378843
444,0.3034236228,0.9585375964,0.0,1.0,0.0,0.9585375964
445,0.5066768542,0.3463060533,0.0,1.0,0.0,0.3463060533
446,1.0579720865,0.3495044585,0.054899745,0.9450938247,0.0580892009,0.2946047135
447,0.1716005308,0.8033352609,0.0,1.0,0.0,0.8033352609
448,1.0503303585,0.5582350315,0.048133589,0.9518549603,0.0505681969,0.5101014425
449,0.7438756829,0.4305434197,0.0,1.0,0.0,0.4305434197
450,0.0948418356,0.0948057258,0.0,1.0,0.0,0.0948057258
451,0.723657361,0.1571846787,0.0,1.0,0.0,0.1571846787
452,0.6662547089,0.1909975343,0.0,1.0,0.0,0.1909975343
453,0.8410443007,0.0852726328,1.7e-09,0.999999998,1.7e-09,0.0852726312
454,1.0977711568,0.4285876212,0.08906531,0.9109344757,0.0977735637,0.3395223112
455,0.967065389,0.8899381407,0.0008922193,0.9990765423,0.000893044,0.8890459213
456,0.9855738311,0.8302663471,0.0038420905,0.996086355,0.0038571861,0.8264242566
457,1.0778016468,0.7599003698,0.0721992826,0.927799554,0.0778177596,0.6877010872
458,0.7536293591,0.6959488184,0.0,1.0,0.0,0.6959488184
459,0.4257303845,0.1137895781,0.0,1.0,0.0,0.1137895781
460,0.5913622558,0.2689454043,0.0,1.0,0.0,0.2689454043
461,0.5167948192,0.2445199974,0.0,1.0,0.0,0.2445199974
462,0.2584653591,0.8201261221,0.0,1.0,0.0,0.8201261221
463,1.1615689937,0.0558270248,0.1390954719,0.8609045291,0.1615689861,0.0832684471
464,0.1664658478,0.128098658,0.0,1.0,0.0,0.128098658
465,0.8350902544,0.0082498279,1e-10,0.9999999999,1e-10,0.0082498278
466,0.3884801258,0.3512060378,0.0,1.0,0.0,0.3512060378
467,0.1888121503,0.9025087587,0.0,1.0,0.0,0.9025087587
468,0.2634156689,0.2326390489,0.0,1.0,0.0,0.2326390489
469,0.8041535368,0.5632539947,0.0,1.0,0.0,0.5632539947
470,1.1032237703,0.4551580634,0.0935666959,0.9064331754,0.103225145,0.3615913674
471,0.1431659377,0.5167781889,0.0,1.0,0.0,0.5167781889
472,0.0906826439,0.9109684134,0.0,1.0,0.0,0.9109684134
473,0.3802673208,0.6684767691,0.0,1.0,0.0,0.6684767691
474,0.6425784626,0.2464611246,0.0,1.0,0.0,0.2464611246
475,1.1284439195,0.9700791066,0.1138235147,0.8861765463,0.1284433843,1.0183950218
476,0.4367814895,0.3542241872,0.0,1.0,0.0,0.3542241872
477,0.4694470699,0.1893287543,0.0,1.0,0.0,0.1893287543
478,0.2271269637,0.401221076,0.0,1.0,0.0,0.401221076
479,1.157630334,0.2121286416,0.1361663833,0.8638336164,0.1576303362,0.0759622582
480,1.1269058921,0.2658216868,0.1126145269,0.8873854625,0.1269059858,0.1532071599
481,0.3971808598,0.6119419458,0.0,1.0,0.0,0.6119419458
482,0.2066783746,0.596912705,0.0,1.0,0.0,0.596912705
483,0.1997580341,0.8977599286,0.0,1.0,0.0,0.8977599286
484,0.5937960767,0.6455892168,0.0,1.0,0.0,0.6455892168
485,0.2794823084,0.3208573126,0.0,1.0,0.0,0.3208573126
486,0.8739859452,0.3335973285,1.176e-07,0.9999998654,1.176e-07,0.3335972109
487,0.5117071847,0.589894413,0.0,1.0,0.0,0.589894413
488,0.098497088,0.9124231593,0.0,1.0,0.0,0.9124231593
489,0.8817546507,0.7968336694,2.429e-07,0.9999997246,2.429e-07,0.7968334266
490,0.8662425496,0.5214999343,5.23e-08,0.9999999396,5.23e-08,0.521499882
491,0.7858744708,0.9636328278,0.0,1.0,0.0,0.9636328278
492,0.9662572456,0.003851204,0.0001120187,0.999884056,0.0001120317,0.0037391853
493,0.3705945043,0.1286884122,0.0,1.0,0.0,0.1286884122
494,0.2922563981,0.8442501067,0.0,1.0,0.0,0.8442501067
495,0.0927173573,0.0607819944,0.0,1.0,0.0,0.0607819944
496,0.1509614958,0.223600418,0.0,1.0,0.0,0.223600418
497,0.2167290885,0.5696689083,0.0,1.0,0.0,0.5696689083
498,0.8295682051,0.4313652183,8e-10,0.999999999,8e-10,0.4313652175
499,0.7748362022,0.838079629,0.0,1.0,0.0,0.838079629
0,2.1092569678,0.7873012929,0.5258993971,0.4741006029,1.1092569678,0.608398856
1,1.5775488202,0.5039695813,0.3661051961,0.6338948039,0.5775488202,0.1378643852
2,2.0736126645,0.4849595643,0.5177498589,0.4822501411,1.0736126645,0.0331881747
3,2.547908432,0.5863152025,0.6075212172,0.3924787828,1.547908432,0.0684543452
4,1.4959640265,0.0026718291,0.3315347279,0.6684652721,0.4959640265,0.3288628988
5,1.6522827811,0.9603002403,0.3947767226,0.6052232774,0.6522827811,1.2290947339
6,2.4137803773,0.8880709572,0.5857121015,0.4142878985,1.4137803773,1.0255281297
7,1.8990569434,0.6285787043,0.4734228463,0.5265771537,0.8990569434,0.2152653328
8,1.6870153812,0.421235618,0.4072371769,0.5927628231,0.6870153812,0.0139984411
9,1.9428297152,0.5161595949,0.4852868513,0.5147131487,0.9428297152,0.0310462606
10,2.1545113121,0.4977719982,0.5358576238,0.4641423762,1.1545113121,0.0446510663
11,2.9594860846,0.7301273341,0.6628797162,0.3387075275,1.9570858703,2.6514297826
12,2.0980189242,0.8953146776,0.5233598761,0.4766401239,1.0980189242,1.0256992094
13,1.715856555,0.0066743264,0.4172006995,0.5827993005,0.715856555,0.4105263731
14,1.5798180121,0.4256121099,0.3670156991,0.6329843009,0.5798180121,0.0585964108
15,2.3970838991,0.3464397971,0.5828264499,0.4171735501,1.3970838991,0.2773813383
16,1.9039461671,0.8959214442,0.474775066,0.525224934,0.9039461671,1.0156249819
17,2.567625612,0.4690042465,0.6105351203,0.3894648797,1.567625612,0.2818730472
18,1.3372458038,0.8961226773,0.2521943257,0.7478056743,0.3372458038,0.8993570719
19,2.6577620676,0.1997515848,0.6237435953,0.3762564047,1.6577620676,0.5802538695
20,1.3887036076,0.0041081184,0.2799039374,0.7200960626,0.3887036076,0.275795819
21,2.2320155501,0.0214159544,0.5519744475,0.4480255525,1.2320155501,0.5455343798
22,1.8510927561,0.9901868956,0.4597785569,0.5402214431,0.8510927561,1.4139920291
23,1.7386742414,0.0952626711,0.4248491315,0.5751508685,0.7386742414,0.3295864604
24,1.6057057493,0.8897787771,0.3772208884,0.6227791116,0.6057057493,0.9520484955
25,2.5573933346,0.4895208495,0.608976849,0.391023151,1.5573933346,0.2624811435
26,2.896934047,0.6132519221,0.6548067896,0.3451917766,1.8969362367,0.6787054217
27,1.9941483058,0.4408490647,0.4985327836,0.5014672164,0.9941483058,0.0576837189
28,1.9665433534,0.7252179305,0.4914935395,0.5085064605,0.9665433534,0.4329382075
29,2.0481319339,0.1368022214,0.5117502035,0.4882497965,1.0481319339,0.3749985443
30,2.7192767636,0.1897270628,0.6322551594,0.3677448406,1.7192767636,0.6599592399
31,2.9570925825,0.2030726481,0.6625315337,0.3389046526,1.9549201482,3.2429176288
32,2.0491551166,0.663851351,0.511993996,0.488006004,1.0491551166,0.2616013991
33,1.5629033252,0.3879963267,0.3601651594,0.6398348406,0.5629033252,0.0278311673
34,2.7088838515,0.5448458574,0.6308442684,0.3691557316,1.7088838515,0.3820179432
35,1.3499445881,0.9421696021,0.2592288537,0.7407711463,0.3499445881,1.0542921782
36,2.061091149,0.9069480455,0.5148200988,0.4851799012,1.061091149,1.0747359799
37,1.4288017371,0.3964093202,0.300112833,0.699887167,0.4288017371,0.0962964872
38,1.5967082137,0.5821078442,0.3737114951,0.6262885049,0.5967082137,0.2083963491
39,1.7688822549,0.3990382125,0.4346712466,0.5653287534,0.7688822549,0.0356330341
40,1.6956951629,0.5791044384,0.4102713613,0.5897286387,0.6956951629,0.1688330771
41,2.6490595935,0.1740681647,0.6225075485,0.3774924515,1.6490595935,0.4607414584
42,1.903733729,0.9345727143,0.474716456,0.525283544,0.903733729,1.1764756483
43,2.8530533403,0.7446935479,0.6494983258,0.3505016952,1.853053308,1.1168985067
44,2.5104106603,0.5056674285,0.601658798,0.398341202,1.5104106603,0.2066277127
45,1.5660051243,0.8350804711,0.3614324854,0.6385675146,0.5660051243,0.7651691292
46,2.1848965202,0.016684376,0.5423124204,0.4576875796,1.1848965202,0.5270429105
47,1.8893179593,0.8508020188,0.4707084665,0.5292915335,0.8893179593,0.8418582123
48,2.6596549733,0.071767632,0.6240113812,0.3759886188,1.6596549733,0.5962133313
49,2.9806254352,0.7235200442,0.6697090864,0.3409007728,1.9645279209,3.8967110098
50,1.6005788641,0.9800994951,0.375226037,0.624773963,0.6005788641,1.292888632
51,2.0662070263,0.1605813672,0.5160213922,0.4839786078,1.0662070263,0.3565645207
52,2.1752963865,0.7313897296,0.5402925292,0.4597074708,1.1752963865,0.4200235943
53,1.3812959155,0.3803220973,0.2760421654,0.7239578346,0.3812959155,0.1042799319
54,2.4624301948,0.0479051913,0.5938971175,0.4061028825,1.4624301948,0.6111942792
55,1.5502673182,0.0104915658,0.3549499572,0.6450500428,0.5502673182,0.3444583914
56,2.0609387929,0.5885946538,0.5147842316,0.4852157684,1.0609387929,0.1062185444
57,1.9915306841,0.3455673325,0.4978736667,0.5021263333,0.9915306841,0.1523063342
58,2.5146574173,0.183626073,0.6023315172,0.3976684828,1.5146574173,0.4424219238
59,2.4592297541,0.0279445922,0.5933686154,0.4066313846,1.4592297541,0.636378938
60,1.4163047309,0.3496154804,0.2939372593,0.7060627407,0.4163047309,0.0556782211
61,2.4239264489,0.3199983788,0.5874462278,0.4125537722,1.4239264489,0.3273728027
62,1.4664838566,0.4940377131,0.3180968236,0.6819031764,0.4664838566,0.1759408895
63,1.9989917043,0.4900528267,0.4997477989,0.5002522011,0.9989917043,0.0096949722
64,2.3430522012,0.1188542726,0.5732062651,0.4267937349,1.3430522012,0.4614128006
65,2.1421696146,0.2113824796,0.5331835569,0.4668164431,1.1421696146,0.326988645
66,1.3456375373,0.740529759,0.2568578296,0.7431421704,0.3456375373,0.4836719294
67,2.0839251196,0.2200851524,0.5201363088,0.4798636912,1.0839251196,0.3000681683
68,2.5657513313,0.6951866973,0.6102506163,0.3897493837,1.5657513313,0.3446935879
69,2.2670117335,0.5937435422,0.5588906818,0.4411093182,1.2670117335,0.0669074236
70,1.9322282132,0.6434356898,0.4824627893,0.5175372107,0.9322282132,0.239290915
71,2.4735330407,0.8854925986,0.5957199748,0.4042800252,1.4735330407,1.0568274273
72,1.6872022219,0.2241397701,0.4073028194,0.5926971806,0.6872022219,0.1831630493
73,1.9245796972,0.4476472492,0.4804060328,0.5195939672,0.9245796972,0.0327587836
74,2.8162616604,0.9754258431,0.6449193576,0.3550806427,1.81626166,1.8993527271
75,2.3987120719,0.7818502304,0.5831096147,0.4168903853,1.3987120719,0.5509339593
76,1.8074973924,0.1567503089,0.4467488561,0.5532511439,0.8074973924,0.2899985472
77,1.7150034285,0.0192758333,0.4169107867,0.5830892133,0.7150034285,0.3976349534
78,1.9846834885,0.6183700669,0.4961413214,0.5038586786,0.9846834885,0.1777863213
79,2.0984903151,0.3884710321,0.5234669453,0.4765330547,1.0984903151,0.1375555963
80,1.5683407133,0.2269799725,0.3623834467,0.6376165533,0.5683407133,0.1354034742
81,1.3624322182,0.6985441545,0.2660185317,0.7339814683,0.3624322182,0.4325256228
82,2.4950684442,0.0756566078,0.5992093915,0.4007906085,1.4950684442,0.5669482843
83,2.6521236497,0.5247298169,0.6229436738,0.3770563262,1.6521236497,0.3318109268
84,1.4425653728,0.2656031858,0.3067905144,0.6932094856,0.4425653728,0.0411873286
85,2.3614136133,0.5744336336,0.5765248433,0.4234751567,1.3614136133,0.0044295743
86,2.3033550229,0.5049147388,0.5658506873,0.4341493127,1.3033550229,0.0900394878
87,1.6882522611,0.3875656487,0.4076714582,0.5923285418,0.6882522611,0.0201058095
88,2.5573656246,0.6698778306,0.6089726121,0.3910273879,1.5573656246,0.2384286462
89,2.4626447461,0.8165665951,0.5939324981,0.4060675019,1.4626447461,0.7048997998
90,1.7156159723,0.9868705002,0.4171189729,0.5828810271,0.7156159723,1.3595306025
91,2.9743854911,0.5800306112,0.6606578199,0.3330141776,1.983872953,3.532455952
92,1.9531484412,0.8047719815,0.4880061449,0.5119938551,0.9531484412,0.6790440444
93,2.0223722915,0.1117418738,0.5055312001,0.4944687999,1.0223722915,0.3939124678
94,2.2682506074,0.4142675213,0.5591316071,0.4408683929,1.2682506074,0.1508261281
95,1.9546972537,0.4233306694,0.4884118253,0.5115881747,0.9546972537,0.0650811559
96,1.5131096907,0.3786607332,0.3391093811,0.6608906189,0.5131096907,0.0395513522
97,2.0538777564,0.0194144488,0.5131161059,0.4868838941,1.0538777564,0.4939572281
98,2.5288498846,0.3305967318,0.604563321,0.395436679,1.5288498846,0.3558868196
99,2.5169396149,0.8676159952,0.6026920972,0.3973079028,1.5169396149,1.0039094788
100,2.3110244128,0.708152549,0.5672914598,0.4327085402,1.3110244128,0.3477347476
101,1.7291793672,0.0787107667,0.4216909946,0.5783090054,0.7291793672,0.3429802279
102,1.8033604643,0.7638336911,0.4454796921,0.5545203079,0.8033604643,0.5586905625
103,1.7881397899,0.3608631141,0.4407596063,0.5592403937,0.7881397899,0.0798964923
104,1.4596534,0.3384131341,0.3149058537,0.6850941463,0.4596534,0.0235072804
105,2.1468477133,0.3821596242,0.5342007755,0.4657992245,1.1468477133,0.1577168472
106,2.0295906245,0.6975540734,0.5072898012,0.4927101988,1.0295906245,0.3486516351
107,1.3641253835,0.8783307324,0.2669295564,0.7330704436,0.3641253835,0.8537034325
108,2.518363017,0.3907050406,0.6029166592,0.3970833408,1.518363017,0.2194521715
109,2.23950744,0.3894500814,0.5534732405,0.4465267595,1.23950744,0.1747305777
110,1.948690393,0.7668309019,0.4868348489,0.5131651511,0.948690393,0.5568091175
111,2.7377326824,0.8724238408,0.6347342433,0.3652657567,1.7377326824,1.1535907922
112,2.4138380076,0.3855072407,0.5857219926,0.4142780074,1.4138380076,0.2184502691
113,2.7473615208,0.1100291193,0.6360144115,0.3639855885,1.7473615208,0.9114622592
114,1.6463409198,0.8202832553,0.392592392,0.607407608,0.6463409198,0.7274729807
115,2.6783502469,0.3258961307,0.6266358363,0.3733641637,1.6783502469,0.4424943406
116,2.8633739829,0.4876147612,0.6507616228,0.3492383145,1.8633740793,1.1060034105
117,2.340328329,0.0307707838,0.5727095264,0.4272904736,1.340328329,0.5800308247
118,1.7493583506,0.6426525676,0.4283618336,0.5716381664,0.7493583506,0.2675332537
119,1.4160469489,0.7818260255,0.2938087252,0.7061912748,0.4160469489,0.5925529076
120,1.642785628,0.2328938833,0.3912778497,0.6087221503,0.642785628,0.1583839663
121,1.8050900298,0.2750644581,0.4460110114,0.5539889886,0.8050900298,0.1709465533
122,1.7625368085,0.2339007787,0.4326359625,0.5673640375,0.7625368085,0.1987351838
123,1.7589056648,0.4404224591,0.4314646771,0.5685353229,0.7589056648,0.008957782
124,2.96048611,0.4920452251,0.661278406,0.3368074265,1.9633724021,3.1581779456
125,2.6816277146,0.5896836021,0.6270921595,0.3729078405,1.6816277146,0.178765183
126,2.5953405509,0.7885368566,0.6146941103,0.3853058897,1.5953405509,0.6527548229
127,2.6047761769,0.6979930363,0.6160898549,0.3839101451,1.6047761769,0.3687775068
128,2.4192213914,0.7785947856,0.5866438667,0.4133561333,1.4192213914,0.5363815696
129,2.7156345172,0.8994534558,0.6317619349,0.3682380651,1.7156345172,1.3898265332
130,2.0248580357,0.8469157703,0.5061382169,0.4938617831,1.0248580357,0.8280366838
131,1.8189595429,0.0647356052,0.4502351611,0.5497648389,0.8189595429,0.3854995559
132,2.0315066123,0.9487389432,0.5077544941,0.4922455059,1.0315066123,1.2591142955
133,2.7944042277,0.4392269395,0.6421419671,0.3578580329,1.7944042277,0.6701232975
134,2.273859521,0.6698042259,0.5602190941,0.4397809059,1.273859521,0.2472686491
135,2.2458396968,0.8676572958,0.554732245,0.445267755,1.2458396968,0.9093396912
136,2.6752948015,0.5267049005,0.6262094183,0.3737905817,1.6752948015,0.3643336445
137,2.7862442615,0.0937767754,0.6410939221,0.3589060779,1.7862442615,1.0873731905
138,2.9031703892,0.4056939845,0.6555471928,0.3444490399,1.9031761359,1.1690245119
139,1.6090732215,0.9452842003,0.378524242,0.621475758,0.6090732215,1.1573595331
140,2.7530212454,0.5772725888,0.6367627015,0.3632372985,1.7530212454,0.3557683857
141,1.8876926087,0.3528142832,0.4702527332,0.5297472668,0.8876926087,0.11743845
142,2.7573038592,0.8049402623,0.6373268776,0.3626731224,1.7573038592,0.9176739371
143,2.5705248957,0.903209739,0.6109743961,0.3890256039,1.5705248957,1.1845532874
144,2.576640117,0.1505206896,0.6118976828,0.3881023172,1.576640117,0.5587999115
145,2.868394395,0.8765798222,0.651372874,0.3486270553,1.8683945035,1.3516131262
146,2.5977640929,0.9887974409,0.6150535752,0.3849464248,1.5977640929,1.5645512182
147,1.5183265224,0.8482378446,0.3413801411,0.6586198589,0.5183265224,0.7987084138
148,2.9161800591,0.0170036757,0.6570852508,0.3429139219,1.9161813182,0.678682538
149,2.2903802732,0.580641223,0.5633912797,0.4366087203,1.2903802732,0.0330940677
150,1.495532655,0.844578199,0.3313419158,0.6686580842,0.495532655,0.7832953402
151,2.3852021115,0.2909552444,0.5807483168,0.4192516832,1.3852021115,0.3414496124
152,2.9005064993,0.0624001128,0.6552309388,0.3447654938,1.9005119437,1.5130831121
153,1.5707122474,0.9717883909,0.3633461497,0.6366538503,0.5707122474,1.2490101443
154,2.7756921132,0.0413710302,0.6397294948,0.3602705052,1.7756921132,1.0398612194
155,2.8854589117,0.1925959394,0.6534350476,0.3465657418,1.8854577037,1.5009456154
156,1.8078698795,0.4606671712,0.446862846,0.553137154,0.8078698795,0.0138043253
157,1.3095275002,0.0592437323,0.2363657885,0.7636342115,0.3095275002,0.1771220563
158,2.8396596769,0.5311444458,0.6478451227,0.3521548734,1.8396596828,0.8700567276
159,1.859082981,0.3234121203,0.4621003956,0.5378996044,0.859082981,0.1386882753
160,1.4923451607,0.8938360025,0.3299137315,0.6700862685,0.4923451607,0.9405229091
161,1.9731796865,0.1585391428,0.4932037833,0.5067962167,0.9731796865,0.3346646405
162,1.476251403,0.717350344,0.3226086031,0.6773913969,0.476251403,0.4413129386
163,1.6784247572,0.6451205505,0.4042032592,0.5957967408,0.6784247572,0.2808065951
164,2.4308154166,0.1610132836,0.5886154114,0.4113845886,1.4308154166,0.4852976132
165,2.916310937,0.9394361572,0.65709219,0.3428893111,1.9163390888,2.3273505989
166,1.8090172332,0.0951413436,0.4472136685,0.5527863315,0.8090172332,0.3520723249
167,2.5945707094,0.61142341,0.6145797852,0.3854202148,1.5945707094,0.012318802
168,2.5312016894,0.5198413949,0.6049307314,0.3950692686,1.5312016894,0.2052465979
169,2.7636210476,0.9541633607,0.6381558894,0.3618441106,1.7636210476,1.6856389594
170,1.3477254398,0.0749270389,0.2580091089,0.7419908911,0.3477254398,0.18308207
171,1.9479776874,0.3510248617,0.4866470974,0.5133529026,0.9479776874,0.1356222358
172,1.6388753363,0.5675248952,0.3898254627,0.6101745373,0.6388753363,0.1776994325
173,1.8250878676,0.0538922846,0.452081175,0.547918825,0.8250878676,0.3981888904
174,2.6809984262,0.3183093294,0.62700463,0.37299537,1.6809984262,0.4737669519
175,2.7829736945,0.5442045491,0.6406721336,0.3593278664,1.7829736945,0.5736989787
176,1.7007258236,0.7929680117,0.4120157487,0.5879842513,0.7007258236,0.646568314
177,2.9671557084,0.8164298097,0.6647233487,0.3388389633,1.9617677442,3.7785400282
178,2.3271428912,0.0463454337,0.5702885269,0.4297114731,1.3271428912,0.5374321779
179,1.4075823304,0.3897178057,0.2895619827,0.7104380173,0.4075823304,0.100155823
180,1.6587809175,0.6007381161,0.3971476345,0.6028523655,0.6587809175,0.2035904816
181,1.3722056423,0.0826224527,0.2712462555,0.7287537445,0.3722056423,0.1886238028
182,1.732493317,0.3954166773,0.4227971963,0.5772028037,0.732493317,0.0273805189
183,2.5639268621,0.6337514472,0.6099732739,0.3900267261,1.5639268621,0.0898593253
184,1.3610974529,0.1035806251,0.26529875,0.73470125,0.3610974529,0.1617181249
185,1.5560219925,0.7806240174,0.3573355616,0.6426644384,0.5560219925,0.6050215459
186,2.9763365595,0.5656152584,0.6601425633,0.3320625551,1.9880066367,3.912787592
187,1.5555256705,0.2504159095,0.3571305065,0.6428694935,0.5555256705,0.106714597
188,2.0588612909,0.1226976832,0.5142946228,0.4857053772,1.0588612909,0.3917463124
189,2.9894796915,0.8932715631,0.6548913184,0.324117419,2.0205372498,5.3206080861
190,2.1915152185,0.0196906876,0.5436947042,0.4563052958,1.1915152185,0.5314344881
191,2.1390985153,0.7377401888,0.5325133495,0.4674866505,1.1390985153,0.4459974771
192,1.3804709703,0.4604564538,0.2756095409,0.7243904591,0.3804709703,0.1848469129
193,1.961579041,0.2053048754,0.4902066248,0.5097933752,0.961579041,0.2849017494
194,2.9900651113,0.4276902894,0.6536172091,0.3227891455,2.0249045489,5.5418081639
195,1.4569932022,0.9914894011,0.3136549996,0.6863450004,0.4569932022,1.2805556921
196,2.5972780341,0.0072392978,0.6149815357,0.3850184643,1.5972780341,0.7858549601
197,2.2168313293,0.3956741126,0.5489056895,0.4510943105,1.2168313293,0.1617080643
198,2.4069035712,0.6005242715,0.5845284323,0.4154715677,1.4069035712,0.0396623635
199,1.4185176886,0.7925726629,0.2950387521,0.7049612479,0.4185176886,0.6211992896
200,1.6484929785,0.9638062327,0.3933853447,0.6066146553,0.6484929785,1.2421802494
201,2.3786666441,0.7634979148,0.5795964086,0.4204035914,1.3786666441,0.4946065641
202,2.3711292973,0.4098168159,0.5782600294,0.4217399706,1.3711292973,0.1739123468
203,1.8068672541,0.1771132071,0.4465559118,0.5534440882,0.8068672541,0.2694427047
204,2.7214197737,0.36988705,0.6325447439,0.3674552561,1.7214197737,0.2751754479
205,2.7201629854,0.0837709019,0.6323749697,0.3676250303,1.7201629854,0.8543008095
206,1.4603885566,0.0615475192,0.3152507287,0.6847492713,0.4603885566,0.2537032094
207,2.3286103798,0.66336837,0.5705593307,0.4294406693,1.3286103798,0.2263785779
208,1.312786466,0.7214846517,0.238261495,0.761738505,0.312786466,0.4832231567
209,1.5279228061,0.66546191,0.345516674,0.654483326,0.5279228061,0.3306790332
210,1.8198620646,0.6633162331,0.4505078053,0.5494921947,0.8198620646,0.3009724268
211,2.0789092342,0.6136561511,0.5189785184,0.4810214816,1.0789092342,0.1482880073
212,2.4512612988,0.915371812,0.5920467555,0.4079532445,1.4512612988,1.1523561258
213,1.3721842204,0.6592636846,0.2712348786,0.7287651214,0.3721842204,0.388028806
214,1.9920634053,0.4444269057,0.4980079463,0.5019920537,0.9920634053,0.0535810406
215,2.540831558,0.09884994,0.6064280622,0.3935719378,1.540831558,0.6028733881
216,2.3462075364,0.8299625456,0.5737802456,0.4262197544,1.3462075364,0.7787151648
217,1.8504299737,0.5572729411,0.4595850617,0.5404149383,0.8504299737,0.103782539
218,1.5723565862,0.5725871707,0.3640119495,0.6359880505,0.5723565862,0.2085752213
219,2.4441821496,0.4136933548,0.5908651897,0.4091348103,1.4441821496,0.1843034899
220,2.4234108363,0.4276629913,0.5873584516,0.4126415484,1.4234108363,0.1800980211
221,2.6181913701,0.0020764762,0.618056949,0.381943051,1.6181913701,0.7764437179
222,1.6265194284,0.7450782386,0.3851902519,0.6148097481,0.6265194284,0.512397165
223,2.5181236302,0.1826768784,0.6028789103,0.3971210897,1.5181236302,0.444944227
224,2.7371937184,0.8113041465,0.634662321,0.365337679,1.7371937184,0.8593715346
225,2.8523927994,0.8603235742,0.6494171478,0.3505828498,1.852392803,0.9020741587
226,2.8591422051,0.1702782569,0.6502447621,0.3497552666,1.859142161,1.0361642272
227,1.3978761977,0.2370973312,0.2846290668,0.7153709332,0.3978761977,0.0475317356
228,1.896195577,0.6483755463,0.4726282394,0.5273717606,0.896195577,0.2563966364
229,2.9086160479,0.0196089091,0.6561966783,0.3438092012,1.9086070879,1.2522637415
230,2.8027053565,0.6101657389,0.6432018807,0.3567981192,1.8027053565,0.2780768322
231,2.6918281552,0.174383679,0.6285052602,0.3714947398,1.6918281552,0.5229217776
232,1.5090116199,0.1025665908,0.3373145794,0.6626854206,0.5090116199,0.2347479887
233,2.2848326988,0.2501984567,0.5623311937,0.4376688063,1.2848326988,0.3142862688
234,2.1787153639,0.4512342058,0.5410139312,0.4589860688,1.1787153639,0.090427798
235,1.5900112038,0.5703498682,0.3710736141,0.6289263859,0.5900112038,0.1992762541
236,2.4074322502,0.4058804954,0.5846196711,0.4153803289,1.4074322502,0.1842430489
237,2.8534301057,0.3837092836,0.6495445922,0.3504553992,1.8534301189,0.6192600453
238,2.951118594,0.1980080114,0.6615348803,0.3392645417,1.9499086967,2.9445709831
239,2.3136009357,0.5225495528,0.5677733422,0.4322266578,1.3136009357,0.0733002456
240,2.190298091,0.3351999592,0.5434411398,0.4565588602,1.190298091,0.2177592005
241,1.9914253655,0.0484644834,0.4978471113,0.5021528887,0.9914253655,0.4493826278
242,1.6074813298,0.2943910938,0.3779087934,0.6220912066,0.6074813298,0.0835176996
243,2.9160760134,0.0530114127,0.6570696596,0.3429224935,1.9160879556,1.0475730575
244,2.4422619479,0.0700181792,0.590543512,0.409456488,1.4422619479,0.5821783424
245,2.7926683205,0.6559722979,0.6419195245,0.3580804755,1.7926683205,0.1243435339
246,2.6496230814,0.581901529,0.6225878288,0.3774121712,1.6496230814,0.171099333
247,1.5144357167,0.0902880175,0.3396880508,0.6603119492,0.5144357167,0.2494000334
248,2.8321707139,0.8472108458,0.6469139397,0.3530860607,1.8321707134,0.89085328
249,1.5508249578,0.8587376763,0.3551819018,0.6448180982,0.5508249578,0.8376668645
250,2.7679542475,0.0929363344,0.6387223521,0.3612776479,1.7679542475,1.0257087831
251,2.2773491442,0.0183611073,0.5608929783,0.4391070217,1.2773491442,0.5649773009
252,1.7788509275,0.7594131277,0.4378393464,0.5621606536,0.7788509275,0.5472431645
253,1.4611035134,0.762170318,0.3155857947,0.6844142053,0.4611035134,0.548057217
254,2.9150243342,0.1158439326,0.6569432651,0.3430432875,1.9150448035,1.3985372692
255,2.5685566774,0.1698375908,0.6106762958,0.3893237042,1.5685566774,0.4836959863
256,2.5387738737,0.4426394931,0.6061090709,0.3938909291,1.5387738737,0.2544425039
257,1.4853301528,0.5914365235,0.3267490072,0.6732509928,0.4853301528,0.2646875163
258,2.951693171,0.3651213505,0.6610433162,0.3386120832,1.9522141974,1.2427766058
259,1.7674950957,0.9307419006,0.4342275674,0.5657724326,0.7674950957,1.1370989981
260,2.1996757859,0.9788139856,0.5453875492,0.4546124508,1.1996757859,1.4441309233
261,2.604230358,0.3876984077,0.6160093914,0.3839906086,1.604230358,0.2394980516
262,2.2165081525,0.8461836229,0.5488399179,0.4511600821,1.2165081525,0.8200637432
263,2.3065340253,0.3965439604,0.5664490578,0.4335509422,1.3065340253,0.1814221072
264,2.5686931499,0.5514820208,0.6106969803,0.3893030197,1.5686931499,0.1785487664
265,1.3760118518,0.8923456198,0.2732620735,0.7267379265,0.3760118518,0.9012347711
266,2.2035373318,0.7693114192,0.5461842259,0.4538157741,1.2035373318,0.5418426307
267,1.4905161873,0.7258539301,0.3290914862,0.6709085138,0.4905161873,0.4617497773
268,2.5292924869,0.0841822304,0.6046325187,0.3953674813,1.5292924869,0.5241691449
269,2.7607591932,0.2602195598,0.6377807951,0.3622192049,1.7607591932,0.8128854714
270,1.5586906029,0.8108832575,0.3584358576,0.6415641424,0.5586906029,0.6912637188
271,2.3823038285,0.0945964082,0.5802382601,0.4197617399,1.3823038285,0.5027913706
272,2.8386075393,0.8061212138,0.647714599,0.3522854047,1.8386075336,1.2387074031
273,1.8599267923,0.8939754517,0.4623444298,0.5376555702,0.8599267923,1.0037397216
274,2.0782667216,0.7450526337,0.5188298068,0.4811701932,1.0782667216,0.4758997318
275,1.5888070853,0.232383755,0.3705969659,0.6294030341,0.5888070853,0.1382132109
276,2.4564032252,0.8777886014,0.5929007136,0.4070992864,1.4564032252,1.0195630967
277,2.8560175632,0.2176692907,0.6498621116,0.3501379197,1.8560175149,1.3185463706
278,1.6162498995,0.4563245247,0.3812837976,0.6187162024,0.6162498995,0.0750407271
279,1.5048141597,0.850033602,0.3354661148,0.6645338852,0.5048141597,0.8018429002
280,1.6716402928,0.6901717742,0.4017851781,0.5982148219,0.6716402928,0.3770475636
281,2.5294731775,0.8108747392,0.6046607614,0.3953392386,1.5294731775,0.6487343862
282,2.7230420662,0.4337915824,0.6327636608,0.3672363392,1.7230420662,0.4717647883
283,2.2429038095,0.0457883772,0.5541494041,0.4458505959,1.2429038095,0.5246870303
284,1.6442290229,0.2758039512,0.3918122196,0.6081877804,0.6442290229,0.1160082684
285,1.8685335912,0.2163930397,0.4648209672,0.5351790328,0.8685335912,0.2484279275
286,2.5898328497,0.2083839683,0.6138746946,0.3861253054,1.5898328497,0.5057458841
287,2.4688374435,0.6844598243,0.5949510558,0.4050489442,1.4688374435,0.2893089912
288,1.6788188722,0.9367188853,0.4043431268,0.5956568732,0.6788188722,1.1420326115
289,2.6332833861,0.2961192728,0.6202459617,0.3797540383,1.6332833861,0.5061853048
290,1.3998900725,0.9582061843,0.2856581959,0.7143418041,0.3998900725,1.1317413251
291,1.6325103636,0.5561238,0.3874464614,0.6125535386,0.6325103636,0.1686773386
292,2.7680212536,0.5573036172,0.6387310976,0.3612689024,1.7680212536,0.4798646971
293,1.9383321571,0.4923270522,0.4840925502,0.5159074498,0.9383321571,0.008234502
294,2.2156914394,0.7782782877,0.5486736184,0.4513263816,1.2156914394,0.5726868095
295,2.0609561075,0.3964665492,0.514788308,0.485211692,1.0609561075,0.1190761302
296,2.7322797561,0.2999754191,0.6340052669,0.3659947331,1.7322797561,0.6010896996
297,2.4364021215,0.9357258313,0.5895587222,0.4104412778,1.4364021215,1.301779098
298,2.9820197762,0.0063376846,0.6587860477,0.3294696782,1.99953468,4.0846826235
299,2.7402364452,0.7262932075,0.6350679877,0.3649320123,1.7402364452,0.6319011815
300,2.089882385,0.0481624002,0.5215041731,0.4784958269,1.089882385,0.4742036449
301,2.2717878305,0.3250236526,0.5598180488,0.4401819512,1.2717878305,0.2574832345
302,2.0459551841,0.3307127598,0.5112307407,0.4887692593,1.0459551841,0.1808524007
303,1.4927569094,0.2874899727,0.3300985621,0.6699014379,0.4927569094,0.0426085894
304,1.9642177346,0.3645845262,0.4908914718,0.5091085282,0.9642177346,0.1263069455
305,1.4153099174,0.2634495922,0.2934409717,0.7065590283,0.4153099174,0.0299913794
306,2.0613509306,0.0462860817,0.5148812436,0.4851187564,1.0613509306,0.4694991091
307,1.7887041496,0.0914015376,0.4409360541,0.5590639459,0.7887041496,0.3495345164
308,2.6004236782,0.7581068617,0.6154472795,0.3845527205,1.6004236782,0.5953246764
309,2.2394493104,0.2051619307,0.55346165,0.44653835,1.2394493104,0.3631412958
310,2.2278705746,0.8352348316,0.5511408915,0.4488591085,1.2278705746,0.7843678048
311,2.2911275521,0.5862745843,0.5635336849,0.4364663151,1.2911275521,0.0443959969
312,1.4512984774,0.8060822747,0.3109618624,0.6890381376,0.4512984774,0.6633286385
313,2.5896893509,0.2735183428,0.6138532988,0.3861467012,1.5896893509,0.5100186441
314,2.068071967,0.1464378975,0.5164578332,0.4835421668,1.068071967,0.3711041813
315,2.7603710342,0.8646027157,0.6377298604,0.3622701396,1.7603710342,1.051177546
316,2.7571605224,0.0435594038,0.6373080233,0.3626919767,1.7571605224,0.966941579
317,1.6038375231,0.1007924708,0.3764954457,0.6235045543,0.6038375231,0.2757029749
318,1.4459270236,0.8270135634,0.3084021644,0.6915978356,0.4459270236,0.72170093
319,1.5316414247,0.8567439215,0.3471056712,0.6528943288,0.5316414247,0.8278813262
320,2.2588607213,0.9528433583,0.5572989558,0.4427010442,1.2588607213,1.3231634422
321,2.0036397939,0.6383854947,0.5009082955,0.4990917045,1.0036397939,0.2142155225
322,1.9588998225,0.9828559835,0.4895093723,0.5104906277,0.9588998225,1.4063500433
323,2.73870767,0.269670833,0.6348642789,0.3651357211,1.73870767,0.7318328676
324,2.7516000381,0.7629805389,0.6365750886,0.3634249114,1.7516000381,0.8382498297
325,1.3183118849,0.8129819721,0.241454157,0.758545843,0.3183118849,0.653557826
326,1.8700310558,0.7380225661,0.4652495225,0.5347504775,0.8700310558,0.4801488145
327,2.9779277107,0.602859573,0.6602653908,0.3318326759,1.9897539898,3.3435912092
328,2.2919118633,0.5897552565,0.5636830473,0.4363169527,1.2919118633,0.051461846
329,2.4245518687,0.0273281813,0.5875526472,0.4124473528,1.4245518687,0.6259438726
330,1.8761616101,0.3611072544,0.4669968756,0.5330031244,0.8761616101,0.1058896213
331,2.6870818549,0.9036727913,0.6278490742,0.3721509258,1.6870818549,1.3541702798
332,1.7314327824,0.9156993553,0.4224436489,0.5775563511,0.7314327824,1.0708304003
333,2.1723683121,0.5648783514,0.5396729024,0.4603270976,1.1723683121,0.0388717471
334,1.3833229233,0.993573609,0.2771029937,0.7228970063,0.3833229233,1.253011313
335,2.4392932991,0.3102580877,0.5900451986,0.4099548014,1.4392932991,0.3485261798
336,1.4039324919,0.0789264854,0.2877150392,0.7122849608,0.4039324919,0.2087885537
337,2.3605234501,0.5449031712,0.576365149,0.423634851,1.3605234501,0.0601505082
338,1.4739403209,0.7760217464,0.3215464793,0.6784535207,0.4739403209,0.5851912089
339,2.8138524093,0.4513223311,0.6446153334,0.3553846664,1.8138524096,0.7731189047
340,1.7686176292,0.3610240814,0.4345866605,0.5654133395,0.7686176292,0.0735625792
341,2.8370854476,0.8827510258,0.6475255955,0.3524744017,1.8370854519,1.4438824179
342,2.7038057925,0.3559309953,0.6301509514,0.3698490486,1.7038057925,0.3218858332
343,1.8066837263,0.462685407,0.4464996914,0.5535003086,0.8066837263,0.0161857156
344,2.2209394984,0.1688104011,0.5497400984,0.4502599016,1.2209394984,0.391965759
345,2.595050955,0.9159660317,0.6146511119,0.3853488881,1.595050955,1.2086603676
346,1.3896758005,0.6829982575,0.280407704,0.719592296,0.3896758005,0.4025905535
347,1.8718406018,0.1053275233,0.4657664766,0.5342335234,0.8718406018,0.3604389533
348,1.3906652344,0.2113323158,0.2809196813,0.7190803187,0.3906652344,0.0695873655
349,2.1013060452,0.8673009966,0.5241054951,0.4758945049,1.1013060452,0.9104267037
350,2.9489941749,0.505285202,0.6605964618,0.3387777342,1.94994061,2.6086446828
351,2.5564390413,0.8209038649,0.608830884,0.391169116,1.5564390413,0.7001736542
352,2.8920984604,0.4742784664,0.6542295722,0.3457688717,1.8921008389,1.3781051849
353,2.7142062314,0.6020664294,0.6315681585,0.3684318415,1.7142062314,0.1642817565
354,2.1185476746,0.4975791989,0.5279785242,0.4720214758,1.1185476746,0.0341468554
355,2.7425282327,0.3912292815,0.6353729424,0.3646270576,1.7425282327,0.3862864255
356,1.5632891427,0.027446135,0.3603230697,0.6396769303,0.5632891427,0.3328769347
357,2.8636249122,0.6861081469,0.6507922696,0.3492077633,1.8636248616,0.4960934991
358,1.3144653074,0.1619026448,0.2392343911,0.7607656089,0.3144653074,0.0773317463
359,1.9214606455,0.4001195376,0.4795625909,0.5204374091,0.9214606455,0.0794430533
360,2.6206062347,0.4008184526,0.618408906,0.381591094,1.6206062347,0.2765270554
361,2.0780722,0.1755391356,0.518784766,0.481215234,1.0780722,0.3442643251
362,2.4696771071,0.3481614602,0.595088768,0.404911232,1.4696771071,0.2983726635
363,1.8855091913,0.26706496,0.4696392865,0.5303607135,0.8855091913,0.2025743265
364,2.7378003889,0.1958357484,0.6347432764,0.3652567236,1.7378003889,0.7321372536
365,2.5705198651,0.7482341085,0.6109736347,0.3890263653,1.5705198651,0.5427776558
366,2.223481385,0.8440388537,0.5502548361,0.4497451639,1.223481385,0.8143755102
367,2.5865214029,0.3350942655,0.6133803498,0.3866196502,1.5865214029,0.3691481852
368,2.5175381462,0.7041192034,0.602786555,0.397213445,1.5175381462,0.3666691686
369,2.7147717177,0.7381493553,0.6316449028,0.3683550972,1.7147717177,0.6560361947
370,1.5633553156,0.8942461487,0.3603501456,0.6396498544,0.5633553156,0.9589033506
371,1.7977239854,0.0074003756,0.4437410814,0.5562589186,0.7977239854,0.4363407058
372,2.5716321147,0.6592806844,0.6111418915,0.3888581085,1.5716321147,0.1932245484
373,1.9103125952,0.5686576645,0.4765254637,0.5234745363,0.9103125952,0.1080367798
374,1.8972322639,0.3329514729,0.4729164062,0.5270835938,0.8972322639,0.1399649333
375,1.4877890462,0.4682132213,0.3278617002,0.6721382998,0.4877890462,0.1403515211
376,2.0227469443,0.9606687903,0.5056227855,0.4943772145,1.0227469443,1.3134855373
377,1.6180106312,0.8295752276,0.3819570893,0.6180429107,0.6180106312,0.7540230828
378,2.3828294058,0.8711212782,0.5803308464,0.4196691536,1.3828294058,0.9588653607
379,2.2237388625,0.6008982424,0.5503069102,0.4496930898,1.2237388625,0.0928155201
380,2.4237240819,0.0419078895,0.5874117819,0.4125882181,1.4237240819,0.5495915638
381,1.8161349237,0.7178961169,0.4493801166,0.5506198834,0.8161349237,0.4316642866
382,2.8295768055,0.6007725543,0.6465902608,0.3534097385,1.8295768065,0.4344259316
383,2.999900838,0.7500782616,0.6882717886,0.3565828224,1.9301877304,7.1977726678
384,1.4719406908,0.348357357,0.3206248008,0.6793751992,0.4719406908,0.0277325562
385,1.6410567233,0.7692650872,0.3906365418,0.6093634582,0.6410567233,0.5773385939
386,2.8532024197,0.6367426214,0.6495166282,0.3504833684,1.853202425,0.1570245222
387,2.2134197672,0.9529424207,0.5482104141,0.4517895859,1.2134197672,1.315748702
388,2.951336306,0.654684315,0.661126867,0.3387837772,1.9514714446,0.2549789374
389,2.9924742697,0.87429315,0.6633300992,0.331673233,1.999950654,1.6037442586
390,2.1721892039,0.0110178237,0.5396349461,0.4603650539,1.1721892039,0.5367280018
391,1.6833888519,0.8386245025,0.4059601863,0.5940398137,0.6833888519,0.7889470593
392,2.7181440054,0.1427847036,0.6321019056,0.3678980944,1.7181440054,0.6232419573
393,2.4499990967,0.1575051131,0.5918365842,0.4081634158,1.4499990967,0.4989966859
394,1.3407681972,0.1196981969,0.2541589202,0.7458410798,0.3407681972,0.1344607233
395,2.5965899248,0.9450219394,0.6148795039,0.3851204961,1.5965899248,1.4364087574
396,1.7051911995,0.4832894558,0.4135555002,0.5864444998,0.7051911995,0.0697339556
397,2.6981742349,0.1738485129,0.6293790123,0.3706209877,1.6981742349,0.5299950116
398,1.8511490307,0.527387734,0.4597949795,0.5402050205,0.8511490307,0.0675927545
399,1.6844093116,0.0951448421,0.4063200713,0.5936799287,0.6844093116,0.3111752292
400,1.6019463794,0.6632000642,0.3757593807,0.6242406193,0.6019463794,0.323319571
401,1.8194235726,0.1611287117,0.4503753744,0.5496246256,0.8194235726,0.2892466627
402,1.6776036494,0.4385690511,0.4039116448,0.5960883552,0.6776036494,0.0346574062
403,2.0867797864,0.5536764284,0.5207927513,0.4792072487,1.0867797864,0.0439565133
404,2.5367900874,0.0467394434,0.6058010456,0.3941989544,1.5367900874,0.6835402166
405,1.7885596549,0.6185104109,0.4408908882,0.5591091118,0.7885596549,0.2153611017
406,1.9356790766,0.8716637024,0.4833854371,0.5166145629,0.9356790766,0.9219754308
407,2.5483487052,0.1396503822,0.607589025,0.392410975,1.5483487052,0.5842388616
408,1.687300176,0.3801246198,0.4073372277,0.5926627723,0.687300176,0.027212608
409,1.8426336659,0.8545764546,0.4572985295,0.5427014705,0.8426336659,0.8538864045
410,1.5027483114,0.9385837468,0.3345525712,0.6654474288,0.5027483114,1.0998865779
411,2.8815828281,0.9185790272,0.6529682075,0.3470311599,1.881583797,2.2451809461
412,2.4395724377,0.395370516,0.5900921061,0.4099078939,1.4395724377,0.2052012972
413,2.4664494796,0.5253519535,0.594558896,0.405441104,1.4664494796,0.1489327299
414,2.3164837406,0.2495705918,0.5683112372,0.4316887628,1.3164837406,0.3207068081
415,2.728150525,0.7717446256,0.6334513104,0.3665486896,1.728150525,0.8127174572
416,2.0029993661,0.5394645879,0.5007487187,0.4992512813,1.0029993661,0.0449528416
417,2.9818682556,0.4096824938,0.6587200453,0.3294376964,1.9995284464,4.2301978413
418,1.6268704366,0.1375319659,0.3853229012,0.6146770988,0.6268704366,0.2477909354
419,2.9924460802,0.3488254689,0.6596235589,0.3280394097,2.0108058346,2.2127566225
420,2.2925083048,0.2110087003,0.5637965638,0.4362034362,1.2925083048,0.3684341456
421,2.4342354394,0.0025768837,0.5891933936,0.4108066064,1.4342354394,0.613434894
422,2.4935771917,0.3646389712,0.5989697037,0.4010302963,1.4935771917,0.2720036716
423,2.5407807694,0.9113447211,0.6064201949,0.3935798051,1.5407807694,1.1525036788
424,2.1296743045,0.5265003452,0.5304446328,0.4695553672,1.1296743045,0.0050446106
425,2.294925744,0.58588383,0.5642560538,0.4357439462,1.294925744,0.042430246
426,2.2878958876,0.1246718354,0.5629171741,0.4370828259,1.2878958876,0.4403104561
427,1.9057154242,0.2902574558,0.4752626823,0.5247373177,0.9057154242,0.1850052265
428,2.864323804,0.8181977991,0.6508774908,0.3491225743,1.864323704,1.3596432025
429,2.4519467954,0.8439020811,0.5921608079,0.4078391921,1.4519467954,0.8565612275
430,2.3728536682,0.3063043324,0.5785665111,0.4214334889,1.3728536682,0.3202153903
431,1.949539992,0.9469465091,0.4870584835,0.5129415165,0.949539992,1.238119823
432,2.7758474442,0.1160929108,0.6397496548,0.3602503452,1.7758474442,0.9178783353
433,2.4194311696,0.201690746,0.586679707,0.413320293,1.4194311696,0.4004327691
434,2.3559409511,0.7469608884,0.5755411444,0.4244588556,1.3559409511,0.4520260066
435,1.8006331373,0.7087320679,0.4446397885,0.5553602115,0.8006331373,0.4099591323
436,1.6540512953,0.6326244832,0.3954238282,0.6045761718,0.6540512953,0.259209719
437,1.8965243709,0.8882535656,0.472719668,0.527280332,0.8965243709,0.9844783682
438,2.6933338298,0.1033369782,0.6287129397,0.3712870603,1.6933338298,0.8326487308
439,1.7813692027,0.4639354331,0.4386340583,0.5613659417,0.7813692027,0.0253013748
440,1.3195996347,0.013044162,0.2421943946,0.7578056054,0.3195996347,0.2291502326
441,2.2667335303,0.3320963741,0.5588365431,0.4411634569,1.2667335303,0.2484450628
442,1.8419578058,0.0940863094,0.4570993989,0.5429006011,0.8419578058,0.3630130894
443,2.2900081218,0.8837644717,0.563320326,0.436679674,1.2900081218,0.9831561069
444,1.6938238754,0.6381777345,0.4096198462,0.5903801538,0.6938238754,0.265566294
445,1.9408388643,0.2228893401,0.4847588749,0.5152411251,0.9408388643,0.2618695348
446,1.3143811633,0.2931409544,0.2391856883,0.7608143117,0.3143811633,0.0539552661
447,2.0561518156,0.9947220025,0.5136545889,0.4863454111,1.0561518156,1.4875963076
448,2.7909511544,0.2238981579,0.6416992113,0.3583007888,1.7909511544,0.9690463176
449,2.8740245464,0.8336380845,0.6520559283,0.3479442188,1.8740243208,1.2874342519
450,2.6224983452,0.9224995747,0.6186842208,0.3813157792,1.6224983452,1.2226464041
451,2.5270911906,0.1223439729,0.6042881224,0.3957118776,1.5270911906,0.6038964576
452,2.3734542119,0.1076391651,0.5786731444,0.4213268556,1.3734542119,0.4726562577
453,2.0185374251,0.1245274492,0.5045917962,0.4954082038,1.0185374251,0.3801476795
454,2.2709586702,0.5636683698,0.5596573319,0.4403426681,1.2709586702,0.0070854537
455,2.8210161953,0.2312583457,0.6455178099,0.3544821907,1.8210161945,1.0992717803
456,2.4351202326,0.768092075,0.5893426589,0.4106573411,1.4351202326,0.5214483844
457,1.5261231024,0.5544202698,0.3447448647,0.6552551353,0.5261231024,0.2096754051
458,2.0725008159,0.242200958,0.5174911429,0.4825088571,1.0725008159,0.2760641925
459,1.4815957053,0.1864195186,0.3250520392,0.6749479608,0.4815957053,0.1386325206
460,2.0554101672,0.3158628719,0.5134791022,0.4865208978,1.0554101672,0.1981660749
461,2.6082271061,0.6273188781,0.6165978041,0.3834021959,1.6082271061,0.0450759962
462,1.8384690523,0.1873328184,0.4560691687,0.5439308313,0.8384690523,0.2687363503
463,1.5337208691,0.3633967901,0.3479908762,0.6520091238,0.5337208691,0.0154059139
464,2.7553217858,0.9476696272,0.6370659844,0.3629340156,1.7553217858,1.4942297702
465,1.7782270972,0.4805844445,0.4376421316,0.5623578684,0.7782270972,0.0429423129
466,1.5733963907,0.1997491365,0.3644322525,0.6355677475,0.5733963907,0.164683116
467,2.8488012293,0.9204706507,0.6489751513,0.351024833,1.8488012535,1.9646400476
468,2.5590650638,0.6703045774,0.6092322879,0.3907677121,1.5590650638,0.2402094841
469,1.982602914,0.1347200447,0.4956125642,0.5043874358,0.982602914,0.3608925195
470,2.0078223447,0.2192253921,0.5019479673,0.4980520327,1.0078223447,0.2827226531
471,1.9829254705,0.3479942736,0.4956946114,0.5043053886,0.9829254705,0.1477003377
472,2.8046614954,0.043539219,0.6434507332,0.3565492669,1.8046614952,1.0383498341
473,2.6773087849,0.8402601432,0.6264905992,0.3735094008,1.6773087849,0.7893043142
474,2.3683613279,0.8049102575,0.5777671303,0.4222328697,1.3683613279,0.6633539018
475,1.3534368897,0.9971633255,0.261140281,0.738859719,0.3534368897,1.250646868
476,2.7390173821,0.2352195215,0.6349055663,0.3650944337,1.7390173821,0.8005837488
477,2.4171884927,0.6542346914,0.5862962268,0.4137037732,1.4171884927,0.1916539696
478,1.6647375982,0.4043447862,0.3993047306,0.6006952694,0.6647375982,0.0050400556
479,2.2557377605,0.2058146229,0.5566860574,0.4433139426,1.2557377605,0.366737016
480,2.1109693261,0.4264009445,0.5262839741,0.4737160259,1.1109693261,0.1019046667
481,2.5989647207,0.5180378561,0.6152314066,0.3847685934,1.5989647207,0.2742495951
482,2.026229244,0.8255679984,0.5064724276,0.4935275724,1.026229244,0.7484647217
483,1.7690075756,0.0656960694,0.4347112959,0.5652887041,0.7690075756,0.3690152265
484,1.3771711584,0.3455446994,0.2738738436,0.7261261564,0.3771711584,0.0716708559
485,1.5502234962,0.0060546939,0.3549317228,0.6450682772,0.5502234962,0.3488770289
486,1.4888383937,0.1842590903,0.3283354297,0.6716645703,0.4888383937,0.1440763394
487,1.400615394,0.4030104491,0.2860281243,0.7139718757,0.400615394,0.1169823248
488,2.5535094539,0.0693559084,0.6083821039,0.3916178961,1.5535094539,0.5977219987
489,1.9176853608,0.2798564545,0.4785380228,0.5214619772,0.9176853608,0.1986815683
490,1.3672063583,0.3978039934,0.2685815174,0.7314184826,0.3672063583,0.129222476
491,2.8955048178,0.9050584068,0.6546357871,0.3453614772,1.8955089968,2.2552078107
492,1.7168367169,0.922821482,0.4175334264,0.5824665736,0.7168367169,1.0958018383
493,1.7936663757,0.2391962013,0.4424827195,0.5575172805,0.7936663757,0.2032865181
494,1.4159638893,0.0524068947,0.2937673004,0.7062326996,0.4159638893,0.2413604057
495,1.5924954365,0.6419070048,0.3720547155,0.6279452845,0.5924954365,0.2818520678
496,2.2239790244,0.1842949308,0.5503554714,0.4496445286,1.2239790244,0.3806176377
497,1.5123805334,0.1528564544,0.3387907488,0.6612092512,0.5123805334,0.1859342944
498,2.9033246542,0.7755999561,0.6555701182,0.3444358564,1.9033155406,1.7916545457
499,1.8204558099,0.3045436057,0.4506870232,0.5493129768,0.8204558099,0.1461434175
