k,x_zero,x_t,Component A,Component B,Fatigue
1.5444421007,0.2388686654,0.352517003,0.647482997,0.5444421007,0.1136483376
3.9130837288,0.152472307,0.4473131278,0.131641722,3.3979586483,46.5178983222
2.105086906,0.5855744049,0.5249602298,0.4750397702,1.105086906,0.0912039901
1.2577958996,0.5941346172,0.2049584513,0.7950415487,0.2577958996,0.389176166
1.7825568573,0.5080120139,0.4390080766,0.5609919234,0.7825568573,0.0690039373
2.9752083164,0.2983621721,0.6664412394,0.3387491926,1.9673589015,2.7500930175
2.090916418,0.0291338067,0.5217408064,0.4782591936,1.090916418,0.4926218179
2.2325323098,0.2626801358,0.5520781511,0.4479218489,1.2325323098,0.2918165777
3.2971966332,0.5506777792,0.4802720341,0.1769840864,2.7136452995,34.1651825646
0.5234566889,0.0138297412,0.0,1.0,0.0,0.0138297412
0.1408577877,0.8780101195,0.0,1.0,0.0,0.8780101195
2.9081157849,0.9433397872,0.656132115,0.3438623763,1.9081241805,1.9565702353
2.1712717392,0.9246977189,0.5394404201,0.4605595799,1.1712717392,1.163840975
1.7448098731,0.0864640017,0.4268716521,0.5731283479,0.7448098731,0.3404076504
2.5105462174,0.3603338024,0.6016803064,0.3983196936,1.5105462174,0.2847833601
0.8513852805,0.682525762,9.5e-09,0.9999999888,9.5e-09,0.6825257525
1.3888969117,0.865952,0.280004159,0.719995841,0.3888969117,0.8235122585
2.308018593,0.5256885337,0.5667279271,0.4332720729,1.308018593,0.066800315
0.9659079974,0.3415963868,0.0009357615,0.9990302701,0.0009366699,0.3406606253
2.6066427299,0.7382183331,0.6163647636,0.3836352364,1.6066427299,0.5364465006
3.4014351145,0.2580689967,0.8423913861,0.548397955,1.5360950538,38.308690827
3.3933640039,0.6272152414,0.4536438075,0.1589509887,2.8539854405,38.2519691533
0.9579004877,0.0350981867,0.0002592741,0.9997292576,0.0002593443,0.0348389126
2.1876729118,0.8369247625,0.542893275,0.457106725,1.1876729118,0.783145162
3.5059139075,0.448502873,0.5043942834,0.1742233246,2.8951019308,41.0577464379
2.3853063113,0.4924226981,0.5807666314,0.4192333686,1.3853063113,0.1400811579
3.1046381346,0.8804143735,0.7665952845,0.4444965542,1.7246371816,16.7622371855
2.8850363203,0.150524568,0.6533840308,0.34661622,1.8850359365,0.8273904148
0.0999877446,0.7922310511,0.0,1.0,0.0,0.7922310511
3.8603778495,0.488687664,0.5606451459,0.176319046,3.1797197097,48.2244372389
3.9554288723,0.5545780058,0.6322858166,0.1997545295,3.1653140389,43.6971780834
3.587959072,0.4654473429,0.5664574623,0.1964828634,2.8829865997,41.6474645622
2.0684593243,0.6992767308,0.5165483854,0.4834516146,1.0684593243,0.346783445
3.6715509557,0.1554740476,0.7809613237,0.6931162587,1.1267392936,36.6184438659
2.9731537631,0.3320917903,0.663937339,0.3366316979,1.9722959637,0.6121760161
2.073753868,0.7248669032,0.5177826957,0.4822173043,1.073753868,0.4168707175
3.8658820556,0.7158181239,0.2936794951,0.0828273841,3.5456811578,43.4799593573
0.4247284203,0.6273758467,0.0,1.0,0.0,0.6273758467
3.669145082,0.1068014541,0.8321497382,0.3476734745,2.393480663,33.1915719447
3.6656637508,0.0857162135,0.7426985591,0.7176934295,1.0348409621,32.7160706575
0.5221744889,0.144385812,0.0,1.0,0.0,0.144385812
1.5091148244,0.9217316248,0.3373598988,0.6626401012,0.5091148244,1.0413490823
0.779780597,0.028835638,0.0,1.0,0.0,0.028835638
3.5225632285,0.6930431222,0.371957507,0.1199905983,3.099888759,39.8536523682
1.4270556372,0.6851570566,0.2992564733,0.7007435267,0.4270556372,0.3859005833
0.2100018273,0.9304842007,0.0,1.0,0.0,0.9304842007
0.7707767687,0.4150761399,0.0,1.0,0.0,0.4150761399
1.6518453459,0.438998668,0.3946164497,0.6053835503,0.6518453459,0.0443822183
3.0158412832,0.2167716425,0.708176671,0.3767885795,1.8795067302,10.3430328417
1.8655784553,0.9290066891,0.4639732266,0.5360267734,0.8655784553,1.146897951
2.896697167,0.3510410489,0.6547791333,0.3452206429,1.8966975087,0.4036156041
1.3079214147,0.8672587331,0.2354280703,0.7645719297,0.3079214147,0.8015483009
1.8687494874,0.4862508122,0.4648827964,0.5351172036,0.8687494874,0.0213680159
0.9513336497,0.7719078728,0.000261165,0.9997253995,0.0002612367,0.7716467078
0.2620315355,0.4618978016,0.0,1.0,0.0,0.4618978016
2.2573565299,0.9224597528,0.5570039616,0.4429960384,1.2573565299,1.1738520979
1.241516976,0.9282620655,0.1945337685,0.8054662315,0.241516976,0.9574466222
0.7402063639,0.9238038161,0.0,1.0,0.0,0.9238038161
1.1061594132,0.131441322,0.0959715034,0.904028457,0.1061598257,0.0354698186
1.4917300994,0.2374546272,0.3296374456,0.6703625544,0.4917300994,0.0921828184
1.353252501,0.5261759786,0.261039607,0.738960393,0.353252501,0.2651363716
1.9144916435,0.4877148716,0.4776681301,0.5223318699,0.9144916435,0.0100467415
3.1937924124,0.5189477791,0.5154185506,0.2023111626,2.5476525563,28.220722108
3.2487988049,0.1205577922,0.8121387154,0.5043326431,1.6103235168,30.6451444055
2.1986039658,0.1602240861,0.5451659255,0.4548340745,1.1986039658,0.386457448
0.4596891913,0.4431169254,0.0,1.0,0.0,0.4431169254
2.0221505745,0.208051487,0.5054769844,0.4945230156,1.0221505745,0.2975491218
3.3507243888,0.6869598805,0.46489187,0.1664489413,2.7929998617,34.7518803233
3.1466160669,0.1406363625,0.7827987599,0.4649970393,1.6834489119,24.3406847463
3.4528665189,0.3818918803,0.4236468478,0.1432006785,2.9584136906,40.7648071425
1.4833425618,0.6023215006,0.3258468908,0.6741531092,0.4833425618,0.2764746097
0.0048003558,0.2705857396,0.0,1.0,0.0,0.2705857396
3.286139313,0.166433733,0.8206565723,0.5163481104,1.5893474882,33.6506318775
1.1277006581,0.5613904649,0.1132399321,0.8867600565,0.1277007589,0.4481505327
1.0430557791,0.5585519918,0.0416899892,0.958291295,0.0435045058,0.5168620026
1.4456660107,0.9216533923,0.3082772974,0.6917227026,0.4456660107,1.0211521822
1.7129323007,0.3243705136,0.4162057662,0.5837942338,0.7129323007,0.0918352526
3.2450326613,0.3237120894,0.4969356152,0.188772307,2.6324603595,29.5306002647
1.2366161825,0.9148386127,0.1913416514,0.8086583486,0.2366161825,0.9134933881
1.4671876543,0.1331079288,0.3184239268,0.6815760732,0.4671876543,0.1853159981
1.9662108372,0.175152442,0.4914075433,0.5085924567,0.9662108372,0.3162551013
2.8168749432,0.0941605194,0.6449966645,0.3550033351,1.8168749438,1.2099980153
2.8183456568,0.0194313532,0.6451819181,0.3548180818,1.8183456569,0.692923781
1.5843070187,0.4211255081,0.3688092092,0.6311907908,0.5843070187,0.0523162989
1.7145339782,0.2441201198,0.4167511331,0.5832488669,0.7145339782,0.1726310134
1.1322982619,0.1864689428,0.1168404986,0.8831594972,0.1322982983,0.0696284442
2.6193403605,0.5441881292,0.6182244908,0.3817755092,1.6193403605,0.2478924656
3.2574660835,0.4112041495,0.4927898999,0.1858028203,2.6522196983,32.036349881
0.0660141363,0.2926022036,0.0,1.0,0.0,0.2926022036
0.0935236258,0.2596309579,0.0,1.0,0.0,0.2596309579
3.3858358495,0.426215403,0.4555721577,0.1602241125,2.8433433053,38.3904678091
0.6527983541,0.6297528968,0.0,1.0,0.0,0.6297528968
2.6110737589,0.0543856917,0.617015798,0.382984202,1.6110737589,0.7171761833
3.7860617367,0.9473402484,0.9394657959,0.4568491285,2.0564027319,41.1782960767
2.0970349648,0.0818099457,0.5231362296,0.4768637704,1.0970349648,0.4432299523
1.190308775,0.1868576771,0.159881855,0.840118145,0.190308775,0.026975822
3.5748709445,0.2631425695,0.8218461233,0.6417909497,1.2805511259,40.2511591924
3.3501729188,0.5811416491,0.4650427647,0.1665507094,2.7921992426,36.6260339437
0.5843165062,0.8632799822,0.0,1.0,0.0,0.8632799822
1.3991323666,0.9870373054,0.2852713411,0.7147286589,0.3991323666,1.2365057919
1.8573455801,0.3098179434,0.4615972328,0.5384027672,0.8573455801,0.1517792894
0.0003363536,0.7539052168,0.0,1.0,0.0,0.7539052168
1.3830402826,0.2385954222,0.2769552611,0.7230447389,0.3830402826,0.0383598389
2.0835122942,0.3461409605,0.5200412291,0.4799587709,1.0835122942,0.1740517129
3.46379167,0.7072026229,0.4088811401,0.1367430386,2.990142272,37.759712345
0.8450308472,0.8839792753,3.2e-09,0.9999999963,3.2e-09,0.8839792721
3.3507704273,0.8147540552,0.8335595487,0.5351207205,1.557703742,36.782948903
2.4375399928,0.5714357332,0.5897503208,0.4102496792,1.4375399928,0.0442715061
1.8641896659,0.6612395673,0.4635738958,0.5364261042,0.8641896659,0.2896497744
0.0288610036,0.0089108394,0.0,1.0,0.0,0.0089108394
1.008757343,0.4259567517,0.0143113142,0.9856057319,0.0145203237,0.4116454374
2.7532866124,0.5943234739,0.636797711,0.363202289,1.7532866124,0.2697169683
2.2936178152,0.5559435598,0.5640075721,0.4359924279,1.2936178152,0.0143748987
1.6407112622,0.0889116779,0.3905082369,0.6094917631,0.6407112622,0.3015965589
1.8651258651,0.8824598368,0.4638431546,0.5361568454,0.8651258651,0.9593845958
0.2937758442,0.3789061903,0.0,1.0,0.0,0.3789061903
0.0832841034,0.0465911857,0.0,1.0,0.0,0.0465911857
1.7824650523,0.4172727798,0.438979183,0.561020817,0.7824650523,0.0217064032
3.0904781175,0.3756941341,0.5633627804,0.2397882518,2.3494177725,19.1117967004
2.9445412118,0.3996157618,0.6602431621,0.3394576619,1.9449941366,1.839788466
0.5030867018,0.3315595123,0.0,1.0,0.0,0.3315595123
2.7769695879,0.3865187031,0.6398952281,0.3601047719,1.7769695879,0.4245284418
2.9958749795,0.9027056064,0.6481777261,0.3165789925,2.0474438968,7.0111874364
3.7681803894,0.6580037066,0.934022595,0.5461412211,1.7102217503,43.8000554753
0.4342635149,0.8426794214,0.0,1.0,0.0,0.8426794214
3.0132493643,0.4095471192,0.6267067554,0.2950212235,2.12427685,9.1615408739
2.1956512524,0.7134797881,0.5445542643,0.4554457357,1.1956512524,0.361000225
0.1090722619,0.0023053131,0.0,1.0,0.0,0.0023053131
2.5878627744,0.8843680194,0.6135807471,0.3864192529,1.5878627744,1.1393983725
3.8254799338,0.4868692351,0.9439627671,0.4430499363,2.1306012927,47.7451857578
1.9376784767,0.2673475714,0.4839185076,0.5160814924,0.9376784767,0.2165709362
2.7598046307,0.6177573176,0.6376555105,0.3623444895,1.7598046307,0.1392345478
0.7244729149,0.2363963764,0.0,1.0,0.0,0.2363963764
3.6980014606,0.3444025875,0.9117780078,0.4413456461,2.0659046168,33.4040130703
2.2019450061,0.4582099312,0.5458560513,0.4541439487,1.2019450061,0.0896159183
2.990687263,0.3906948551,0.6542298442,0.3232393882,2.0239793417,4.8090921109
2.6101947548,0.172821747,0.616886825,0.383113175,1.6101947548,0.4635298882
0.0984512214,0.3079011552,0.0,1.0,0.0,0.3079011552
0.6704013481,0.8441711163,0.0,1.0,0.0,0.8441711163
3.8623308791,0.6268732839,0.9654318287,0.4937496104,1.9553065123,48.6864144392
0.8118976712,0.5977445311,1e-10,0.9999999999,1e-10,0.597744531
3.9097771496,0.1218252964,0.9598890655,0.5670080778,1.6929019235,48.6677045347
2.3534408056,0.3015549443,0.5750902264,0.4249097736,1.3534408056,0.3155520359
0.0658583941,0.8709063919,0.0,1.0,0.0,0.8709063919
1.5849036511,0.0076051297,0.3690468192,0.6309531808,0.5849036511,0.3614416895
2.251903353,0.2976052445,0.5559312087,0.4440687913,1.251903353,0.2721487287
3.5500570421,0.3805342519,0.3547572438,0.1126113221,3.1502804249,41.0442311029
3.651477207,0.1941884282,0.8391081604,0.6421279582,1.3067616036,37.8501635446
2.1035848676,0.6142833223,0.5246210336,0.4753789664,1.1035848676,0.1449012809
0.3278509695,0.1644004339,0.0,1.0,0.0,0.1644004339
2.9454562757,0.3136518727,0.6605868756,0.339604209,1.9451669271,1.1877834771
3.8114485509,0.2515091693,0.9432637111,0.449817188,2.0969934815,38.8646486789
0.4726579851,0.7592083981,0.0,1.0,0.0,0.7592083981
3.4923177148,0.859035712,0.8730236338,0.503997056,1.7321998678,41.2099391794
1.2531348161,0.766940638,0.2020012634,0.7979987366,0.2531348161,0.5649393746
0.1537511444,0.1534454921,0.0,1.0,0.0,0.1534454921
0.6451544974,0.9859752529,0.0,1.0,0.0,0.9859752529
2.6278828572,0.0449212249,0.6194655339,0.3805344661,1.6278828572,0.7863501373
0.8833607141,0.0763378264,1.869e-07,0.9999997884,1.869e-07,0.0763376395
1.5838025935,0.5036781962,0.3686081813,0.6313918187,0.5838025935,0.1350700149
1.9569037606,0.3093724662,0.4889886666,0.5110113334,0.9569037606,0.1796162005
0.2199952505,0.1898186661,0.0,1.0,0.0,0.1898186661
1.4038962005,0.1566191219,0.2876966263,0.7123033737,0.4038962005,0.1310775043
3.2314357227,0.8258333889,0.8078505606,0.4983905912,1.6209185625,30.6901989383
2.8883394785,0.0199411768,0.6537805894,0.3462200053,1.8883385688,1.0707138672
1.0143522235,0.4411980312,0.0180621844,0.9818644832,0.0183958018,0.4231358468
0.0339222199,0.8323751914,0.0,1.0,0.0,0.8323751914
0.0245871134,0.8870132588,0.0,1.0,0.0,0.8870132588
3.1295882819,0.7697654169,0.7766397292,0.4571088805,1.6990256861,23.3064893734
2.8094991916,0.5740551752,0.6440646778,0.3559353222,1.8094991917,0.5374198141
0.2197229032,0.8348669716,0.0,1.0,0.0,0.8348669716
1.5495389759,0.8382890923,0.3546467591,0.6453532409,0.5495389759,0.7728233255
0.4756356351,0.9352268963,0.0,1.0,0.0,0.9352268963
1.4757325365,0.6670211277,0.3223704328,0.6776295672,0.4757325365,0.3446506949
0.4004968569,0.1187133822,0.0,1.0,0.0,0.1187133822
2.85105672,0.0175493134,0.6492528532,0.3507471392,1.8510567318,0.8449067568
1.1916334134,0.648088233,0.1608157436,0.8391842564,0.1916334134,0.4872724895
2.6893816756,0.1615576044,0.6281673185,0.3718326815,1.6893816756,0.4900081303
1.3980664158,0.0170402647,0.2847263988,0.7152736012,0.3980664158,0.2676861341
1.1093268428,0.9752837109,0.0985491635,0.9014512359,0.1093227893,1.0203513528
2.6109444088,0.9368738287,0.6169968243,0.3830031757,1.6109444088,1.3303379897
3.7157257942,0.4400818108,0.6292205115,0.2159927235,2.9131560601,35.8604838293
3.8791489935,0.7961096385,0.5274715546,0.1623257499,3.2494632242,47.1140576608
3.4625603602,0.1853261164,0.8377298047,0.5897807981,1.4204087473,40.878004494
2.1834104271,0.4682889095,0.5420009048,0.4579990952,1.1834104271,0.0777822522
2.4320131107,0.2938841246,0.5888180061,0.4111819939,1.4320131107,0.3648188851
0.4353277309,0.9624727215,0.0,1.0,0.0,0.9624727215
3.7582359709,0.777752609,0.2512388607,0.0720399658,3.48749278,37.2938527224
0.1159918131,0.9103306663,0.0,1.0,0.0,0.9103306663
2.8515910955,0.5179230885,0.6493185778,0.3506814062,1.8515911202,0.9820724436
1.2791786705,0.7794944105,0.2182483784,0.7817516216,0.2791786705,0.5612460321
1.6391993879,0.8334388103,0.3899460875,0.6100539125,0.6391993879,0.7682823014
3.9631108953,0.5276336585,0.6556847699,0.2092199978,3.1339488425,46.1260236028
3.6069849724,0.7457337831,0.8283292738,0.6426678314,1.2888917624,40.4900651867
0.4454831266,0.2997932549,0.0,1.0,0.0,0.2997932549
3.6457945078,0.4831872003,0.566186974,0.1922641594,2.9448388914,38.3473502622
0.6443096668,0.1330048004,0.0,1.0,0.0,0.1330048004
3.6046532912,0.8351908793,0.8392064106,0.631103152,1.3297452373,41.5188715641
1.4287348343,0.137201513,0.3000800596,0.6999199404,0.4287348343,0.1628785466
3.5672437494,0.3578982194,0.3441959809,0.1081938418,3.1812899435,41.2024965924
3.0611374841,0.8720039511,0.7447254755,0.4180482046,1.7814344548,13.8379301854
0.6297830922,0.3926377337,0.0,1.0,0.0,0.3926377337
2.1662359507,0.9358669033,0.5383697701,0.4616302299,1.1662359507,1.2197555546
3.672488833,0.4465361094,0.5601732005,0.1878018398,2.9827886736,35.0327971542
0.4201935231,0.1939383949,0.0,1.0,0.0,0.1939383949
2.5458405466,0.7937868642,0.6072024223,0.3927975777,1.5458405466,0.6197518847
2.7179339757,0.5586411474,0.632073476,0.367926524,1.7179339757,0.3567262892
2.4103993197,0.9146476716,0.5851309815,0.4148690185,1.4103993197,1.1530252406
1.5546987415,0.7133242855,0.3567885705,0.6432114295,0.5546987415,0.4342636163
2.4121143984,0.9461862074,0.5854259646,0.4145740354,1.4121143984,1.3366063411
1.5508873441,0.50924327,0.3552078403,0.6447921597,0.5508873441,0.1540354296
0.6596737993,0.6597659814,0.0,1.0,0.0,0.6597659814
1.8862709053,0.6735855974,0.4698534568,0.5301465432,0.8862709053,0.313977679
3.0677359798,0.4023185195,0.5774330847,0.2514597904,2.2963237332,17.0593287859
0.957803251,0.8060624912,0.0004504735,0.9995294591,0.0004506856,0.8056120177
1.9057159842,0.4827191197,0.4752628365,0.5247371635,0.9057159842,0.0074562832
3.4148324906,0.6783200583,0.4482659198,0.1554281664,2.8840713381,38.2819549286
2.7951033017,0.3812694355,0.6422314698,0.3577685302,1.7951033017,0.4323896123
0.4302790393,0.6306903459,0.0,1.0,0.0,0.6306903459
3.6409223642,0.471054765,0.3429636038,0.1052809874,3.2576024627,37.7966739427
2.0295505577,0.6704118174,0.5072800743,0.4927199257,1.0295505577,0.2809987601
3.8845380375,0.8030594527,0.1568987358,0.0421687841,3.7207317915,47.4857590643
1.3787508701,0.5213506986,0.2747058068,0.7252941932,0.3787508701,0.2466448918
2.3198238706,0.6302698642,0.5689327915,0.4310672085,1.3198238706,0.1395194143
1.3318680735,0.4176798701,0.2491748846,0.7508251154,0.3318680735,0.1685049856
0.6111293154,0.3126675428,0.0,1.0,0.0,0.3126675428
1.4216410902,0.2997543464,0.2965875798,0.7034124202,0.4216410902,0.0031667667
1.4593304575,0.8390843967,0.3147542458,0.6852457542,0.4593304575,0.7597558743
2.5388498052,0.5517862783,0.6061208513,0.3938791487,1.5388498052,0.1525446797
0.3202635819,0.2232488187,0.0,1.0,0.0,0.2232488187
3.5157921464,0.8646381919,0.8786055777,0.4901305571,1.7925949829,41.0969070695
1.728228541,0.0852440911,0.4213728241,0.5786271759,0.728228541,0.336128733
3.1246572113,0.0329872094,0.7747589828,0.4547238774,1.7038009688,21.9297731902
0.8780211755,0.2482805977,1.714e-07,0.9999998048,1.714e-07,0.2482804263
0.5675498932,0.3240266382,0.0,1.0,0.0,0.3240266382
1.7673216716,0.0802129106,0.4341720491,0.5658279509,0.7673216716,0.3539591386
1.8078150968,0.1804733869,0.4468460841,0.5531539159,0.8078150968,0.2663726972
2.5970832581,0.1629332597,0.6149526601,0.3850473399,1.5970832581,0.5094606342
1.6844509943,0.3029382765,0.4063347623,0.5936652377,0.6844509943,0.1033964857
2.6827646387,0.9353585656,0.6272501935,0.3727498065,1.6827646387,1.2625863723
1.8437836572,0.4498371214,0.4576370193,0.5423629807,0.8437836572,0.0077998979
2.1274825572,0.9323964392,0.5299608936,0.4700391064,1.1274825572,1.1981721662
2.9537530937,0.5358630761,0.6609687282,0.3380509486,1.9552340584,2.7022884311
1.8226592854,0.5015573745,0.4513511066,0.5486488934,0.8226592854,0.050206268
2.9694092186,0.4703864621,0.6610762102,0.3345577655,1.9759703054,3.7000367568
3.0500047898,0.3788895852,0.5901611131,0.2622924971,2.2500114174,14.3308823177
2.5196386577,0.1846163564,0.6031176943,0.3968823057,1.5196386577,0.4391309813
1.8942566506,0.2952552324,0.4720884313,0.5279115687,0.8942566506,0.1768331988
2.1658355866,0.8501051953,0.5382844357,0.4617155643,1.1658355866,0.83882846
2.4662763333,0.8351734117,0.5945304318,0.4054695682,1.4662763333,0.8089391216
1.9450649238,0.9864814059,0.4858783438,0.5141216562,0.9450649238,1.4204815938
1.2158045278,0.0510065638,0.1774993618,0.8225006382,0.2158045278,0.126492798
2.4216382046,0.8003772223,0.5870563992,0.4129436008,1.4216382046,0.6308392773
1.6218999555,0.1693362051,0.3834391594,0.6165608406,0.6218999555,0.2141029543
3.3930676516,0.3153295896,0.4537192764,0.1590007187,2.8535674565,37.4112951628
0.6196806263,0.5074399258,0.0,1.0,0.0,0.5074399258
3.1858423782,0.9450467423,0.5185209559,0.2046322316,2.5339163428,28.1777624852
2.9939977875,0.8916205997,0.6515193813,0.3200236254,2.0358477611,5.6889330274
3.2101962356,0.0712719908,0.5092319809,0.1977245444,2.5754616473,29.1272570578
1.3285429853,0.2124229604,0.2472957134,0.7527042866,0.3285429853,0.034872753
1.2793047391,0.5426707872,0.2183254158,0.7816745842,0.2793047391,0.3243453714
1.4125810654,0.8506448001,0.292076027,0.707923973,0.4125810654,0.7837889954
1.8085315825,0.4163069311,0.447065227,0.552934773,0.8085315825,0.0307582959
2.1330394711,0.280926011,0.5311854218,0.4688145782,1.1330394711,0.2524299616
3.05913919,0.1707794325,0.7435249312,0.4166355967,1.7845929081,16.413383197
2.0032253276,0.006574137,0.5008050337,0.4991949663,1.0032253276,0.4942330315
1.3988511523,0.0443275516,0.2851276575,0.7148723425,0.3988511523,0.2408001059
3.8201982355,0.1232731672,0.9323229338,0.5771302118,1.6154464189,38.5343815687
1.1551682595,0.1620512986,0.1343252461,0.8656747537,0.1551682609,0.0277260525
3.9719243741,0.6222355423,0.5608703764,0.1701647759,3.2960427531,43.9511160471
2.3999130967,0.9650754863,0.5833182454,0.4166817546,1.3999130967,1.4251302315
1.4786651784,0.9651596444,0.3237143779,0.6762856221,0.4786651784,1.1894293375
3.0713808207,0.2659913198,0.7505535011,0.4249670428,1.766145196,17.4162775813
3.4523703622,0.1913989627,0.8435589427,0.5752199408,1.4664980868,40.8116840304
0.6247420094,0.4692315165,0.0,1.0,0.0,0.4692315165
3.5626431337,0.159811175,0.8078144563,0.6524931968,1.2380427263,41.2310046514
0.351147781,0.8236626581,0.0,1.0,0.0,0.8236626581
3.6016167257,0.8663393371,0.8792411297,0.5766549844,1.524726489,42.6222464667
0.8637711585,0.9781224593,8.2e-09,0.9999999905,8.2e-09,0.9781224511
0.1463946892,0.728279968,0.0,1.0,0.0,0.728279968
0.1433085132,0.5621297839,0.0,1.0,0.0,0.5621297839
2.9134980812,0.1049079313,0.6567624161,0.3432217367,1.9135222099,1.7565165229
0.06498148,0.7016813269,0.0,1.0,0.0,0.7016813269
3.8575985325,0.8966494833,0.1462959418,0.0394830049,3.7052889507,51.8749619326
1.0741536576,0.1098989541,0.0690456406,0.9309534667,0.0741665863,0.0408533135
0.9987552323,0.1993614025,0.0086450869,0.9912678888,0.0087212418,0.1907163156
1.4685398703,0.296077289,0.3190515149,0.6809484851,0.4685398703,0.0229742259
0.9473093455,0.0187987089,6.17027e-05,0.9999348611,6.17067e-05,0.0187370062
3.9181023586,0.7296340721,0.7708237892,0.2692056307,2.863327142,44.8870700839
0.9313430447,0.6708752913,4.28374e-05,0.9999540026,4.28394e-05,0.6708324539
3.7614905439,0.7518210166,0.8806951086,0.6259579034,1.4069558093,38.0453258259
3.0262522316,0.3348091954,0.6272442233,0.2932819833,2.1387069753,3.907402291
1.9301713593,0.636415736,0.4819112846,0.5180887154,0.9301713593,0.2250794355
0.6290480893,0.3929467408,0.0,1.0,0.0,0.3929467408
1.9336846151,0.1805343309,0.4828525851,0.5171474149,0.9336846151,0.3023182541
2.3617984092,0.5869855935,0.5765938379,0.4234061621,1.3617984092,0.0228670214
3.2140977258,0.9343108254,0.5078004441,0.1966711365,2.5819774731,30.0089658206
2.8444944234,0.2318115471,0.6484436809,0.3515563274,1.8444944105,1.2305864049
2.5892120261,0.0816206475,0.6137821121,0.3862178879,1.5892120261,0.5825018555
2.7432040595,0.5836080458,0.6354627733,0.3645372267,1.7432040595,0.304670316
2.1789909869,0.4264192649,0.5410719888,0.4589280112,1.1789909869,0.1178526431
2.6274065739,0.4760098894,0.6193965525,0.3806034475,1.6274065739,0.3470340437
2.0488788438,0.2455712757,0.5119281928,0.4880718072,1.0488788438,0.2663908704
3.3238772063,0.5026401413,0.4724136617,0.1715601891,2.7536322041,35.5832535108
0.5879364689,0.7281288591,0.0,1.0,0.0,0.7281288591
0.3949341671,0.7124682991,0.0,1.0,0.0,0.7124682991
3.7843180397,0.7466242805,0.4765017056,0.1477427289,3.2252125656,40.0659690697
1.6421345141,0.9336885023,0.3910364885,0.6089635115,0.6421345141,1.121381829
0.1895388013,0.7879573868,0.0,1.0,0.0,0.7879573868
3.5633538665,0.3446747954,0.3741003611,0.1191922592,3.1386296687,41.0624786656
0.6120735954,0.4105096301,0.0,1.0,0.0,0.4105096301
0.3872420304,0.9461073811,0.0,1.0,0.0,0.9461073811
3.7011598401,0.8992964767,0.8161891875,0.3283100033,2.4860320408,29.4636233773
1.0345403034,0.5999049725,0.0342345035,0.9657343528,0.0354491931,0.5656704689
0.6499523946,0.2792692132,0.0,1.0,0.0,0.2792692132
3.2839404285,0.9114724655,0.4843331588,0.1798209358,2.6934191876,33.1559716322
1.3483337453,0.877524047,0.2583438607,0.7416561393,0.3483337453,0.8460419675
3.6570038673,0.2930263925,0.2998967645,0.0901294572,3.3274000937,38.2921131195
1.5337187833,0.020538692,0.3479899895,0.6520100105,0.5337187833,0.3274512975
2.9820583108,0.8557651754,0.6688779725,0.3396902032,1.9690823172,3.2747774258
3.3758863534,0.485137964,0.4581574208,0.1619389183,2.8291989689,37.9806183857
3.0793502784,0.3159535824,0.7547524422,0.4300085573,1.7552033076,14.7474848004
1.9570201345,0.0371027384,0.4890190538,0.5109809462,0.9570201345,0.4519163154
2.4724860519,0.6800577317,0.59554878,0.40445122,1.4724860519,0.2743776888
3.9842934425,0.9012622811,0.8193043071,0.2893664924,2.8313724244,42.795138003
1.6865179301,0.8347722052,0.407062337,0.592937663,0.6865179301,0.7765999003
0.398384056,0.9464341777,0.0,1.0,0.0,0.9464341777
1.5356006999,0.247582006,0.3487890439,0.6512109561,0.5356006999,0.1012070379
3.4191901557,0.4169527382,0.447192299,0.1547304713,2.8901372515,39.7554656546
1.56282354,0.2401342846,0.3601324945,0.6398675055,0.56282354,0.1199982099
3.0779129754,0.4726876912,0.5708810426,0.245985567,2.3207908068,18.5965667482
3.8304773003,0.159854465,0.5032907746,0.8443963722,0.596036164,53.2621048376
2.4124030472,0.9185059037,0.5854755692,0.4145244308,1.4124030472,1.179886255
2.5715294651,0.9554398356,0.6111263691,0.3888736309,1.5715294651,1.5000025312
3.7597538226,0.7086052352,0.9052160761,0.5961003646,1.5185631983,40.29362204
3.5750062649,0.5427152332,0.5347355011,0.1831027009,2.920412962,41.1132672448
2.8619335548,0.2944786671,0.6505858968,0.3494141436,1.8619334928,0.9395511703
3.4099044589,0.934145646,0.4494880347,0.1562244427,2.877194035,39.5772225086
0.34229362,0.6954554009,0.0,1.0,0.0,0.6954554009
3.7411317382,0.7642913212,0.4914340891,0.1555580442,3.1591686018,40.8361853747
2.2421410415,0.3538207258,0.5539977274,0.4460022726,1.2421410415,0.2166986027
2.3410067808,0.9511739498,0.5728333603,0.4271666397,1.3410067808,1.3128294181
1.538549343,0.5138942138,0.3500370953,0.6499629047,0.538549343,0.1638571185
0.0177298782,0.2804867388,0.0,1.0,0.0,0.2804867388
0.0167070425,0.8736156318,0.0,1.0,0.0,0.8736156318
3.4137411077,0.4430707752,0.4485385029,0.1556049764,2.8825460031,39.5828158311
2.0747225761,0.2308877981,0.5180078476,0.4819921524,1.0747225761,0.2872420313
1.9101526675,0.9542767042,0.4764816357,0.5235183643,0.9101526675,1.264068195
3.4329671255,0.4569160482,0.4440389574,0.1526464791,2.908936781,40.3493675186
3.4142918339,0.6368459418,0.4484047571,0.1555173471,2.8833102257,39.0420891492
0.9940212089,0.9896486188,0.0031824624,0.9967880794,0.0031927172,0.9864661563
1.3713771552,0.0279731772,0.2708059951,0.7291940049,0.3713771552,0.2428328179
1.7103490944,0.3566747589,0.4153240392,0.5846759608,0.7103490944,0.0586492804
3.0917278472,0.7547888343,0.7607988372,0.437355103,1.739544896,19.7322042409
0.2586047848,0.2710903252,0.0,1.0,0.0,0.2710903252
0.2193097662,0.9655790487,0.0,1.0,0.0,0.9655790487
1.25275602,0.4783104523,0.2017599724,0.7982400276,0.25275602,0.2765504799
3.9242709392,0.3636655245,0.4539928038,0.8664854086,0.5239474309,40.692589677
0.440822177,0.7628357787,0.0,1.0,0.0,0.7628357787
0.9253374961,0.1950235734,2.19489e-05,0.9999762796,2.19494e-05,0.1950016245
0.4584825864,0.9191644482,0.0,1.0,0.0,0.9191644482
1.8891637547,0.6222355077,0.4706652626,0.5293347374,0.8891637547,0.2047728465
3.1013503999,0.9039552315,0.5572770713,0.2348368852,2.373038932,20.8201156566
0.976053403,0.2951130315,0.0020365809,0.9979090815,0.0020408481,0.2930764506
3.570444588,0.7854291176,0.8783852714,0.4368783482,2.0105946541,40.8843785562
1.5699729827,0.4930988536,0.3630463638,0.6369536362,0.5699729827,0.1300524897
0.7221841203,0.4812059397,0.0,1.0,0.0,0.4812059397
0.3648235788,0.3935541891,0.0,1.0,0.0,0.3935541891
2.261763894,0.7189571238,0.5578672015,0.4421327985,1.261763894,0.3720686331
0.5732539381,0.9243699486,0.0,1.0,0.0,0.9243699486
2.8756005847,0.162069765,0.6522466303,0.3477535237,1.8756003486,1.0198842619
1.3389378966,0.3445831812,0.2531393707,0.7468606293,0.3389378966,0.0914438105
3.546601378,0.4328352473,0.5346516481,0.1849609869,2.890618487,41.1373126382
0.2306774333,0.2725353639,0.0,1.0,0.0,0.2725353639
0.8753467476,0.5800368514,1.403e-07,0.9999998397,1.403e-07,0.5800367111
1.6979427276,0.9108768134,0.4110519844,0.5889480156,0.6979427276,1.0462499871
3.5034606642,0.8884825123,0.826249332,0.6190039907,1.3348045319,41.513003875
3.1743893794,0.2545538563,0.7919004057,0.4768791904,1.660589142,26.5364459603
0.9573721812,0.0853684748,0.0003605399,0.9996232648,0.0003606758,0.0850079348
1.3867619683,0.4737260994,0.2788957133,0.7211042867,0.3867619683,0.1948303861
3.7195896494,0.6031007945,0.8206240793,0.3286004885,2.4973306734,34.5076938128
3.8781622337,0.7237199401,0.6428352879,0.2097547748,3.0646991879,41.2648747111
2.7080341594,0.6015036874,0.6307284395,0.3692715605,1.7080341594,0.1588071898
0.9378938299,0.0020264405,3.2223e-06,0.9999965643,3.2223e-06,0.0020232182
0.1863141383,0.3831426108,0.0,1.0,0.0,0.3831426108
0.2765272453,0.0605680829,0.0,1.0,0.0,0.0605680829
3.8277545261,0.6775859172,0.5158765406,0.8394515739,0.6145399647,46.5731714805
0.4664468875,0.8971840287,0.0,1.0,0.0,0.8971840287
1.3382259579,0.7434577732,0.2527420395,0.7472579605,0.3382259579,0.4907157337
3.05219756,0.5539508176,0.5884758912,0.2608431428,2.256052756,15.3966389154
0.5438736198,0.9257163879,0.0,1.0,0.0,0.9257163879
3.9248482176,0.233421426,0.2648680503,0.927217842,0.2856589232,44.7784616398
2.3245159399,0.8162622783,0.569802907,0.430197093,1.3245159399,0.7175582325
2.0122790267,0.5453638943,0.5030510249,0.4969489751,1.0122790267,0.0505907293
3.5095964426,0.6831366681,0.506487605,0.1749077906,2.8957406829,39.9112664828
1.6010330775,0.9811820013,0.3754032855,0.6245967145,0.6010330775,1.2974627166
1.8868692908,0.7952165671,0.4700215829,0.5299784171,0.8868692908,0.6506954696
0.0329589585,0.5303083363,0.0,1.0,0.0,0.5303083363
3.2039409814,0.2940413077,0.8005572095,0.4884415976,1.6390029299,27.1346800426
1.0525504896,0.441985101,0.0501023296,0.9498878971,0.0527455184,0.3918827715
0.9532087061,0.1246479417,0.0002756856,0.9997106978,0.0002757654,0.1243722561
2.5645631307,0.8861557105,0.6100700396,0.3899299604,1.5645631307,1.1281901765
3.8262353687,0.3696493509,0.3292265374,0.0950858207,3.4624146386,40.1875594865
0.5738426805,0.0127754881,0.0,1.0,0.0,0.0127754881
0.2616563275,0.6675293365,0.0,1.0,0.0,0.6675293365
2.1193599965,0.2084350621,0.5281594436,0.4718405564,1.1193599965,0.3219768825
1.4448257391,0.2626274793,0.3078750102,0.6921249898,0.4448257391,0.0452475308
1.5122874537,0.9745893064,0.3387500521,0.6612499479,0.5122874537,1.2384357904
0.999617239,0.5434219292,0.0092073161,0.9907027189,0.0092937225,0.5342146131
1.9447920629,0.3235385061,0.4858062108,0.5141937892,0.9447920629,0.1622677047
2.6757876466,0.1669200041,0.6262782657,0.3737217343,1.6757876466,0.4639739448
1.9851890569,0.1579723389,0.4962696391,0.5037303609,0.9851890569,0.3382973002
1.0612345055,0.9459621446,0.0576941235,0.942306338,0.0612265048,0.8951603947
3.4058169818,0.2835434741,0.8431105131,0.5494959347,1.5343343961,37.2279276922
0.3483421755,0.0596812585,0.0,1.0,0.0,0.0596812585
1.6709084935,0.9329895721,0.401523181,0.598476819,0.6709084935,1.1255822533
2.1406342156,0.2165218651,0.5328487265,0.4671512735,1.1406342156,0.3216058851
1.1897733344,0.2506766641,0.1595037718,0.8404962282,0.1897733344,0.0911728923
0.56774768,0.4884142073,0.0,1.0,0.0,0.4884142073
2.2679738493,0.5566290836,0.5590778085,0.4409221915,1.2679738493,0.0042067711
3.1120534434,0.3823892606,0.5516057611,0.2302745185,2.395426835,21.3857530221
2.7429416819,0.0007819475,0.6354279033,0.3645720967,1.7429416819,0.9948700573
2.7151115289,0.5596366464,0.6316910044,0.3683089956,1.7151115289,0.3478255282
1.4251531274,0.4887364404,0.2983210149,0.7016789851,0.4251531274,0.1904154255
0.6945032004,0.6470670003,0.0,1.0,0.0,0.6470670003
0.3892213843,0.4597392028,0.0,1.0,0.0,0.4597392028
3.3995658336,0.26200322,0.8420825401,0.5479273826,1.5368506245,38.1353144407
2.6186622333,0.3317791894,0.6181256264,0.3818743736,1.6186622333,0.3923038183
1.843367192,0.5827847987,0.4575144853,0.5424855147,0.843367192,0.1438820691
2.9476057535,0.8838140917,0.6605754564,0.3390831574,1.9481222878,2.1459495629
1.0127265331,0.5535822212,0.016929595,0.9829939466,0.0172224815,0.5366526261
2.4253529424,0.5587139512,0.5876888751,0.4123111249,1.4253529424,0.0655210708
1.0824175406,0.8459194944,0.0761487345,0.9238506692,0.0824253713,0.7697707599
0.1162816091,0.2260387309,0.0,1.0,0.0,0.2260387309
3.9676875242,0.8006769877,0.9651192699,0.4178098408,2.3099486313,44.1981316129
3.9693153932,0.5680695109,0.558019944,0.1692182332,3.2976348553,47.3303319581
2.7418277625,0.8405401149,0.635279789,0.364720211,1.7418277625,0.7566642295
1.8334640712,0.629532647,0.454584349,0.545415651,0.8334640712,0.228911272
2.9253169908,0.5332233848,0.6581304189,0.3418148905,1.9254000838,1.8285500782
2.1647282879,0.9064754585,0.5380482596,0.4619517404,1.1647282879,1.0816052955
3.2349998117,0.2620263555,0.8087495112,0.4996304824,1.6186952953,30.2489731536
3.9355136782,0.589212581,0.1126970309,0.0295065504,3.8193902453,43.7831711654
3.8679037915,0.554821027,0.169912171,0.0460492846,3.6897895889,44.9066011677
1.5276445595,0.8169617684,0.3453974658,0.6546025342,0.5276445595,0.7054858507
0.5508956037,0.4142146738,0.0,1.0,0.0,0.4142146738
3.5948274379,0.3416754378,0.4145617551,0.1330146324,3.1166627876,42.0063443693
1.4483040962,0.3893900922,0.3095372701,0.6904627299,0.4483040962,0.0798528221
1.2626490242,0.4926287127,0.2080142773,0.7919857227,0.2626490242,0.2846144354
3.2442281208,0.694925991,0.8110317404,0.5027920104,1.6130561417,26.9819779899
0.2553044184,0.5363322307,0.0,1.0,0.0,0.5363322307
1.0232718032,0.6283501701,0.0248038599,0.9751423397,0.0254361429,0.6035463102
2.3827856857,0.7112748034,0.5803231461,0.4196768539,1.3827856857,0.3633515366
1.673173548,0.1989552612,0.4023333675,0.5976666325,0.673173548,0.2033781063
0.384037701,0.1872708533,0.0,1.0,0.0,0.1872708533
3.2507770762,0.7738891944,0.8126131808,0.5049944248,1.6091527764,31.4712303506
2.5765537291,0.2564596205,0.6118846703,0.3881153297,1.5765537291,0.5149852681
0.3324406974,0.2129732186,0.0,1.0,0.0,0.2129732186
3.0824400937,0.5923042693,0.568105929,0.2436876209,2.3312876008,18.5868690405
0.7756563128,0.589131601,0.0,1.0,0.0,0.589131601
3.9342637109,0.9139611536,0.2135754338,0.0576042478,3.7076334091,35.7261053028
1.2067134373,0.9280503931,0.1713028387,0.8286971613,0.2067134373,0.9382018148
0.874975014,0.9810848291,2.6e-08,0.9999999703,2.6e-08,0.9810848031
1.8851114337,0.8592665906,0.4695273806,0.5304726194,0.8851114337,0.8728702816
1.3576408403,0.3902484499,0.2634281687,0.7365718313,0.3576408403,0.1268202812
1.4819881006,0.5349625884,0.3252307494,0.6747692506,0.4819881006,0.209731839
0.1502682776,0.9988852923,0.0,1.0,0.0,0.9988852923
0.0404095064,0.9491085255,0.0,1.0,0.0,0.9491085255
2.3881107482,0.8402447054,0.5812589509,0.4187410491,1.3881107482,0.8301904842
1.2537855525,0.9731149824,0.2024154386,0.7975845614,0.2537855525,1.1099268106
3.3470780846,0.0785449942,0.4658923039,0.1671242517,2.7877001643,36.0846968187
3.8719533998,0.3823925344,0.1398311145,0.0375217219,3.726671041,48.893011944
0.9703462854,0.9317393475,0.0010382347,0.9989288896,0.001039348,0.9307011128
3.3766865209,0.1930989962,0.8382003771,0.5420520691,1.5463466057,37.9227727565
3.7177614869,0.7337339042,0.7564577556,0.2842948727,2.6608209582,34.3560677996
2.6614381152,0.2388183508,0.6242632905,0.3757367095,1.6614381152,0.6377758775
2.280327991,0.89169571,0.5614665943,0.4385334057,1.280327991,1.0249014863
3.6793819258,0.5404897251,0.9188367714,0.4834424626,1.9006124667,35.5524454783
2.9092706487,0.348933015,0.6562708562,0.3437283432,1.9092718686,0.410588386
1.9802329448,0.5188816855,0.4950089066,0.5049910934,0.9802329448,0.0251860973
2.6093308375,0.9901988002,0.6167599809,0.3832400191,1.6093308375,1.6314742016
2.1534365847,0.2386306214,0.5356259817,0.4643740183,1.1534365847,0.3026350004
3.2728609196,0.1993890668,0.8177292046,0.5121861263,1.5965469631,32.9437941636
3.9492445265,0.0240937955,0.0503187985,0.0129079894,3.8982677198,43.9924114823
2.0486344123,0.8830601507,0.5118699588,0.4881300412,1.0486344123,0.9720828283
2.0643058965,0.3658778792,0.5155756704,0.4844243296,1.0643058965,0.1497540192
1.1565352025,0.5972012278,0.1353484144,0.8646515851,0.1565352064,0.4618528135
2.8988434147,0.662010052,0.6550349983,0.344965349,1.8988428844,0.1322625959
3.7990286988,0.5681554865,0.3530799714,0.1036914558,3.4051018824,42.0473466375
1.7775265158,0.8562703964,0.4374204879,0.5625795121,0.7775265158,0.8561655141
2.6728541417,0.6686673672,0.6258680994,0.3741319006,1.6728541417,0.2340952106
0.3567694048,0.5267713587,0.0,1.0,0.0,0.5267713587
0.9846622256,0.8046380122,0.0036520289,0.9962772255,0.0036656754,0.8009859833
3.252238904,0.9236734624,0.4945184806,0.1870379942,2.6439466628,32.0427449658
3.3106024475,0.5530501984,0.4762729879,0.1742131616,2.7338519281,34.8355272378
0.5461298481,0.0670069074,0.0,1.0,0.0,0.0670069074
1.1846770767,0.0788143519,0.155888115,0.844111885,0.1846770763,0.0770737631
0.2653757744,0.1369878021,0.0,1.0,0.0,0.1369878021
0.391811744,0.5707844405,0.0,1.0,0.0,0.5707844405
3.8712288211,0.6746307009,0.2257247144,0.0621738761,3.6305395199,48.701807629
3.1921647851,0.9457571345,0.5160479378,0.202780902,2.5448547305,28.5933146562
3.3741355353,0.2280854599,0.8377554355,0.5413832271,1.5474351505,37.6291012106
3.167825347,0.3820327583,0.525831399,0.2101574301,2.502083313,26.0175673793
2.8114523448,0.2347869814,0.6443119508,0.3556880493,1.8114523445,1.049186164
1.3161681606,0.1922554032,0.2402186666,0.7597813334,0.3161681606,0.0479632634
3.4270087094,0.8784034227,0.8464938925,0.554711645,1.5260070708,39.9772498357
1.9644992537,0.7431395079,0.4909644287,0.5090355713,0.9644992537,0.4841242085
3.4358699565,0.6040270859,0.4424220882,0.1518127909,2.9142609491,40.1187314828
0.6839319682,0.9780271353,0.0,1.0,0.0,0.9780271353
0.0672475772,0.3893161499,0.0,1.0,0.0,0.3893161499
1.994160963,0.8270196677,0.4985359665,0.5014640335,0.994160963,0.7549937301
2.1551787063,0.8699027593,0.5360013548,0.4639986452,1.1551787063,0.9234028513
0.2125815807,0.5888095868,0.0,1.0,0.0,0.5888095868
2.5852727368,0.6520084964,0.6131936156,0.3868063844,1.5852727368,0.1599795256
1.4613561597,0.7823044486,0.3157041195,0.6842958805,0.4613561597,0.6002583898
0.7203105707,0.756314666,0.0,1.0,0.0,0.756314666
0.2322989771,0.5351541932,0.0,1.0,0.0,0.5351541932
1.7832418827,0.9528754056,0.4392235794,0.5607764206,0.7832418827,1.2319500726
3.781514581,0.1718652227,0.2693889987,0.0771979031,3.4895895847,40.4194008026
1.0191876568,0.9523925084,0.0205905022,0.9793716129,0.0210241975,0.9318020062
0.5782662254,0.9249113984,0.0,1.0,0.0,0.9249113984
3.0517528613,0.6736141947,0.7362027396,0.4064014161,1.811516177,5.1338130255
2.7235503734,0.4981500353,0.6328321996,0.3671678004,1.7235503734,0.501276563
1.9432022933,0.9919299943,0.4853855394,0.5146144606,0.9432022933,1.4462053287
2.9999141229,0.4184345608,0.6438744447,0.3119334131,2.0641406717,6.9392583759
2.329768102,0.9140854328,0.5707727309,0.4292272691,1.329768102,1.1485662942
2.4188096722,0.4810323022,0.586573507,0.413426493,1.4188096722,0.1669563788
2.9821343001,0.3594634526,0.6612566106,0.3318910471,1.9923906247,2.277680788
3.5739681348,0.4537786435,0.5174241104,0.1756172077,2.9463178305,41.3343911605
3.4313329128,0.191311181,0.8470984651,0.5559325739,1.5237431748,40.1453101224
3.1881942558,0.1743500422,0.7960614711,0.4824042972,1.6501956464,27.8777116212
3.4142758421,0.0361075772,0.4484042038,0.1555180047,2.8832944756,38.7861413304
0.6804543618,0.7771733834,0.0,1.0,0.0,0.7771733834
2.1445187243,0.3216911809,0.5336949085,0.4663050915,1.1445187243,0.2125451472
1.0961346375,0.0541361187,0.0877009788,0.9122992693,0.0961318087,0.0335648601
2.2276916293,0.9077704353,0.5511048357,0.4488951643,1.2276916293,1.1010931143
0.0256625933,0.1789415623,0.0,1.0,0.0,0.1789415623
0.1756244779,0.3835693858,0.0,1.0,0.0,0.3835693858
0.3192403163,0.2473660131,0.0,1.0,0.0,0.2473660131
1.1866118523,0.1227258993,0.1572644432,0.8427355568,0.1866118522,0.0345385439
2.928409646,0.0207584498,0.6585512822,0.3415184324,1.9283037743,1.8701151246
0.3295338966,0.0439506112,0.0,1.0,0.0,0.0439506112
2.63948045,0.1791542316,0.6211375614,0.3788624386,1.63948045,0.4740207112
0.2266537248,0.9163225636,0.0,1.0,0.0,0.9163225636
2.7505244589,0.0342037279,0.6364329731,0.3635670269,1.7505244589,1.0266352621
0.3092529073,0.8144018228,0.0,1.0,0.0,0.8144018228
0.1097722714,0.6828210038,0.0,1.0,0.0,0.6828210038
2.3116896282,0.2158663376,0.5674159767,0.4325840233,1.3116896282,0.3650038235
2.9449903775,0.9983143493,0.6603018827,0.3394132577,1.9454215997,2.6375236546
0.9182117332,0.6713632809,1.18745e-05,0.9999870676,1.18747e-05,0.6713514063
3.5345896302,0.0096494756,0.821066528,0.6330611682,1.2969781897,40.0164493146
0.7859721081,0.9969004631,0.0,1.0,0.0,0.9969004631
3.266780638,0.1045065751,0.4897592092,0.1836474402,2.6668447362,25.7787840369
2.4759973054,0.2108649696,0.5961223391,0.4038776609,1.4759973054,0.3995089059
1.8009948847,0.4581308754,0.444751338,0.555248662,0.8009948847,0.0133795374
2.6465510198,0.8388006804,0.6221497366,0.3778502634,1.6465510198,0.7942332028
0.4344367521,0.6125186995,0.0,1.0,0.0,0.6125186995
0.2871481818,0.058065931,0.0,1.0,0.0,0.058065931
2.6073481736,0.1267845461,0.6164685598,0.3835314402,1.6073481736,0.6617290094
1.7644595415,0.1809489391,0.4332542195,0.5667457805,0.7644595415,0.2523052804
2.941607594,0.8026722913,0.660200507,0.3401102699,1.9411366411,2.6569887504
3.0025448158,0.2047529319,0.6917777024,0.3599897434,1.9216594782,8.0819420245
1.5809666134,0.2775452292,0.3674755738,0.6325244262,0.5809666134,0.0899303446
2.6452157648,0.9746311249,0.6219590049,0.3780409951,1.6452157648,1.5131150941
3.7572122535,0.7231885047,0.8715236286,0.365687601,2.3832463182,35.6649243436
2.3722340918,0.6651691512,0.5784564418,0.4215435582,1.3722340918,0.228435071
1.7562014904,0.466983914,0.4305892545,0.5694107455,0.7562014904,0.0363946596
2.1036899643,0.9972960478,0.5246447828,0.4753552172,1.1036899643,1.5109987131
0.7164159412,0.0349613164,0.0,1.0,0.0,0.0349613164
0.6117753934,0.4741486834,0.0,1.0,0.0,0.4741486834
0.2630318654,0.1251450991,0.0,1.0,0.0,0.1251450991
2.7619423232,0.7483677933,0.6379359585,0.3620640415,1.7619423232,0.7989662762
2.8584301484,0.8119008908,0.6501576386,0.3498423969,1.8584300938,1.3488850698
2.2686521741,0.099631385,0.5592096438,0.4407903562,1.2686521741,0.4768688235
3.1735480447,0.1926327143,0.7916396194,0.4765348893,1.6612416785,26.8926184165
1.9533566049,0.3216626818,0.4880607066,0.5119392934,0.9533566049,0.1663980248
2.9299694412,0.8348878554,0.658734481,0.3413380947,1.9298592546,1.9832486308
0.0109889046,0.2455329772,0.0,1.0,0.0,0.2455329772
2.5886541901,0.7540424842,0.613698885,0.386301115,1.5886541901,0.5737222406
3.0633769651,0.2241613237,0.7460468897,0.4196097598,1.7779540925,17.0249671357
2.200958852,0.8958458779,0.5456525691,0.4543474309,1.200958852,1.0421217571
3.2454140098,0.6360665025,0.4968066896,0.1886795918,2.6330706192,30.6617948885
1.8415549948,0.1656731309,0.456980648,0.543019352,0.8415549948,0.2913075171
1.4322152547,0.9011895841,0.3017809322,0.6982190678,0.4322152547,0.9479018086
1.9313502466,0.5941769397,0.4822275236,0.5177724764,0.9313502466,0.1449887738
0.4901874718,0.8800120635,0.0,1.0,0.0,0.8800120635
3.2340255599,0.3763644407,0.5007073793,0.1914952283,2.6147250971,30.4075095001
2.6591574839,0.2715681611,0.6239410392,0.3760589608,1.6591574839,0.5943816852
0.5188656609,0.55947931,0.0,1.0,0.0,0.55947931
2.7806651322,0.6214527816,0.6403738126,0.3596261874,1.7806651322,0.147161051
3.9330072317,0.9795756901,0.9832427709,0.4984841698,1.9724653869,47.3360086958
1.1532369923,0.5161189421,0.132875548,0.8671244512,0.1532369982,0.3832433941
0.9162492404,0.9004585868,7.0711e-06,0.9999922825,7.0712e-06,0.9004515157
3.0175526484,0.5869927807,0.6213005798,0.28998934,2.1424945475,9.8124062222
0.1191917332,0.0874824218,0.0,1.0,0.0,0.0874824218
0.9475834251,0.5429569064,0.0001976039,0.9997914219,0.0001976451,0.5427593025
3.5656995281,0.9530645556,0.3474063022,0.1093979714,3.175619233,41.6161454008
0.7738252633,0.325242394,0.0,1.0,0.0,0.325242394
3.3712388957,0.0185248152,0.8372471518,0.5406202941,1.5486787323,37.1053492041
2.4580066501,0.1411988491,0.5931662756,0.4068337244,1.4580066501,0.5319226012
3.412463192,0.6767189778,0.4488522241,0.155809945,2.8807674898,38.2328218247
2.8023823076,0.750310333,0.6431607503,0.3568392497,1.8023823075,0.9273654536
1.0451559351,0.9617197418,0.0431500088,0.956852587,0.0450957748,0.9279151699
0.8936710415,0.9241527963,5.722e-07,0.9999993597,5.722e-07,0.9241522241
0.115198766,0.0636393981,0.0,1.0,0.0,0.0636393981
0.4078829633,0.6825604646,0.0,1.0,0.0,0.6825604646
3.8103393703,0.4413464065,0.7558808768,0.2727914193,2.7709114856,41.5799645849
2.2920265464,0.8381131204,0.5637048787,0.4362951213,1.2920265464,0.806111934
2.8576994618,0.3121560438,0.650068179,0.3499318388,1.8576994345,0.734642744
0.3161243908,0.893957103,0.0,1.0,0.0,0.893957103
2.0518659763,0.4192518408,0.5126387339,0.4873612661,1.0518659763,0.0940779997
2.5211533335,0.2911689143,0.603356136,0.396643864,1.5211533335,0.4253840794
2.3292018736,0.4329070388,0.5706683859,0.4293316141,1.3292018736,0.141190163
1.8452163903,0.3937494265,0.4580581415,0.5419418585,0.8452163903,0.064308715
2.6789006059,0.5092071066,0.626712541,0.373287459,1.6789006059,0.399341173
1.4627499483,0.2996182614,0.3163561543,0.6836438457,0.4627499483,0.0167378929
2.7380716111,0.4433098027,0.6347794572,0.3652205428,1.7380716111,0.5194327082
3.8475146795,0.695751618,0.5048297378,0.8446602562,0.5976719446,52.6165658012
2.0084128076,0.2014377185,0.502094392,0.497905608,1.0084128076,0.3006574767
2.6692946754,0.8732042075,0.6253691999,0.3746308001,1.6692946754,1.1212297084
3.4107628324,0.475214086,0.4492754458,0.1560855675,2.8783919799,39.4530331087
1.0054510487,0.4750461943,0.0123144122,0.9875985545,0.0124690464,0.4627317821
1.7503473749,0.484569787,0.4286848346,0.5713151654,0.7503473749,0.0558849524
1.6937849079,0.274710257,0.4096062639,0.5903937361,0.6937849079,0.1348960068
3.8922004374,0.0419194457,0.3678526462,0.1056780518,3.4808802781,46.6777769429
1.2169368783,0.0599370306,0.1782646924,0.8217353076,0.2169368783,0.1183276618
3.8117307172,0.7937413993,0.9474093684,0.4619338776,2.0509631666,42.391113073
1.5940378331,0.3585323822,0.3726623175,0.6273376825,0.5940378331,0.0141299353
3.6022096543,0.6570952114,0.4209686893,0.1351219611,3.1154720216,42.2105535554
0.1457026349,0.0183319913,0.0,1.0,0.0,0.0183319913
1.1894122465,0.4299111366,0.1592486097,0.8407513903,0.1894122466,0.270662527
3.834894734,0.9145980839,0.4946743664,0.847860683,0.5834382657,48.5120024858
0.0945047691,0.870156699,0.0,1.0,0.0,0.870156699
1.5088234908,0.0732433939,0.3372319518,0.6627680482,0.5088234908,0.263988558
2.8408647755,0.4176399653,0.6479945075,0.3520054891,1.8408647806,0.7863342346
0.5612762232,0.949957725,0.0,1.0,0.0,0.949957725
2.9881409287,0.7828277651,0.6758261359,0.3456284734,1.955354341,5.8701134016
1.3089845371,0.5337661299,0.2360490352,0.7639509648,0.3089845371,0.2977170947
0.6867209976,0.9830586234,0.0,1.0,0.0,0.9830586234
3.3165236035,0.9018829571,0.4745395311,0.1730189874,2.7427020479,33.0122142663
2.0438529887,0.1630472234,0.5107280193,0.4892719807,1.0438529887,0.3480571435
1.5333912353,0.9028814834,0.3478507135,0.6521492865,0.5333912353,0.9818167441
1.1490702934,0.5305114931,0.1297312291,0.8702687697,0.1490703029,0.400780264
2.520306221,0.4148606023,0.6032228181,0.3967771819,1.520306221,0.2247477725
0.8500305635,0.5419938599,8.6e-09,0.9999999899,8.6e-09,0.5419938513
3.8853418335,0.3094544684,0.8408539935,0.6832566718,1.2306561036,46.5285201935
3.809459401,0.9092388754,0.7451755682,0.2667874229,2.7931435446,40.8252839162
0.8654026213,0.6774149626,4.56e-08,0.9999999473,4.56e-08,0.677414917
1.1909529057,0.7277541495,0.1603362357,0.8396637643,0.1909529058,0.5674179138
3.1623736729,0.3136559414,0.7880916643,0.4718734992,1.670133342,20.9450531082
3.9739336545,0.2116041942,0.1032995923,0.0267075873,3.8677994743,46.9938114022
1.1943876573,0.5341856639,0.1627508926,0.8372491074,0.1943876573,0.3714347713
0.7754280115,0.8297938782,0.0,1.0,0.0,0.8297938782
3.675943627,0.166564132,0.8306286565,0.3449625294,2.4078808157,33.534808157
3.6300379824,0.4716474055,0.3049848897,0.0925898834,3.293933189,36.3096529251
3.8831651406,0.6598606327,0.2057447533,0.0561349038,3.6651840391,42.4320878871
3.0863245122,0.8832878825,0.5657858082,0.2417757927,2.3401259568,15.0895198019
1.1771173856,0.713548726,0.1504670545,0.8495329454,0.1771173859,0.5630816715
1.3842687845,0.7080910054,0.2775969442,0.7224030558,0.3842687845,0.4304940612
0.7440998134,0.819276334,0.0,1.0,0.0,0.819276334
2.7218361944,0.9088636719,0.6326009618,0.3673990382,1.7218361944,1.4406997093
3.7627693418,0.1480167361,0.6955539821,0.2447581794,2.8418007684,37.3022676898
0.6168628161,0.416987251,0.0,1.0,0.0,0.416987251
1.2118344009,0.3308353972,0.1748047429,0.8251952571,0.2118344009,0.1560306543
2.9732377208,0.1960800889,0.6667745823,0.3395592089,1.9636474724,4.262336316
2.0554683342,0.619710918,0.51349287,0.48650713,1.0554683342,0.1643968873
2.6525970494,0.9423879879,0.6230109657,0.3769890343,1.6525970494,1.405705254
2.3202364094,0.4202348913,0.5690094354,0.4309905646,1.3202364094,0.1521868879
0.1295318671,0.6288925544,0.0,1.0,0.0,0.6288925544
1.100173288,0.638800348,0.0910537809,0.9089460522,0.1001751211,0.5477465671
1.8568872568,0.7200625203,0.4614643424,0.5385356576,0.8568872568,0.4329320972
2.8089971579,0.2564592711,0.6440010638,0.3559989363,1.8089971577,0.9798668655
0.1095092249,0.6954374545,0.0,1.0,0.0,0.6954374545
1.6786453928,0.3059304093,0.4042815688,0.5957184312,0.6786453928,0.0983511595
2.1422149681,0.323367768,0.53319344,0.46680656,1.1422149681,0.2104418518
1.3626148121,0.8823145352,0.2661168871,0.7338831129,0.3626148121,0.8654555796
1.7183996431,0.8124182801,0.4180631939,0.5819368061,0.7183996431,0.7067310713
3.4788280524,0.9350038633,0.4862322088,0.1679894107,2.8944217779,41.2189105839
2.2684232215,0.5229830017,0.5591651547,0.4408348453,1.2684232215,0.0548754469
3.0415365684,0.2948611571,0.7317367642,0.4029499157,1.8159496646,12.5996801478
3.5263834164,0.477880154,0.5153011475,0.1777072352,2.8997195692,40.9149637218
2.632000892,0.91230312,0.620060919,0.379939081,1.632000892,1.2683286478
1.8953778421,0.5532688039,0.472400712,0.527599288,0.8953778421,0.0887371123
0.6339633565,0.9215117803,0.0,1.0,0.0,0.9215117803
3.023977782,0.5687500021,0.6138717356,0.2832084043,2.1675618596,11.1599439361
2.50540817,0.8925405549,0.6008634393,0.3991365607,1.50540817,1.1007733524
0.3228291805,0.5690839513,0.0,1.0,0.0,0.5690839513
0.567880917,0.8416158516,0.0,1.0,0.0,0.8416158516
0.5693003312,0.8641103396,0.0,1.0,0.0,0.8641103396
0.2895402787,0.8938839159,0.0,1.0,0.0,0.8938839159
1.3242087834,0.1441752216,0.2448320744,0.7551679256,0.3242087834,0.1006568528
3.6599544474,0.5550800756,0.6197283676,0.2159697165,2.869515123,37.8929142566
2.8874811462,0.8294855595,0.6536777493,0.3463230098,1.887479985,1.4568740329
1.3260068187,0.3112603177,0.2458560651,0.7541439349,0.3260068187,0.0654042526
1.2603537882,0.5721665695,0.2065719885,0.7934280115,0.2603537882,0.3655945811
1.7489417681,0.427610334,0.4282256744,0.5717743256,0.7489417681,0.0006153404
2.8378178804,0.1395738426,0.6476165691,0.3523834302,1.8378178813,0.6099032797
1.0768896692,0.283643138,0.071415618,0.9285830612,0.0769081636,0.21222752
3.7282403585,0.6114611369,0.9214825503,0.4467351913,2.0627041887,31.9295761103
2.5696361991,0.0258850286,0.6108398534,0.3891601466,1.5696361991,0.6673117066
1.6985672509,0.5013945676,0.4112685268,0.5887314732,0.6985672509,0.0901260409
0.0129967002,0.9229124482,0.0,1.0,0.0,0.9229124482
0.3760095103,0.4129282913,0.0,1.0,0.0,0.4129282913
2.1209092853,0.2176926041,0.5285041152,0.4714958848,1.1209092853,0.31419663
0.2163076932,0.0139594381,0.0,1.0,0.0,0.0139594381
2.3446777485,0.1055238211,0.573502158,0.426497842,1.3446777485,0.4768383979
3.2994288917,0.7032527144,0.8234839692,0.5204012137,1.5824020919,31.1738748429
0.2110518621,0.4918365806,0.0,1.0,0.0,0.4918365806
0.2594010965,0.5787898205,0.0,1.0,0.0,0.5787898205
3.4525377943,0.6493838811,0.455751461,0.1564956638,2.9122306004,40.2860887839
3.7711956505,0.4286857609,0.5272026159,0.1680319386,3.1375143347,39.6529683295
1.2896475379,0.7367745669,0.2245943403,0.7754056597,0.2896475379,0.5121802267
1.2459226912,0.1791504445,0.1973819828,0.8026180172,0.2459226912,0.0182315383
1.4038186653,0.0146867317,0.2876572846,0.7123427154,0.4038186653,0.2729705528
0.0012512249,0.469181654,0.0,1.0,0.0,0.469181654
2.6662769287,0.9213908619,0.6249451851,0.3750548149,1.6662769287,1.300308882
3.957984897,0.6457503436,0.5021173274,0.1490895561,3.3678906855,45.072268498
1.3237137884,0.9943563639,0.2445496838,0.7554503162,0.3237137884,1.2240492522
1.1226285846,0.4494098932,0.1092335791,0.8907664018,0.1226287598,0.3401763141
1.3805568839,0.4023507884,0.2756546205,0.7243453795,0.3805568839,0.1266961679
0.4897754546,0.4877787641,0.0,1.0,0.0,0.4877787641
3.4306757076,0.4864493091,0.4446021317,0.1530073234,2.9057572,40.2205647724
3.4578891111,0.0759038412,0.4636560006,0.1595391775,2.9062203263,40.3375463805
0.896192941,0.1071929491,8.952e-07,0.9999990011,8.952e-07,0.1071920539
3.4985413174,0.6311420516,0.3836093543,0.1253646712,3.0599478354,40.6066071425
3.0103053813,0.0553584998,0.6306322562,0.2987318292,2.1110313483,8.6074821666
2.8230312161,0.1904233753,0.6457708319,0.3542291687,1.8230312153,1.0173962812
2.5569234511,0.7596182346,0.608904991,0.391095009,1.5569234511,0.5649492752
1.8760381984,0.0369897646,0.466961813,0.533038187,0.8760381984,0.4299720484
2.9925246083,0.5250032103,0.6512011267,0.3200257808,2.0348395839,6.1746019573
3.7138186164,0.5427796032,0.8976407561,0.5910883795,1.5186235886,35.1140567229
0.9112093021,0.2230295245,5.4931e-06,0.9999939716,5.4931e-06,0.2230240315
0.4440415472,0.5913598031,0.0,1.0,0.0,0.5913598031
0.2357131026,0.8016954064,0.0,1.0,0.0,0.8016954064
1.1373875028,0.9639727026,0.1207920378,0.879207983,0.1373873305,1.0057633257
1.0332147458,0.0934151574,0.032855934,0.9671191341,0.0339729955,0.0605592233
3.8446516622,0.8156681395,0.9582728958,0.5274171247,1.8169165369,53.0815853075
2.5490741783,0.9385658743,0.6077007062,0.3922992938,1.5490741783,1.3539917548
3.374313869,0.8741365231,0.8377866219,0.5414300769,1.5473588514,37.7815000628
1.6888118428,0.0216424445,0.4078677241,0.5921322759,0.6888118428,0.3862252796
0.6172849215,0.3517893662,0.0,1.0,0.0,0.3517893662
1.2959349571,0.1809011434,0.2283563349,0.7716436651,0.2959349571,0.0474551915
3.4478987804,0.2565662224,0.8458093362,0.5684723796,1.4878635561,40.0073253185
0.7368958955,0.1791401111,0.0,1.0,0.0,0.1791401111
2.654647604,0.9911329641,0.6233021669,0.3766978331,1.654647604,1.6630609387
2.2092203402,0.0424768079,0.5473516236,0.4526483764,1.2092203402,0.5164495411
0.8578561743,0.3714512163,2.02e-08,0.9999999765,2.02e-08,0.3714511961
2.8955660016,0.5283461886,0.6546433053,0.345354426,1.8955694672,1.3599595588
2.7652134556,0.9397282282,0.6383642652,0.3616357348,1.7652134556,1.28825199
1.4911026161,0.998102972,0.3293553447,0.6706446553,0.4911026161,1.3218117221
2.6735669665,0.127878662,0.6259678502,0.3740321498,1.6735669665,0.70991763
2.5523338547,0.7134919043,0.6082017256,0.3917982744,1.5523338547,0.4127019287
2.4430100596,0.3233998864,0.590668898,0.409331102,1.4430100596,0.3309727771
3.7416894958,0.5968206863,0.9348326251,0.5125545069,1.8238696811,42.3200319247
1.2814981053,0.6511477386,0.219663302,0.780336698,0.2814981053,0.4314844366
3.2837383111,0.5014960704,0.4843959353,0.1798649693,2.6931088207,33.5608076708
3.2142986688,0.2310665572,0.8033827471,0.4922728898,1.6319865743,29.422586882
0.5342832531,0.3158547019,0.0,1.0,0.0,0.3158547019
0.5663724988,0.5415648867,0.0,1.0,0.0,0.5415648867
1.8724604103,0.4758383995,0.4659433148,0.5340566852,0.8724604103,0.0098950848
0.1233641761,0.1088492677,0.0,1.0,0.0,0.1088492677
3.4468666027,0.5743182647,0.4348898241,0.148104579,2.9363698758,40.6878029838
0.7948081505,0.5183878189,0.0,1.0,0.0,0.5183878189
2.0311322514,0.1234319746,0.5076637677,0.4923362323,1.0311322514,0.3843855594
0.6607640456,0.5667989021,0.0,1.0,0.0,0.5667989021
0.7566676765,0.7169711647,0.0,1.0,0.0,0.7169711647
2.678356236,0.5051630734,0.6266366712,0.3733633288,1.678356236,0.4034965336
1.7388621455,0.7098545234,0.4249112832,0.5750887168,0.7388621455,0.4184899592
3.4644986709,0.7518005236,0.8369420071,0.5917787721,1.4142819016,40.3276657635
2.2548629459,0.9561635441,0.5565140658,0.4434859342,1.2548629459,1.3420957784
2.4437689811,0.282877399,0.5907960173,0.4092039827,1.4437689811,0.3830109379
2.2299189527,0.361045382,0.5515532083,0.4484467917,1.2299189527,0.2048581305
3.1392191968,0.4095267595,0.53836669,0.2198161406,2.4491681485,24.0600557456
1.5628413657,0.3683359919,0.3601397929,0.6398602071,0.5628413657,0.008196199
1.5236476183,0.0797413682,0.3436802657,0.6563197343,0.5236476183,0.2639388974
0.4075070188,0.1138238208,0.0,1.0,0.0,0.1138238208
0.6582754911,0.2432673959,0.0,1.0,0.0,0.2432673959
1.5911971059,0.2146341239,0.3715423461,0.6284576539,0.5911971059,0.1569082222
3.8107941392,0.1252387605,0.2053305709,0.0571470984,3.5930183117,40.4555969433
3.1259891644,0.7713817568,0.7752716389,0.4553728973,1.7024984216,23.0259825638
2.3108255205,0.4809744715,0.5672542167,0.4327457833,1.3108255205,0.1147418061
0.872718629,0.4785449316,1.063e-07,0.9999998782,1.063e-07,0.4785448253
0.099245446,0.028726961,0.0,1.0,0.0,0.028726961
1.0468162486,0.4109228821,0.0450167539,0.9549686893,0.0471395077,0.3659061283
0.7272918314,0.9448302243,0.0,1.0,0.0,0.9448302243
0.7903067855,0.3642785421,0.0,1.0,0.0,0.3642785421
1.4849234907,0.9206904412,0.3265646303,0.6734353697,0.4849234907,1.0303981735
1.4846769367,0.4339082619,0.3264527957,0.6735472043,0.4846769367,0.1074554663
2.2609408752,0.6426252436,0.5577062581,0.4422937419,1.2609408752,0.1802081643
1.9498316244,0.2926869533,0.4871352031,0.5128647969,0.9498316244,0.1944482498
3.7566249475,0.5246522973,0.8395130532,0.662863918,1.2664938162,40.0012873673
1.5001678548,0.0475182892,0.3334079271,0.6665920729,0.5001678548,0.2858896379
0.0093657271,0.9099501718,0.0,1.0,0.0,0.9099501718
0.2136213794,0.8367880258,0.0,1.0,0.0,0.8367880258
1.3409610974,0.2311098546,0.2542662111,0.7457337889,0.3409610974,0.0231563565
2.9401090059,0.2557941294,0.659999248,0.340254005,1.9397251415,2.3376985569
2.7125707176,0.7096459893,0.6313460167,0.3686539833,1.7125707176,0.4961662881
1.382891138,0.1921083939,0.2768772809,0.7231227191,0.382891138,0.0847688869
3.7157326255,0.0976220827,0.9087938588,0.4263793018,2.1314211428,36.2169718951
1.0943129721,0.6923492858,0.0861873259,0.9138123946,0.0943162146,0.6061619599
0.0828051079,0.1118054044,0.0,1.0,0.0,0.1118054044
1.263212858,0.7828765299,0.2083677793,0.7916322207,0.263212858,0.5745087506
1.0542035354,0.2449992292,0.0515574982,0.9484344008,0.054360637,0.193441731
2.3160761337,0.7485086346,0.5682352642,0.4317647358,1.3160761337,0.4485630044
2.7413768988,0.1369437362,0.6352198049,0.3647801951,1.7413768988,0.6778162236
2.2614333909,0.5239191683,0.5578025848,0.4421974152,1.2614333909,0.0510634363
2.1350869823,0.2173572217,0.5316350068,0.4683649932,1.1350869823,0.3190505409
3.4280976778,0.8607622697,0.8467120866,0.5548468724,1.5260284029,40.1356817201
2.3473708234,0.8037969862,0.5739914674,0.4260085326,1.3473708234,0.6610527139
0.5957023057,0.0726421281,0.0,1.0,0.0,0.0726421281
3.4145831971,0.7949742754,0.8445302783,0.5516680295,1.5308668133,39.346616858
2.4492983617,0.1533821717,0.5917198102,0.4082801898,1.4492983617,0.5068245116
1.1537824667,0.5988126713,0.1332854985,0.8667145008,0.1537824721,0.4655271728
1.8473278743,0.3642001182,0.4586775775,0.5413224225,0.8473278743,0.0944774593
1.3407413489,0.9551955666,0.2541439847,0.7458560153,0.3407413489,1.0945801466
2.8980593494,0.6678352016,0.6549417837,0.3450588072,1.8980584472,0.243959031
1.7115375674,0.1563847455,0.4157300319,0.5842699681,0.7115375674,0.2593452864
3.3524821234,0.5189069951,0.4644118867,0.1661254341,2.7955495755,36.9037113465
3.781291914,0.6256504371,0.8523146227,0.3431657612,2.4836819961,37.883750014
0.9672324921,0.2905773478,0.0010308252,0.9989331147,0.0010319261,0.2895465226
2.3273864384,0.0715446065,0.5703334936,0.4296665064,1.3273864384,0.5334395891
1.3555938019,0.461541057,0.2623158953,0.7376841047,0.3555938019,0.1992251617
0.7029639653,0.1707355466,0.0,1.0,0.0,0.1707355466
2.225213084,0.0121238952,0.5506048355,0.4493951645,1.225213084,0.5462175645
0.5724946108,0.3648011439,0.0,1.0,0.0,0.3648011439
0.9961638067,0.933967518,0.0068064212,0.9931200335,0.0068535736,0.9271610967
3.5670917703,0.7477094828,0.8052771547,0.6557185454,1.2280835435,40.4709760048
0.956233169,0.2243566821,0.0004010564,0.9995804112,0.0004012247,0.2239556258
1.5863904027,0.8474751453,0.3696381431,0.6303618569,0.5863904027,0.8069963945
2.9229847082,0.6909726244,0.6578946597,0.3421276661,1.9229507718,0.8303518245
2.469692428,0.0444906565,0.5950912799,0.4049087201,1.469692428,0.602774229
0.173442061,0.0229867192,0.0,1.0,0.0,0.0229867192
0.185952926,0.0350637675,0.0,1.0,0.0,0.0350637675
1.329519422,0.5800359038,0.2478485207,0.7521514793,0.329519422,0.3321873831
2.6292280311,0.9145832689,0.6196602242,0.3803397758,1.6292280311,1.2606052759
1.1366414101,0.3616348231,0.120215083,0.8797849126,0.1366414464,0.2414197401
0.4420845058,0.9001257444,0.0,1.0,0.0,0.9001257444
0.3256721746,0.5534199446,0.0,1.0,0.0,0.5534199446
1.2318425956,0.5804406135,0.1882079711,0.8117920289,0.2318425956,0.3922326425
0.9238925955,0.4661606275,2.13291e-05,0.9999769133,2.13296e-05,0.4661392984
3.2083345704,0.0618572993,0.5099202879,0.1982320964,2.5723396827,29.0470989815
3.1737788823,0.7362098088,0.7917112571,0.4766294454,1.6610624138,26.0953857406
0.4656174332,0.1370909618,0.0,1.0,0.0,0.1370909618
2.1846359584,0.811986651,0.542257832,0.457742168,1.1846359584,0.6957330837
3.8287650062,0.4999228186,0.9568183083,0.4901305717,1.9521702246,53.1750369871
3.7684849681,0.4613819707,0.2081428239,0.058675283,3.5473680462,35.6204783779
0.573231965,0.0181950266,0.0,1.0,0.0,0.0181950266
3.596732714,0.0687811657,0.4087780488,0.130747521,3.126468828,41.7276264727
1.9280243856,0.1840774865,0.481334361,0.518665639,0.9280243856,0.2972568744
2.7518780777,0.3514081075,0.6366118077,0.3633881923,1.7518780777,0.3408540765
2.559672179,0.045695906,0.6093249721,0.3906750279,1.559672179,0.7069346152
1.5673097605,0.7229245905,0.3619640321,0.6380359679,0.5673097605,0.4570098289
2.370404792,0.5670824832,0.5781311262,0.4218688738,1.370404792,0.0232248542
3.8361902763,0.7527297839,0.9588479861,0.50721293,1.8904249661,51.1530042532
1.7451348624,0.3153436244,0.4269783834,0.5730216166,0.7451348624,0.111634759
1.8055470317,0.5085245656,0.4461512315,0.5538487685,0.8055470317,0.0623733341
1.5082341456,0.7766727808,0.3369729741,0.6630270259,0.5082341456,0.5904327768
0.6887234031,0.7476323779,0.0,1.0,0.0,0.7476323779
0.9635221109,0.4781687361,0.000779133,0.999190715,0.000779764,0.4773896031
0.205218477,0.9937487,0.0,1.0,0.0,0.9937487
3.1570985729,0.5949601921,0.5303870625,0.2136405381,2.4826143348,25.2475039412
1.6920512704,0.2804620846,0.4090013598,0.5909986402,0.6920512704,0.1285392752
1.3817372087,0.8093343228,0.2762733799,0.7237266201,0.3817372087,0.6591696737
2.320542145,0.5303808354,0.5690662192,0.4309337808,1.320542145,0.0654502296
3.2889496455,0.0480752009,0.4827856527,0.1787372154,2.7010919442,33.4806244585
0.0757666206,0.7900729701,0.0,1.0,0.0,0.7900729701
3.0133814562,0.1694753904,0.7052168246,0.3736211831,1.8875183115,9.5790429907
0.6920002673,0.9679071932,0.0,1.0,0.0,0.9679071932
0.5210836057,0.9434839781,0.0,1.0,0.0,0.9434839781
2.1286339572,0.3574422874,0.5302151426,0.4697848574,1.1286339572,0.1766447924
0.7637203643,0.0583499983,0.0,1.0,0.0,0.0583499983
0.3596017624,0.5495734144,0.0,1.0,0.0,0.5495734144
2.3123050015,0.3116766451,0.5675311002,0.4324688998,1.3123050015,0.2870842927
3.5383356677,0.7005000813,0.365601022,0.1170191956,3.124282474,39.4168965584
0.1404749458,0.9563398037,0.0,1.0,0.0,0.9563398037
0.7389169398,0.4817945704,0.0,1.0,0.0,0.4817945704
0.9549013835,0.0198916381,0.0001367555,0.9998567652,0.0001367751,0.0197548826
3.6296939983,0.2357843466,0.769751509,0.6947546291,1.1079472906,36.122189787
1.1096705507,0.7400433675,0.0988321184,0.9011678216,0.1096711579,0.6412112491
3.6029701787,0.6461342647,0.5930862631,0.2077849635,2.8543271516,41.7041036312
2.0168178074,0.2608833546,0.5041693918,0.4958306082,1.0168178074,0.2433115698
3.417477258,0.0639651256,0.4476214042,0.1550073452,2.8877431808,39.3205736106
3.3881746024,0.4097091547,0.4549705584,0.1598263831,2.8466549103,38.4508835269
0.2410891621,0.9635485107,0.0,1.0,0.0,0.9635485107
1.0172496969,0.1919579464,0.0200337485,0.9799020396,0.0204446442,0.1719241979
3.4790110431,0.2727370758,0.8691072138,0.5136218479,1.6921149622,39.4943355166
1.6013332775,0.5563904218,0.3755203779,0.6244796221,0.6013332775,0.180870044
2.2965623983,0.3347972065,0.5645665884,0.4354334116,1.2965623983,0.2566410831
2.0084394255,0.4930434069,0.5021009908,0.4978990092,1.0084394255,0.0090590559
2.3463414695,0.8553234535,0.5738045749,0.4261954251,1.3463414695,0.8864951422
1.4656154261,0.1292073967,0.3176927711,0.6823072289,0.4656154261,0.1884853744
1.1931568301,0.3874322333,0.1618872099,0.8381127901,0.1931568302,0.2255450234
2.9285805615,0.7129558783,0.6585668906,0.3414938422,1.9284883333,1.3983256889
0.175458741,0.9204256606,0.0,1.0,0.0,0.9204256606
3.9447573958,0.8889179402,0.4270290201,0.1235060287,3.4575560755,44.8144890531
2.2108361299,0.1160665153,0.5476824417,0.4523175583,1.2108361299,0.4409699988
0.471028592,0.2202658467,0.0,1.0,0.0,0.2202658467
2.0581670117,0.8545274982,0.5141307803,0.4858692197,1.0581670117,0.8574318938
0.4711610926,0.4463518545,0.0,1.0,0.0,0.4463518545
2.7269843354,0.7917868298,0.6332945565,0.3667054435,1.7269843354,0.8455628773
2.4642558185,0.2531546942,0.5941979755,0.4058020245,1.4642558185,0.4145721045
1.5235577893,0.6955463291,0.3436415691,0.6563584309,0.5235577893,0.3939257269
3.6209290346,0.7892467869,0.7895490616,0.6787413915,1.1632546233,40.3704500506
0.7870967219,0.4417197373,0.0,1.0,0.0,0.4417197373
0.8651511163,0.2168006711,4.02e-08,0.9999999536,4.02e-08,0.216800631
3.1837214618,0.8643980094,0.7947369702,0.480639141,1.6535003133,27.266797574
1.8106599591,0.0783408147,0.4477151853,0.5522848147,0.8106599591,0.3693743705
3.2962272775,0.1338504616,0.8228118127,0.519434674,1.5840525361,33.879358401
2.1990893921,0.1196073596,0.5452663254,0.4547336746,1.1990893921,0.4338577974
0.1409273143,0.4182539366,0.0,1.0,0.0,0.4182539366
3.5239115766,0.7747499783,0.8802803734,0.4859309076,1.811534026,40.360184858
1.4767413599,0.540205754,0.3228333497,0.6771666503,0.4767413599,0.2173724043
2.0917615078,0.65037262,0.5219340272,0.4780659728,1.0917615078,0.2210705855
0.8292371266,0.0539669578,3e-10,0.9999999996,3e-10,0.0539669575
0.5367767033,0.5860594583,0.0,1.0,0.0,0.5860594583
2.4292009002,0.1521342971,0.5883419935,0.4116580065,1.4292009002,0.5004207383
1.5087692455,0.7797606059,0.3372081231,0.6627918769,0.5087692455,0.5987547635
3.912571764,0.4064175142,0.1375827614,0.0364962547,3.7697775485,49.4628292268
0.0364311681,0.0188034993,0.0,1.0,0.0,0.0188034993
0.455403095,0.0604304079,0.0,1.0,0.0,0.0604304079
3.2399943116,0.4209910433,0.4986498455,0.1900073283,2.6243716486,31.0638553265
3.4263103309,0.3663217141,0.4454788005,0.1536144653,2.8999795015,39.8397611153
3.0528522972,0.8430080812,0.7395825023,0.4120199468,1.7950162562,15.522537158
2.0036372392,0.3299807802,0.5009076591,0.4990923409,1.0036372392,0.1709273109
2.842424234,0.7501575765,0.6481876351,0.3518123712,1.8424242243,1.0991145086
0.1920767069,0.1556177589,0.0,1.0,0.0,0.1556177589
0.5621146261,0.0697347124,0.0,1.0,0.0,0.0697347124
3.0528046942,0.0150376111,0.7395471786,0.4119756676,1.7951234422,13.0011811531
0.7000367793,0.5839112625,0.0,1.0,0.0,0.5839112625
2.6371011841,0.207866591,0.6207957412,0.3792042588,1.6371011841,0.5686520336
2.0277367881,0.7063809492,0.5068393463,0.4931606537,1.0277367881,0.3721389505
1.885109135,0.3141703592,0.4695267338,0.5304732662,0.885109135,0.1553563746
0.3295260413,0.8009836949,0.0,1.0,0.0,0.8009836949
0.9114964662,0.185004514,5.3998e-06,0.9999940758,5.3999e-06,0.1849991141
0.3245570192,0.9505091662,0.0,1.0,0.0,0.9505091662
2.5651851459,0.7785695007,0.6101645912,0.3898354088,1.5651851459,0.6122477424
1.2604858921,0.1197982176,0.2066551429,0.7933448571,0.2604858921,0.0868569253
1.0245096315,0.3706903752,0.0258002684,0.9741486673,0.0264849394,0.3448901068
1.1029946587,0.1180705909,0.0933776577,0.9066223008,0.1029951035,0.0246929331
0.3639912487,0.7270857437,0.0,1.0,0.0,0.7270857437
0.8481179664,0.9998362981,0.0,1.0,0.0,0.9998362981
2.9004131417,0.5340629088,0.6552197246,0.3447764611,1.9004189631,1.4009142598
0.2036262382,0.206862281,0.0,1.0,0.0,0.206862281
0.4985935513,0.3818334111,0.0,1.0,0.0,0.3818334111
0.0052831624,0.6704628404,0.0,1.0,0.0,0.6704628404
3.1596711838,0.8485711408,0.787209025,0.4707203964,1.6723495118,25.8247334477
0.0934748995,0.3361344449,0.0,1.0,0.0,0.3361344449
1.4881763348,0.6383698641,0.32803662,0.67196338,0.4881763348,0.3103332441
0.461306297,0.8640937867,0.0,1.0,0.0,0.8640937867
3.1040704399,0.5334694535,0.5558076283,0.2336499906,2.3788044107,21.1487832284
1.8752275279,0.9249359547,0.4667313779,0.5332686221,0.8752275279,1.1312753592
3.2376914619,0.3248605828,0.4994401923,0.1905781492,2.6206582155,29.1160182258
0.1403733254,0.1329503105,0.0,1.0,0.0,0.1329503105
0.233921761,0.6873140337,0.0,1.0,0.0,0.6873140337
0.3924018683,0.0066248072,0.0,1.0,0.0,0.0066248072
0.2333855714,0.2780241454,0.0,1.0,0.0,0.2780241454
3.7668627383,0.4506823769,0.2934927243,0.0851679455,3.4460467778,42.1331367265
2.8980136863,0.7925663817,0.6549376408,0.3450656852,1.898008608,1.7701697429
3.8752682786,0.0164235092,0.9496203132,0.5703822328,1.6648841051,47.4193028446
0.7393163914,0.2225862478,0.0,1.0,0.0,0.2225862478
3.0482812941,0.2768537049,0.7365434477,0.408489419,1.8030906393,14.3367231319
1.8489150383,0.5221498726,0.4591422649,0.5408577351,0.8489150383,0.0630076077
2.589746478,0.2496109791,0.6138618168,0.3861381832,1.589746478,0.5338493912
2.4002428784,0.2789988178,0.5833754955,0.4166245045,1.4002428784,0.359356493
3.8459337215,0.6278388565,0.9614540486,0.4972359982,1.9335970286,53.0948105342
0.977084127,0.3819681703,0.0022193023,0.9977234651,0.0022243661,0.379748868
3.654415432,0.3934426531,0.5591555101,0.188564927,2.9653208529,38.2210836042
1.6078007005,0.1707130321,0.3780323645,0.6219676355,0.6078007005,0.2073193324
3.4760113518,0.9110886148,0.3979993952,0.1318952278,3.0175420426,38.8838004899
2.6293290281,0.6687187164,0.6196748337,0.3803251663,1.6293290281,0.2336781446
0.7704701391,0.5023334195,0.0,1.0,0.0,0.5023334195
0.6124547327,0.3903531604,0.0,1.0,0.0,0.3903531604
3.7743454115,0.8991007196,0.2009170626,0.0564149388,3.5614159461,39.5967417314
0.1321645106,0.2729786138,0.0,1.0,0.0,0.2729786138
0.3844365085,0.7151769955,0.0,1.0,0.0,0.7151769955
1.8048370382,0.2535073624,0.4459333564,0.5540666436,0.8048370382,0.192425994
2.711233418,0.0753678369,0.6311641804,0.3688358196,1.711233418,0.7522655604
2.3407174094,0.3730207367,0.5727805518,0.4272194482,1.3407174094,0.221712876
3.1655326816,0.6124656662,0.5267916185,0.2108890199,2.4979565969,25.6878690645
3.8765734156,0.4554913114,0.6969126694,0.7649991806,0.9109979293,48.3116704348
1.9644863913,0.1346609968,0.4909610958,0.5090389042,0.9644863913,0.356300099
1.6450594002,0.1403539357,0.3921192147,0.6078807853,0.6450594002,0.251765279
2.7792322535,0.852138386,0.6401884014,0.3598115986,1.7792322535,0.8457720587
1.354789491,0.1195847648,0.2618779474,0.7381220526,0.354789491,0.1422931825
0.7429550051,0.8436955576,0.0,1.0,0.0,0.8436955576
3.5141043723,0.8793385971,0.8782436913,0.491035493,1.7885543996,40.8831928848
2.4397819907,0.3949612509,0.5901273131,0.4098726869,1.4397819907,0.2059398498
0.6904767836,0.2188650433,0.0,1.0,0.0,0.2188650433
0.1145406162,0.1665070723,0.0,1.0,0.0,0.1665070723
0.2635329969,0.8720594204,0.0,1.0,0.0,0.8720594204
0.5263691821,0.0090704092,0.0,1.0,0.0,0.0090704092
0.3981216713,0.9485537668,0.0,1.0,0.0,0.9485537668
0.3703662507,0.2923090885,0.0,1.0,0.0,0.2923090885
0.2863626365,0.8327481482,0.0,1.0,0.0,0.8327481482
0.0025850653,0.4694287297,0.0,1.0,0.0,0.4694287297
2.5779662328,0.1566736734,0.6120973241,0.3879026759,1.5779662328,0.5349607292
0.7961012984,0.6091578276,0.0,1.0,0.0,0.6091578276
2.4558838544,0.3895583106,0.5928146202,0.4071853798,1.4558838544,0.217409812
1.9720583574,0.3500431657,0.4929156147,0.5070843853,0.9720583574,0.142872449
2.2441665247,0.9841346746,0.5544002689,0.4455997311,1.2441665247,1.4804679755
3.1270916702,0.385996348,0.5440925959,0.2243066397,2.4256642457,22.7970385255
