k,x_t,Component A,Component B,Fatigue
0.0519345874,0.0,1.0,0.0,0.8355432809
0.0362111655,0.0,1.0,0.0,0.5351275534
0.5662680481,0.0,1.0,0.0,0.5262537384
3.0247167335,0.6134365033,0.2827626138,2.169439924,9.3576217716
3.4334524523,0.8473247057,0.5567006047,1.5220473959,40.290323083
3.3675746858,0.8365994698,0.5396498567,1.5502634892,36.218796109
2.9404216065,0.659843081,0.3400132559,1.9406392822,1.0887586301
2.1279659079,0.5300676593,0.4699323407,1.1279659079,0.173726014
3.7292998305,0.7208708596,0.7381191932,0.9766320483,38.793261468
0.612177377,0.0,1.0,0.0,0.6715993207
0.8165720558,2e-10,0.9999999998,2e-10,0.4654125949
2.8238557589,0.6458742637,0.3541257364,1.8238557587,0.1687107197
1.1362581693,0.1199183466,0.880081649,0.1362582059,0.5518705532
2.1181673666,0.5278937747,0.4721062253,1.1181673666,0.1117478661
3.2191276322,0.5059762303,0.1953330642,2.5903255679,29.3632158162
3.210935332,0.5089596599,0.1975239265,2.5766987776,27.3630060584
0.9451220874,0.0001487822,0.999842554,0.0001488057,0.2264755892
3.5874731361,0.8268626517,0.6396922018,1.2925945468,41.9886746453
3.7128414949,0.3747839405,0.1139204977,3.2898727438,29.8970248622
3.6853820643,0.7399114455,0.7218800031,1.0249784484,33.9639578428
2.0682791306,0.5165062659,0.4834937341,1.0682791306,0.2390297164
1.1545402935,0.1338543972,0.8661456025,0.1545402954,0.0350872765
1.8501520224,0.4595038743,0.5404961257,0.8501520224,0.4374390151
3.2718074553,0.4881490991,0.1825076414,2.6746775935,32.4793994791
3.0397854132,0.5985421586,0.2695716313,2.2203455006,13.2152776702
1.5386436555,0.3500769353,0.6499230647,0.5386436555,0.2866618469
2.1984437292,0.5451327743,0.4548672257,1.1984437292,0.0039357208
3.4505996165,0.452911571,0.1554073473,2.9143510835,41.1349068551
1.9857728786,0.496417737,0.503582263,0.9857728786,0.3593244121
0.8843058354,2.003e-07,0.9999997735,2.003e-07,0.9280429662
3.3450496603,0.4664516376,0.1675024136,2.7847457685,33.934317951
2.835162102,0.6472864802,0.3527135165,1.8351621071,1.308140114
3.000452438,0.6480603576,0.315575342,2.0535836337,4.3018638382
2.4677715491,0.5947761046,0.4052238954,1.4677715491,0.2067358078
2.5407343199,0.6064129995,0.3935870005,1.5407343199,0.0188639316
2.0863357503,0.5206907614,0.4793092386,1.0863357503,0.1418531777
0.7261569154,0.0,1.0,0.0,0.4259945801
1.7385921308,0.4248219681,0.5751780319,0.7385921308,0.5634620933
0.1495664655,0.0,1.0,0.0,0.7870330747
1.1149463453,0.103096019,0.8969039595,0.1149465535,0.7405912948
3.4925739749,0.4961724713,0.1714653528,2.8937185463,40.3456899007
0.7531296032,0.0,1.0,0.0,0.9662883805
2.098971943,0.5235762901,0.4764237099,1.098971943,0.3618108548
1.2236124556,0.1827477765,0.8172522235,0.2236124556,0.1361899394
3.4372114611,0.4438071686,0.1523196554,2.9136565959,40.4583638103
0.6185413496,0.0,1.0,0.0,0.2091728556
0.7149879718,0.0,1.0,0.0,0.2588339497
2.8691313209,0.6514625148,0.3485376236,1.8691311085,1.3990091024
0.2587074972,0.0,1.0,0.0,0.1773419514
0.4418688555,0.0,1.0,0.0,0.6772856515
1.7000044263,0.4117662375,0.5882337625,0.7000044263,0.2028644998
2.5242270089,0.6038391173,0.3961608827,1.5242270089,0.6266337919
3.9589779512,0.9687451433,0.4271698294,2.2678220152,46.4681736908
0.6698162432,0.0,1.0,0.0,0.1311567334
3.3709905574,0.8372034227,0.5405547128,1.5487857249,37.8868082776
3.9790978513,0.516504338,0.1533076034,3.3690718961,46.0083365119
2.6865934279,0.6277814166,0.3722185834,1.6865934279,1.4761253533
1.8695832106,0.4651214269,0.5348785731,0.8695832106,0.0674772778
1.8948604321,0.4722566459,0.5277433541,0.8948604321,0.2892142163
3.6678213426,0.5744093045,0.1943985691,2.9548021219,34.1096191553
1.629838052,0.3864421077,0.6135578923,0.629838052,0.495670822
0.2095928018,0.0,1.0,0.0,0.4496160837
1.6681536369,0.4005348321,0.5994651679,0.6681536369,0.3848719326
2.8416985511,0.6480977925,0.3519022127,1.8416985431,0.9271081666
3.9577972308,0.6544231918,0.7909461141,0.8273928909,48.2499312992
2.7454754334,0.6357643606,0.3642356394,1.7454754334,1.4913377723
3.1168231849,0.7716706343,0.4508311318,1.7116622608,17.3327180731
3.5412986042,0.3648212376,0.1166190609,3.1283156866,41.152299371
3.7716570743,0.9406551616,0.5244738504,1.7935215663,43.0919944592
3.9254506037,0.0755683829,0.0196364721,3.8483686023,45.4994763072
0.7422962689,0.0,1.0,0.0,0.4549343743
3.7267331829,0.4488192584,0.1400449421,3.2048230501,35.3743636883
1.7632554242,0.432867192,0.567132808,0.7632554242,0.021390929
3.5662729599,0.3478152489,0.1095247253,3.1756778937,41.4020042465
3.35571421,0.8344660165,0.5364668612,1.5554847407,36.1010781241
1.1722136396,0.1469131857,0.8530868142,0.1722136402,0.3753548556
2.4864043873,0.5978128075,0.4021871925,1.4864043873,0.199314566
1.3462729898,0.2572085992,0.7427914008,0.3462729898,0.0064702814
2.1984382419,0.5451316389,0.4548683611,1.1984382419,0.070617007
1.4215446246,0.2965398464,0.7034601536,0.4215446246,0.1224608572
3.2987715892,0.8233464291,0.5202032823,1.5827397809,34.0799956995
1.7244752167,0.4201134407,0.5798865593,0.7244752167,0.2755165245
1.3992231224,0.2853176995,0.7146823005,0.3992231224,0.0273304429
2.55832139,0.6091186964,0.3908813036,1.55832139,0.628002334
3.5134658269,0.5086190468,0.1755971184,2.8965113521,39.9057453105
0.9356708735,6.53762e-05,0.9999301242,6.53807e-05,0.6246328711
1.9957663967,0.498939354,0.501060646,0.9957663967,0.2021199373
1.1588303646,0.1370609292,0.8629390705,0.1588303669,0.6204822228
1.078672741,0.0729470326,0.9270519195,0.0786871059,0.7044204657
2.1088905744,0.5258170281,0.4741829719,1.1088905744,0.0880251435
1.3846827321,0.2778129049,0.7221870951,0.3846827321,0.9366752016
3.6983361124,0.6668981204,0.2360375533,2.8253899051,30.4690949857
3.6840000714,0.7046685794,0.2576740053,2.7347290174,30.6999258075
2.6338581084,0.6203288261,0.3796711739,1.6338581084,0.6609955222
0.9499988868,0.0002369755,0.9997504896,0.0002370346,0.7265297719
1.7284084973,0.4214330689,0.5785669311,0.7284084973,0.5874086157
1.1614472952,0.1390052667,0.860994734,0.1614472902,0.9185735686
1.5610095836,0.3593889426,0.6406110574,0.5610095836,0.0603760714
2.0872896563,0.5209098091,0.4790901909,1.0872896563,0.1147276495
1.0547819416,0.0520542227,0.9479389514,0.0549130539,0.1077701667
3.5114711573,0.5075286154,0.1752454279,2.8961018916,40.9716074518
1.5468586754,0.3535285311,0.6464714689,0.5468586754,1.2516983929
3.1311657113,0.7772316312,0.4578617568,1.6975246779,23.3447716107
3.6986872053,0.8932491693,0.5921716745,1.5084294093,32.4479349378
0.6374050976,0.0,1.0,0.0,0.754274386
0.5988319307,0.0,1.0,0.0,0.1421920777
2.741463075,0.6352312715,0.3647687285,1.741463075,0.5186900306
0.9300851898,3.78739e-05,0.9999592774,3.78755e-05,0.678147179
3.9700446732,0.1679067242,0.9557483853,0.1756808871,47.1759514992
2.2728150017,0.5600169837,0.4399830163,1.2728150017,0.4269354841
2.2265211639,0.5508688549,0.4491311451,1.2265211639,0.4815672798
1.821861107,0.4511107372,0.5488892628,0.821861107,0.4290296319
2.1626971947,0.5376144185,0.4623855815,1.1626971947,0.2699558442
3.9569823377,0.1616996211,0.9573134835,0.1689097917,45.5006126126
2.0558613542,0.5135858758,0.4864141242,1.0558613542,0.1331699151
0.7502625038,0.0,1.0,0.0,0.3740812671
0.5415012641,0.0,1.0,0.0,0.3020560735
0.5066741352,0.0,1.0,0.0,0.9021651262
0.0372280906,0.0,1.0,0.0,0.905434991
1.3270798193,0.2464658226,0.7535341774,0.3270798193,0.1286064362
0.3059759567,0.0,1.0,0.0,0.9839737884
1.3357760991,0.251371543,0.748628457,0.3357760991,0.6053058262
2.269826438,0.5594376807,0.4405623193,1.269826438,0.0501690202
0.1818788577,0.0,1.0,0.0,0.5578417671
0.7743666423,0.0,1.0,0.0,0.3410109415
0.8611437732,2.86e-08,0.9999999668,2.86e-08,0.6663589722
2.9958838888,0.6476863063,0.3161306413,2.0487931937,7.0484569108
1.7217341311,0.4191902327,0.5808097673,0.7217341311,0.0015928245
2.2358144688,0.552735697,0.447264303,1.2358144688,0.4846270538
0.9104456201,4.3008e-06,0.9999952762,4.3008e-06,0.1277236066
0.5120597555,0.0,1.0,0.0,0.4729967467
3.847393668,0.1554849913,0.0421933491,3.6850592436,53.4668875305
3.234483164,0.5005485871,0.1913801824,2.6154671861,29.1256625345
2.8969743729,0.6548106914,0.3451859645,1.8969794799,2.3817690054
1.6918431015,0.4089286417,0.5910713583,0.6918431015,0.0167767364
3.3919367312,0.4540076011,0.1591907823,2.8519716694,37.6361376719
0.8859330761,3.738e-07,0.999999578,3.738e-07,0.8088169813
1.200042843,0.1666964177,0.8333035823,0.200042843,0.5957007759
3.5836538181,0.490779394,0.163770083,2.9967585348,41.7654694498
1.0502485647,0.0480556814,0.9519330882,0.0504822051,0.6376245954
3.8191054491,0.7198181195,0.2519641149,2.8568279249,43.6666979602
2.8657597543,0.6510524403,0.3489476553,1.8657596075,1.3949645077
1.6303765447,0.3866447581,0.6133552419,0.6303765447,0.7345498732
0.251328892,0.0,1.0,0.0,0.7459471524
2.4438246379,0.5908053367,0.4091946633,1.4438246379,0.3492765956
2.8158290982,0.6448648106,0.3551351893,1.8158290984,0.6123378953
1.2717056316,0.2136545006,0.7863454994,0.2717056316,0.0379348169
2.3216516223,0.5692721551,0.4307278449,1.3216516223,0.8617766447
0.4302972654,0.0,1.0,0.0,0.7766945815
0.8192918362,2e-10,0.9999999997,2e-10,0.4979572762
1.5381593727,0.3498723099,0.6501276901,0.5381593727,0.5161764127
2.5415371371,0.6065373252,0.3934626748,1.5415371371,0.2513976381
3.3304698486,0.470532443,0.1702745078,2.7633757345,35.4867200702
2.5956654443,0.6147423382,0.3852576618,1.5956654443,0.6647363538
1.4707255383,0.320063483,0.679936517,0.4707255383,0.9632113748
0.2819736562,0.0,1.0,0.0,0.2894024105
2.7306953666,0.6337929114,0.3662070886,1.7306953666,0.6619929614
0.5752915365,0.0,1.0,0.0,0.12239021
0.8021105848,0.0,1.0,0.0,0.3461679488
2.7060831392,0.6304622037,0.3695377963,1.7060831392,1.3686706406
1.1732447891,0.1476629525,0.8523370475,0.1732447896,0.5222905623
1.8891408411,0.4706588423,0.5293411577,0.8891408411,0.067396786
2.9914926766,0.6532046833,0.3221070474,2.0279118032,4.9630445659
3.9484438699,0.5291378324,0.8405704923,0.6294984624,47.8988764843
2.6166029453,0.6178250881,0.3821749119,1.6166029453,0.2486966315
3.7683735405,0.8912596858,0.3838554368,2.3218628692,44.1683679782
0.5241472766,0.0,1.0,0.0,0.0881192538
2.0790088096,0.5190015572,0.4809984428,1.0790088096,0.2142772813
2.4095206837,0.5849796988,0.4150203012,1.4095206837,0.1544518023
0.0746958657,0.0,1.0,0.0,0.7537506143
0.1193277334,0.0,1.0,0.0,0.7304242744
3.6037142316,0.8467230804,0.6226440306,1.3598830772,40.5517885249
0.1129695354,0.0,1.0,0.0,0.7807075017
2.078704653,0.5189311774,0.4810688226,1.078704653,0.0250199027
1.3911041351,0.2811465549,0.7188534451,0.3911041351,1.0447729002
1.3550276077,0.2620076563,0.7379923437,0.3550276077,0.4553101368
0.9139044443,7.8889e-06,0.9999913678,7.889e-06,0.5876909986
2.3530729856,0.5750238067,0.4249761933,1.3530729856,1.1712621816
0.2756226561,0.0,1.0,0.0,0.763960748
2.0084016044,0.5020916147,0.4979083853,1.0084016044,0.308301888
3.0379840157,0.6001205033,0.2709564645,2.2148226076,13.6583349899
3.1085655324,0.7682698315,0.4465780448,1.7203484148,21.0203533779
0.8287223987,6e-10,0.9999999993,6e-10,0.199526647
2.7627835155,0.6380461971,0.3619538029,1.7627835155,0.9747027455
3.7190043456,0.5913833651,0.1983654256,2.9812824659,33.2587591392
3.5299750386,0.36882229,0.1185330604,3.1115562943,40.9167392907
1.8282405985,0.45302604,0.54697396,0.8282405985,1.0929225334
3.5225840728,0.8800136102,0.4866011354,1.8084906635,40.1196072567
1.0826316265,0.0763342478,0.9236648997,0.0826427938,0.4892236804
2.1032608489,0.524547799,0.475452201,1.1032608489,0.295147587
2.8081195215,0.6438898015,0.3561101984,1.8081195217,0.7603799491
2.5368136177,0.605804702,0.394195298,1.5368136177,1.1291845677
3.9087887389,0.0979342672,0.0257162124,3.8082694976,48.4887660005
3.3670520165,0.8365066504,0.5395109416,1.5504906125,37.0632869043
0.3979015555,0.0,1.0,0.0,0.0743327399
2.4708532381,0.5952815066,0.4047184934,1.4708532381,0.2056054314
2.6203632721,0.6183735245,0.3816264755,1.6203632721,0.3355102283
3.8572288251,0.4466007132,0.8663566711,0.5154929004,52.1607210659
1.5586748912,0.3584293905,0.6415706095,0.5586748912,0.4857403941
0.852709523,1.8e-09,0.9999999979,1.8e-09,0.983086781
2.7628254624,0.6380516925,0.3619483075,1.7628254624,0.8908949223
3.9952995727,0.3679521444,0.1026289631,3.5852661202,45.4461021577
3.1436689496,0.5363321331,0.2182324807,2.4576182761,21.9738132427
3.5774217641,0.3460540998,0.1085064767,3.1892483329,40.3386419153
1.197154488,0.1646859186,0.8353140816,0.1971544863,0.1531255147
0.4660753854,0.0,1.0,0.0,0.3719602771
1.3871948178,0.2791207211,0.7208792789,0.3871948178,0.189787319
2.0883240009,0.5211471019,0.4788528981,1.0883240009,0.4786701879
2.8508796234,0.6492310639,0.3507689266,1.850879638,1.2752260263
3.8507694155,0.9613808815,0.51845465,1.854320106,54.0206670788
2.0131347523,0.5032622636,0.4967377364,1.0131347523,0.3818053201
1.1058055258,0.0956826058,0.9043173056,0.1058064522,0.6387565547
1.0057093783,0.0124570353,0.9874563394,0.0126152771,0.5777667946
2.1588911425,0.5367992483,0.4632007517,1.1588911425,0.426852568
3.6368503808,0.9082633483,0.483844259,1.8771812031,37.4204653672
1.465721732,0.3177422575,0.6822577425,0.465721732,0.6906939724
1.7808789924,0.4384795349,0.5615204651,0.7808789924,0.1747041726
2.9871242251,0.6577892871,0.3273970244,2.0091486423,3.4079370756
0.5620636749,0.0,1.0,0.0,0.0188558251
3.7873293552,0.4009100279,0.1203364671,3.331575521,43.259952191
3.9832528421,0.026881095,0.0067946963,3.9561878487,42.5846436161
1.0721921177,0.0673534839,0.9326447913,0.0722177238,0.7448370465
0.6787288292,0.0,1.0,0.0,0.7532367846
1.45564231,0.3130180449,0.6869819551,0.45564231,0.6480045942
1.204356112,0.1696808029,0.8303191971,0.204356112,0.2193198313
0.6410121228,0.0,1.0,0.0,0.3041507602
0.6368621287,0.0,1.0,0.0,0.4035236155
1.6254494877,0.3847855577,0.6152144423,0.6254494877,0.4483002972
1.5283100954,0.3456825267,0.6543174733,0.5283100954,0.0898793624
1.9697233813,0.4923144998,0.5076855002,0.9697233813,0.3028143322
3.9973101839,0.9056639061,0.3469259438,2.6105395757,43.5436186606
1.8811493314,0.468410092,0.531589908,0.8811493314,0.0263307861
1.7170564546,0.4176079666,0.5823920334,0.7170564546,0.361935517
0.971643194,0.0014579012,0.9984972927,0.0014600953,0.2880387647
3.0293086989,0.6085405479,0.2783793711,2.1860116484,9.8395745407
1.0675203248,0.0632908635,0.9367061526,0.0675674685,0.6171789949
0.8303482087,9e-10,0.999999999,9e-10,0.3409725536
1.8909440666,0.4711636279,0.5288363721,0.8909440666,0.4335091697
3.4913626701,0.8288107749,0.6122991143,1.3536043995,41.0854060266
2.1855814932,0.5424558621,0.4575441379,1.1855814932,0.5032026568
0.3874555148,0.0,1.0,0.0,0.7989804915
2.6176639624,0.617979995,0.382020005,1.6176639624,0.3072333082
0.5980551524,0.0,1.0,0.0,0.1672755782
3.830561822,0.5030645232,0.8444863207,0.5957047626,50.341534249
0.8692047553,7.18e-08,0.9999999174,7.18e-08,0.5838333949
3.7093570836,0.2830476467,0.0832343459,3.400611173,35.7296751939
1.9433881215,0.4854347472,0.5145652528,0.9433881215,0.018979385
2.6701334031,0.6254868769,0.3745131231,1.6701334031,0.3891509137
0.5853615511,0.0,1.0,0.0,0.5809946685
0.8528334888,1.17e-08,0.9999999862,1.17e-08,0.4558533469
1.0758658263,0.0705302164,0.9294686217,0.0758822995,0.0957075046
0.2338313067,0.0,1.0,0.0,0.8061505475
1.3592359687,0.264292571,0.735707429,0.3592359687,0.4873907321
1.6549709756,0.3957597959,0.6042402041,0.6549709756,1.0143930221
1.5691024958,0.3626930027,0.6373069973,0.5691024958,0.0899087271
3.0748662086,0.5727950403,0.2475775662,2.3135983164,14.3781301567
2.8209057297,0.6455039284,0.3544960719,1.8209057292,0.52020192
3.6535611924,0.5448588761,0.1824010422,2.9871478233,39.7449381527
2.112263889,0.5265743048,0.4734256952,1.112263889,0.4347132958
1.6247714752,0.3845288305,0.6154711695,0.6247714752,1.1135981176
2.3073575915,0.5666038053,0.4333961947,1.3073575915,0.97191021
2.175487535,0.5403329213,0.4596670787,1.175487535,0.3832821552
2.2201387141,0.5495776937,0.4504223063,1.2201387141,0.5215099459
0.1561221029,0.0,1.0,0.0,0.9366566353
3.3522939205,0.8338399903,0.5355367915,1.5570171903,36.8437464125
0.6464864014,0.0,1.0,0.0,0.3808881091
1.9191730727,0.4789422516,0.5210577484,0.9191730727,1.2254332418
2.5969117847,0.6149272355,0.3850727645,1.5969117847,1.5124284901
1.0275469433,0.0282596699,0.9716968604,0.0290828046,0.2295257209
2.7321201255,0.6339838828,0.3660161172,1.7321201255,0.4590553081
0.7958458555,0.0,1.0,0.0,0.0244160628
2.8365562488,0.6474598381,0.3525401626,1.8365562477,0.9119714412
3.7004264726,0.7154276183,0.2619591028,2.731066074,31.7447970256
2.643417666,0.6217018548,0.3782981452,1.643417666,0.5064351036
1.3399221665,0.253687994,0.746312006,0.3399221665,0.0095987315
1.6413404583,0.3907418812,0.6092581188,0.6413404583,0.2703150701
2.3351784392,0.5717672007,0.4282327993,1.3351784392,0.0553175136
2.5300188703,0.6047460311,0.3952539689,1.5300188703,0.6192355105
1.672958236,0.402256447,0.597743553,0.672958236,0.2830801032
3.2073645035,0.8015021566,0.4897196951,1.6366549369,28.4831597262
1.0484341706,0.0464524498,0.9535344517,0.0487160686,0.4568816783
0.5484550532,0.0,1.0,0.0,0.9712537601
1.3218681944,0.2434949232,0.7565050768,0.3218681944,0.914857696
2.1677886863,0.5387004249,0.4612995751,1.1677886863,0.2546315944
1.3133803408,0.2386059324,0.7613940676,0.3133803408,0.3439786557
2.6304785092,0.6198410303,0.3801589697,1.6304785092,0.4385813863
2.7083341023,0.6307693356,0.3692306644,1.7083341023,0.3273888285
0.2378399329,0.0,1.0,0.0,0.0113985497
0.7727171916,0.0,1.0,0.0,0.6419662815
1.6884422248,0.4077381001,0.5922618999,0.6884422248,1.1707814911
1.7181966877,0.4179944548,0.5820055452,0.7181966877,0.4014567312
3.4140823135,0.8444485215,0.551548483,1.5310503928,38.812805707
2.6301970298,0.6198003463,0.3801996537,1.6301970298,1.5524651914
2.9089739381,0.656231878,0.3437590921,1.9089876982,1.5087108506
1.089184926,0.0818851527,0.9181145643,0.0891883822,0.0605909159
0.5451448688,0.0,1.0,0.0,0.7573385308
1.0946787401,0.0864921966,0.9135075713,0.0946814229,0.124508211
2.3895386527,0.5815091759,0.4184908241,1.3895386527,0.1652839113
3.2622515481,0.4912250589,0.184688305,2.6597518392,31.24522126
2.6770719124,0.6264575504,0.3735424496,1.6770719124,0.5735536548
2.1755543327,0.5403470348,0.4596529652,1.1755543327,0.3785129884
0.7779844828,0.0,1.0,0.0,0.1283250383
1.4564785191,0.3134124624,0.6865875376,0.4564785191,0.3843395228
1.1851995952,0.1562602586,0.8437397413,0.1851995953,0.3158019579
1.7231887741,0.4196805277,0.5803194723,0.7231887741,0.8191938752
2.3384753296,0.572370943,0.427629057,1.3384753296,0.1475512572
3.4539434451,0.4586678965,0.1576484666,2.9094345574,39.0249121731
1.2225084627,0.1820097525,0.8179902475,0.2225084627,0.5880969077
0.4755046128,0.0,1.0,0.0,0.2809497145
1.7244196721,0.4200947622,0.5799052378,0.7244196721,0.0776337633
2.6780665948,0.6265962908,0.3734037092,1.6780665948,0.8193357804
3.286580464,0.4835155816,0.1792479664,2.6974675994,33.3444648475
1.0749673828,0.0696977595,0.9303055979,0.074919209,0.0399720803
1.3139726844,0.2389491715,0.7610508285,0.3139726844,0.5109758858
1.7891480051,0.4410747478,0.5589252522,0.7891480051,1.3227151617
1.2583057999,0.2052806241,0.7947193759,0.2583057999,0.4375015971
0.1836054782,0.0,1.0,0.0,0.3692719457
1.1115498082,0.1003556537,0.8996442899,0.1115503703,0.2863250573
3.151210436,0.5329588897,0.2156205144,2.4717448208,25.1745290345
3.0491319573,0.7371199961,0.4091566711,1.8015592759,13.8212018396
2.967185979,0.661209553,0.335198958,1.9725883306,3.5573100626
3.5962272566,0.8612390815,0.602547288,1.429330276,39.6518162992
3.3781908596,0.4575548369,0.1615384063,2.8324832919,37.6572840857
3.7194372396,0.2856465568,0.0838249489,3.407655603,38.3782985503
2.6296204362,0.6197169804,0.3802830196,1.6296204362,0.3443868386
3.2046273411,0.8007475484,0.4886987846,1.6385298542,28.8982911595
3.4140795241,0.4484581184,0.1555518888,2.8830130057,39.2090321116
1.9003334514,0.4737765631,0.5262234369,0.9003334514,0.1890008414
2.1821668538,0.5417399003,0.4582600997,1.1821668538,0.6779281534
1.0815038266,0.0753715838,0.9246275275,0.0815156174,0.6297638684
1.4342750102,0.3027836413,0.6972163587,0.4342750102,0.8658202805
2.6237859036,0.6188713421,0.3811286579,1.6237859036,0.8491862086
3.9378251293,0.8758803827,0.6660498567,1.3150372662,43.338902856
2.842199816,0.6481598538,0.3518401471,1.8421998147,0.8762237974
0.6618068166,0.0,1.0,0.0,0.5868480359
1.8977204912,0.4730520092,0.5269479908,0.8977204912,0.3743822632
3.0720741827,0.7509295514,0.4254165613,1.7651629478,16.1907579392
3.7924321915,0.2258768305,0.0636055527,3.5512124457,36.1326692771
0.9831078579,0.0030957984,0.9968410293,0.0031056089,0.8854555248
2.82397105,0.6458887214,0.3541112792,1.8239710491,0.8956217937
0.1724084828,0.0,1.0,0.0,0.7982889563
3.7827905177,0.6965708959,0.2433720109,2.8621651828,36.4085652325
2.649183152,0.6225251549,0.3774748451,1.649183152,0.1753124522
0.5784280236,0.0,1.0,0.0,0.8248660304
3.4225504102,0.4464025348,0.1542107448,2.8947563622,39.9099371246
3.3262710041,0.8289090295,0.5282720703,1.5690949343,35.4296918913
1.2333194364,0.1891800531,0.8108199469,0.2333194364,0.3719105538
3.4080802378,0.4499403202,0.1565202095,2.8746468049,39.1462599857
0.8707632245,5e-08,0.9999999426,5e-08,0.0869682286
2.1420625904,0.5331602333,0.4668397667,1.1420625904,0.2810822765
0.6132842808,0.0,1.0,0.0,0.7738471616
1.8136920134,0.4486384719,0.5513615281,0.8136920134,0.3912548451
0.5493773297,0.0,1.0,0.0,0.7849660251
0.9214054179,1.65205e-05,0.99998207,1.65208e-05,0.6222688473
0.1790822827,0.0,1.0,0.0,0.7633623242
3.8249387183,0.1664824567,0.0456053726,3.6505009628,45.2945690482
0.1186396194,0.0,1.0,0.0,0.802774705
2.4170466314,0.5862719457,0.4137280543,1.4170466314,0.371726296
3.4963766773,0.3848057986,0.1259123769,3.0561395793,40.6190103354
3.122279915,0.7738352029,0.4535564235,1.7061498036,22.4119316656
2.408216571,0.5847549543,0.4152450457,1.408216571,0.2284041144
1.4907134213,0.3291802531,0.6708197469,0.4907134213,0.397448759
1.8265135892,0.4525088639,0.5474911361,0.8265135892,0.3112472149
0.1567833639,0.0,1.0,0.0,0.6407151321
3.5919643665,0.8979014134,0.5049966334,1.7780344541,42.960522884
2.3970610751,0.5828224778,0.4171775222,1.3970610751,0.502531185
2.6009608693,0.6155267033,0.3844732967,1.6009608693,0.6700744503
3.3716287317,0.8373157481,0.5407231872,1.5485108979,36.870936723
1.964511921,0.490967711,0.509032289,0.964511921,0.0301006876
3.4614770012,0.4114499473,0.137874923,2.9842261263,41.2034982517
3.1352453352,0.5402129085,0.2212586025,2.4415453339,22.4952934309
0.5093910771,0.0,1.0,0.0,0.2075071273
0.7434066623,0.0,1.0,0.0,0.5587130319
1.0336910475,0.0334106643,0.9665600583,0.0345665683,0.1273682768
1.7106133572,0.4154143625,0.5845856375,0.7106133572,0.3535880977
0.2546664782,0.0,1.0,0.0,0.4357428959
1.6843131156,0.4062861645,0.5937138355,0.6843131156,0.3657154484
1.2782224925,0.2176635869,0.7823364131,0.2782224925,0.1923478912
0.3157388437,0.0,1.0,0.0,0.6926160968
2.9343717055,0.6593061242,0.3408897095,1.9340745872,2.5652432539
0.8831220638,2.67e-07,0.9999996976,2.67e-07,0.8272240465
1.148687516,0.1294412248,0.8705587747,0.1486875195,0.0338001638
0.8110418799,1e-10,0.9999999999,1e-10,0.194763974
1.2102679595,0.1737366984,0.8262633016,0.2102679595,0.5563010253
1.3830274279,0.2769485407,0.7230514593,0.3830274279,0.8214395033
0.8155618401,2e-10,0.9999999998,2e-10,0.6219604665
2.9680698246,0.6651429443,0.3390636569,1.961705216,3.9716142133
1.2116421636,0.1746738187,0.8253261813,0.2116421636,0.5426908063
1.9988099952,0.4997023217,0.5002976783,0.9988099952,0.269135596
1.202205731,0.1681956138,0.8318043862,0.2022057309,0.1284922876
2.8232279422,0.6457955145,0.354204485,1.8232279429,0.7898030682
1.8093632113,0.4473193697,0.5526806303,0.8093632113,0.2223669386
1.3412272955,0.2544142195,0.7455857805,0.3412272955,0.2392362296
1.9793330898,0.4947793248,0.5052206752,0.9793330898,0.2631897957
2.3233923756,0.5695948689,0.4304051311,1.3233923756,0.5489980852
2.1467899414,0.5341882404,0.4658117596,1.1467899414,0.5043395969
0.6509121158,0.0,1.0,0.0,0.6942840484
3.8832160232,0.2875600829,0.0805384926,3.5704676584,45.7136047368
3.921546117,0.1432719253,0.037976787,3.7726183953,46.099774757
3.1319293905,0.7775165381,0.4582245378,1.6968024931,21.4700111372
3.5363748867,0.5200417843,0.1791496448,2.9028345817,40.083870978
3.5996863091,0.88086223,0.5727648576,1.5379124929,42.0938928418
0.6479711834,0.0,1.0,0.0,0.9714696717
2.4601983365,0.5935287065,0.4064712935,1.4601983365,1.4499959636
3.4809276117,0.3944122626,0.1302793685,3.0274345608,40.7510420827
2.5638648774,0.6099638445,0.3900361555,1.5638648774,0.2733952847
1.5914845366,0.371655849,0.628344151,0.5914845366,0.1078685865
0.4787391998,0.0,1.0,0.0,0.6231348371
3.6321743375,0.7711708711,0.6941221512,1.1110016728,35.731113348
3.6847521381,0.7266360482,0.2702192224,2.6890612807,30.0211831302
2.8497702784,0.6490945183,0.3509054723,1.849770293,1.3314420004
3.0916467608,0.5626913236,0.2392391062,2.352003953,19.933338906
1.395823332,0.2835769563,0.7164230437,0.395823332,0.9578078583
0.6339454288,0.0,1.0,0.0,0.2405153018
0.8649476911,4.45e-08,0.9999999486,4.45e-08,0.3784054485
3.4355624934,0.8479389484,0.5564600614,1.5238091775,40.5832996363
1.9003472159,0.4737803746,0.5262196254,0.9003472159,0.2428066765
0.8533464827,1.01e-08,0.9999999882,1.01e-08,0.1829553267
0.0046104671,0.0,1.0,0.0,0.6577638518
3.5013963016,0.8753385878,0.4982693159,1.7567579617,38.9183414676
0.0852308317,0.0,1.0,0.0,0.7546243508
0.2690994592,0.0,1.0,0.0,0.346430866
1.0119462839,0.0164006447,0.9835214256,0.0166754321,0.478437979
3.2553105536,0.8136901118,0.5064997582,1.6064965454,30.7732561842
1.2245275658,0.183358523,0.816641477,0.2245275658,0.6517578605
3.5754445783,0.4894488538,0.1636842953,2.9902004521,41.1819892328
3.5810152118,0.5710376193,0.1991054914,2.8680154182,41.2751917154
2.3767185314,0.5792518185,0.4207481815,1.3767185314,0.130802581
3.1178102365,0.7720668637,0.4513289342,1.7106522655,22.2637867786
0.7389239394,0.0,1.0,0.0,0.9008744368
1.8598314701,0.4623168733,0.5376831267,0.8598314701,0.4066385519
3.2322297121,0.5013322603,0.1919483089,2.6118086848,30.6192860835
2.9482338491,0.6604946969,0.3388498634,1.949225212,3.7141000406
1.0648549436,0.060944877,0.9390523523,0.0649004039,0.079960506
2.5446148881,0.6070132244,0.3929867756,1.5446148881,0.8848292254
2.700592698,0.6297109147,0.3702890853,1.700592698,0.3797902922
3.4138214652,0.4485190178,0.1555921999,2.8826574733,39.3686166168
1.7179035215,0.4178951335,0.5821048665,0.7179035215,0.4793595815
0.9053851556,3.3514e-06,0.9999962983,3.3514e-06,0.4855669716
3.6455651792,0.768723193,0.6978249241,1.1015989347,37.8593734383
2.8833507694,0.6531813612,0.3468187948,1.8833505305,1.0179778395
3.9868556942,0.8722453234,0.3233089123,2.6978697163,39.0840933869
1.5737417734,0.364571738,0.635428262,0.5737417734,0.2638474828
2.7721525884,0.6392694961,0.3607305039,1.7721525884,0.90065938
2.5002019521,0.6000323097,0.3999676903,1.5002019521,0.2243947051
1.6418164743,0.3909185249,0.6090814751,0.6418164743,0.4844347396
3.0077611693,0.6978778634,0.3659317,1.9071260116,7.7430413531
0.3176421532,0.0,1.0,0.0,0.254307615
2.0328070614,0.5080693987,0.4919306013,1.0328070614,0.2961471634
2.2544102648,0.5564250147,0.4435749853,1.2544102648,0.6946466088
2.3707733838,0.5781967155,0.4218032845,1.3707733838,0.5567132887
3.7706716156,0.9003523491,0.6059352909,1.4858886132,40.3033283989
0.2753295012,0.0,1.0,0.0,0.1229459103
2.2731327538,0.5600784871,0.4399215129,1.2731327538,0.0263638576
0.3600224194,0.0,1.0,0.0,0.900750956
0.8545569367,1.14e-08,0.9999999867,1.14e-08,0.8239865037
1.2463215633,0.1976388523,0.8023611477,0.2463215633,0.3100625925
0.0208243381,0.0,1.0,0.0,0.4078640513
2.3980711102,0.5829981873,0.4170018127,1.3980711102,0.1696112658
2.8166961721,0.6449741331,0.3550258667,1.8166961725,0.8172696466
0.329519168,0.0,1.0,0.0,0.1221164763
0.6773848114,0.0,1.0,0.0,0.6756650587
2.5383155052,0.6060379421,0.3939620579,1.5383155052,0.577802528
2.5248716336,0.6039402611,0.3960597389,1.5248716336,0.2515792008
1.3607441866,0.2651080123,0.7348919877,0.3607441866,0.2152589435
2.8633496602,0.6507586658,0.3492412923,1.8633497246,0.8488986792
2.9222589409,0.6577908184,0.3421921776,1.9222847904,1.8540522023
2.6817536077,0.6271096654,0.3728903346,1.6817536077,0.7248595047
1.4350775797,0.3031735607,0.6968264393,0.4350775797,0.0589090866
0.1362716481,0.0,1.0,0.0,0.3723636907
1.1452802009,0.1268512387,0.8731487596,0.1452802141,0.5515227464
3.809210323,0.4338077298,0.131060846,3.3099719956,41.9336594427
1.1524114311,0.1322543586,0.8677456408,0.1524114353,0.6485501923
3.1734893238,0.523489175,0.2083786143,2.5122020159,26.8419400351
0.4883031604,0.0,1.0,0.0,0.4974950597
2.9080343623,0.6561216513,0.3438710836,1.9080454349,1.1948495358
2.2095265079,0.5474143458,0.4525856542,1.2095265079,1.2879247667
2.2826492617,0.5619125475,0.4380874525,1.2826492617,1.0110804943
0.5168754572,0.0,1.0,0.0,0.6074631097
2.5505490677,0.6079275586,0.3920724414,1.5505490677,1.0432739983
1.1917603848,0.1609051511,0.8390948489,0.1917603848,0.0951947929
2.1446828886,0.5337306017,0.4662693983,1.1446828886,1.051138314
0.7203025582,0.0,1.0,0.0,0.4034109122
2.9905066962,0.6717624831,0.3407255824,1.9715645604,2.683352421
3.3040325391,0.8244407623,0.5217803047,1.580053434,34.168719817
3.9816386879,0.9313421549,0.6268492848,1.485751324,43.8558502515
2.9798194211,0.669848251,0.3412389033,1.9629891099,4.8453735391
1.8224644941,0.4512924651,0.5487075349,0.8224644941,0.3468990418
1.1435138734,0.1255025308,0.8744974675,0.1435138871,0.6276356321
0.485380142,0.0,1.0,0.0,0.8677647818
3.670873096,0.6121991906,0.2115075275,2.8944558036,34.7814338477
1.7549347437,0.4301782425,0.5698217575,0.7549347437,0.3306992753
2.3607143877,0.5763994132,0.4236005868,1.3607143877,0.3083085229
0.008362911,0.0,1.0,0.0,0.4227097836
0.2968043502,0.0,1.0,0.0,0.9906301142
3.6431113699,0.6424639807,0.2286153178,2.8102403064,38.8526270631
0.0787774629,0.0,1.0,0.0,0.4127506445
2.9154682067,0.6570080048,0.3430047289,1.9154488249,1.2079722959
1.9971810525,0.4992942684,0.5007057316,0.9971810525,0.4902734027
1.5703723591,0.3632083536,0.6367916464,0.5703723591,0.3451302281
2.4012431268,0.5835490422,0.4164509578,1.4012431268,1.0074536215
2.9454112089,0.6606964394,0.3397309134,1.9447639687,3.3176983774
1.6783753723,0.4041857284,0.5958142716,0.6783753723,0.299464728
0.9763977666,0.0021160934,0.9978280374,0.0021206995,0.5735239981
1.5003786342,0.3335015727,0.6664984273,0.5003786342,0.0723014896
0.947930577,0.0001601242,0.9998310517,0.0001601512,0.8990269191
2.3735979527,0.5786986592,0.4213013408,1.3735979527,0.0897823456
0.1849983138,0.0,1.0,0.0,0.6762274697
0.7372130444,0.0,1.0,0.0,0.2346512457
0.3991362914,0.0,1.0,0.0,0.2450377265
1.4686537338,0.3191043083,0.6808956917,0.4686537338,0.1816720535
1.4347961786,0.3030368948,0.6969631052,0.4347961786,0.013350291
3.1612549666,0.528602572,0.2122725036,2.4902074605,25.9570617366
1.2293901337,0.1865885591,0.8134114409,0.2293901337,0.1001685164
0.5666661636,0.0,1.0,0.0,0.4370711714
3.4312861383,0.4442080917,0.1528086834,2.9069558212,40.0645677125
2.7376912753,0.6347287187,0.3652712813,1.7376912753,0.5418810721
1.7118326358,0.4158307424,0.5841692576,0.7118326358,0.0086577589
0.1729630925,0.0,1.0,0.0,0.6400073851
1.4856325389,0.3268860409,0.6731139591,0.4856325389,0.4406735265
1.0512225281,0.0489215095,0.9510679224,0.0514385023,0.2924324606
0.6299712735,0.0,1.0,0.0,0.7191286019
0.4221244874,0.0,1.0,0.0,0.8986667033
2.1587435742,0.5367675846,0.4632324154,1.1587435742,0.4979327877
3.3798600953,0.8387504358,0.542880201,1.5450009676,37.9546475037
3.5797631115,0.8923961283,0.5266616391,1.6944392037,40.6392222402
3.5194923876,0.3733103464,0.1206180971,3.0949779132,40.97700262
0.6004276373,0.0,1.0,0.0,0.8664981149
1.0498977285,0.0477409364,0.9522477336,0.0501349961,0.6748319018
2.9661996986,0.6613463587,0.3355640977,1.9708495733,3.1369288523
3.4221703088,0.8457320999,0.5535419592,1.5278554513,39.8208423534
0.2650244099,0.0,1.0,0.0,0.2295025436
0.2082964838,0.0,1.0,0.0,0.767376508
1.9466678266,0.486301676,0.513698324,0.9466678266,0.2263417478
0.2434828585,0.0,1.0,0.0,0.9248670029
1.4220804425,0.2968048993,0.7031951007,0.4220804425,0.5834581933
1.1597199604,0.1377228711,0.8622771285,0.1597199631,0.4593237309
0.7534865515,0.0,1.0,0.0,0.4106472813
1.7981375176,0.4438690088,0.5561309912,0.7981375176,1.2411724612
1.191730632,0.1608842022,0.8391157978,0.191730632,0.7563198976
0.1373161761,0.0,1.0,0.0,0.651716161
3.708753495,0.8528364553,0.3584101554,2.3794985783,32.8699422508
0.4961848742,0.0,1.0,0.0,0.5477334951
3.6057686577,0.3203934329,0.098572289,3.2503397874,41.6848717035
0.4158626433,0.0,1.0,0.0,0.8293879538
2.8414849455,0.6480713387,0.3519286667,1.8414849372,1.1660360904
1.3278255336,0.2468890116,0.7531109884,0.3278255336,0.218506597
2.8067498436,0.6437160218,0.3562839782,1.8067498436,0.6041096937
0.8014959866,0.0,1.0,0.0,0.9627397327
3.9950846941,0.3541495093,0.9016885507,0.3927625665,42.9641140661
1.9989094277,0.4997272082,0.5002727918,0.9989094277,0.9555279592
0.8387535606,2.4e-09,0.9999999972,2.4e-09,0.5269568976
3.0036231332,0.6409137586,0.3086370409,2.0765937775,6.8583287092
0.7046152202,0.0,1.0,0.0,0.3739321708
3.0082938108,0.6977691358,0.365644004,1.9083292165,6.9427476769
0.9527242027,0.0003030015,0.9996818618,0.000303098,0.2841727565
3.9931823109,0.983453701,0.5609655983,1.7531444067,44.2885022877
2.8000730174,0.6428664561,0.357133544,1.8000730174,0.8982300358
3.1443904442,0.5360054059,0.2179787429,2.4589801679,21.8660573497
0.3383428119,0.0,1.0,0.0,0.3446335443
1.6793309568,0.4045247627,0.5954752373,0.6793309568,0.0535672853
0.3427206718,0.0,1.0,0.0,0.8265872435
0.7324688168,0.0,1.0,0.0,0.1579923654
2.5997834379,0.6153525769,0.3846474231,1.5997834379,0.258156084
0.7955650505,0.0,1.0,0.0,0.1156785986
1.0348634581,0.0345101232,0.9654594359,0.0357447676,0.6032853793
2.1882605774,0.5430160328,0.4569839672,1.1882605774,0.2779267499
3.7396820285,0.4971248258,0.1578485397,3.1493786814,36.3155151576
0.239545048,0.0,1.0,0.0,0.3454887506
1.0948886333,0.086667372,0.9133323898,0.0948913813,0.1434525296
2.5114824981,0.6018288,0.3981712,1.5114824981,1.3771995182
3.4505148549,0.855096676,0.5467212325,1.5640451206,40.7928092392
0.672664563,0.0,1.0,0.0,0.9877328527
1.5293299609,0.3461188719,0.6538811281,0.5293299609,0.3910296651
3.5891055735,0.8564536274,0.6066493215,1.4117771126,41.1849333253
3.6719996698,0.6333249555,0.2215653253,2.8584118683,35.6433199307
0.9312009699,4.32557e-05,0.9999535464,4.32577e-05,0.4921369131
1.7632382107,0.4328616554,0.5671383446,0.7632382107,0.0731045041
0.4297181833,0.0,1.0,0.0,0.8939120074
3.7967080318,0.1902879177,0.0529196789,3.5957874621,32.453221498
0.8071686841,1e-10,0.9999999999,1e-10,0.5113564784
2.8061281543,0.6436370882,0.3563629118,1.8061281543,0.178951973
1.2116614505,0.174686956,0.825313044,0.2116614505,0.0084667361
2.8407705278,0.6479828291,0.3520171676,1.8407705328,0.7801047871
2.9240224607,0.6580302621,0.3420215857,1.9239436619,2.0405790614
3.555914174,0.3726852113,0.1189581974,3.1329090337,40.9689909953
0.0411854797,0.0,1.0,0.0,0.4067831412
2.8895567928,0.6539267473,0.3460744891,1.8895549021,1.6456799682
2.2524581601,0.5560405881,0.4439594119,1.2524581601,0.1297152475
1.2552297988,0.203333126,0.796666874,0.2552297988,0.3952317685
0.3339264026,0.0,1.0,0.0,0.4995128752
1.1340033806,0.1181684342,0.8818315626,0.1340034075,0.0576173746
2.4850501695,0.5975936372,0.4024063628,1.4850501695,1.0939716274
2.6728552319,0.625868252,0.374131748,1.6728552319,0.2972926762
0.235209615,0.0,1.0,0.0,0.1001402337
3.8509556951,0.148107842,0.0400652463,3.6966662068,50.0573033975
1.4483136975,0.3095418474,0.6904581526,0.4483136975,0.0511547208
0.1280541994,0.0,1.0,0.0,0.7963526796
2.8319041684,0.646880707,0.3531192948,1.8319041656,1.0180375611
0.5605537548,0.0,1.0,0.0,0.6831323676
3.563859319,0.3469169358,0.109286614,3.1743772014,41.1928324881
1.999193981,0.499798414,0.500201586,0.999193981,0.2355558959
0.7508980082,0.0,1.0,0.0,0.9826738805
0.3678522631,0.0,1.0,0.0,0.0320851526
1.788877242,0.4409901493,0.5590098507,0.788877242,1.2038597537
0.3804202854,0.0,1.0,0.0,0.2133767875
3.5020629623,0.8265249775,0.6182755911,1.3368229143,39.7353818581
1.3427624334,0.2552666241,0.7447333759,0.3427624334,0.6689054325
2.0953601225,0.5227550676,0.4772449324,1.0953601225,0.4595732382
2.184794637,0.5422910771,0.4577089229,1.184794637,0.2168400881
1.3860698277,0.2785356264,0.7214643736,0.3860698277,0.2127498568
1.2440759776,0.196190572,0.803809428,0.2440759776,0.0066293153
0.3451472134,0.0,1.0,0.0,0.2448537882
3.3212903058,0.4731581633,0.1720703607,2.7497946849,35.4559414796
0.4116813648,0.0,1.0,0.0,0.9074228035
0.3934247888,0.0,1.0,0.0,0.0536224606
3.8468957343,0.1418794878,0.0383524642,3.6993578032,53.7583777465
3.6852436862,0.7169884367,0.2645357517,2.7103649774,32.1493633951
3.0906244193,0.5632784799,0.2397192685,2.3497421944,18.6476929262
0.7809923512,0.0,1.0,0.0,0.7627820563
3.3039467233,0.4782452885,0.1755769697,2.7238497696,34.573783106
1.3317417022,0.2491036375,0.7508963625,0.3317417022,1.055609977
2.6970975363,0.629231058,0.370768942,1.6970975363,1.7028278779
1.4308256259,0.3011028165,0.6988971835,0.4308256259,0.3367575107
0.1383569957,0.0,1.0,0.0,0.7904981945
0.7505419824,0.0,1.0,0.0,0.6537174377
0.6906185535,0.0,1.0,0.0,0.3536691323
1.5705226389,0.3632692868,0.6367307132,0.5705226389,0.9981269766
2.2483789516,0.5552351176,0.4447648824,1.2483789516,1.5224370351
2.3987022536,0.5831079083,0.4168920917,1.3987022536,0.3649110883
3.8447539646,0.9582516831,0.5276378021,1.8161164331,48.2514893056
2.1049750131,0.5249349784,0.4750650216,1.1049750131,0.0620774731
3.8690410273,0.4374814004,0.1299625809,3.3662104699,49.017882882
0.0635634978,0.0,1.0,0.0,0.8637130628
1.1437953238,0.1257177183,0.8742822795,0.1437953408,0.441498182
3.9100270842,0.8726439682,0.6637649089,1.3146883128,46.3326566362
1.5400495064,0.3506702247,0.6493297753,0.5400495064,0.0581819904
1.8448997205,0.4579651192,0.5420348808,0.8448997205,0.4876895765
0.2729193846,0.0,1.0,0.0,0.7865084454
1.3754230454,0.2729509634,0.7270490366,0.3754230454,0.5642256466
2.0768715884,0.5185065819,0.4814934181,1.0768715884,1.3757138791
0.8816243553,2.762e-07,0.9999996867,2.762e-07,0.4210521516
1.4278081132,0.2996257755,0.7003742245,0.4278081132,0.2453566445
1.9539794604,0.4882238937,0.5117761063,0.9539794604,0.2917367974
2.5593488646,0.6092756193,0.3907243807,1.5593488646,1.7370987943
0.8158012843,2e-10,0.9999999998,2e-10,0.4672685739
1.6608033971,0.3978817711,0.6021182289,0.6608033971,0.5846592402
1.3143642279,0.2391758854,0.7608241146,0.3143642279,0.4842459691
2.377733103,0.5794313505,0.4205686495,1.377733103,0.3550960218
1.8444212202,0.4578244985,0.5421755015,0.8444212202,0.3483806752
1.7925549084,0.4421370328,0.5578629672,0.7925549084,0.1748314343
0.7516636076,0.0,1.0,0.0,0.1710106862
1.6932864927,0.4094324827,0.5905675173,0.6932864927,0.0793084221
0.6065282362,0.0,1.0,0.0,0.4744355864
1.1761458926,0.1497653429,0.850234657,0.176145893,0.1506135189
2.1568608396,0.5363632268,0.4636367732,1.1568608396,0.217832646
0.279264313,0.0,1.0,0.0,0.211062686
2.9274180573,0.6583631578,0.3415560145,1.927540813,2.3721433634
3.2291794183,0.5023999411,0.1927237446,2.6068398688,30.3986469558
3.549808749,0.3702254414,0.1182860697,3.1299158237,40.9049501348
1.9763290186,0.4940113764,0.5059886236,0.9763290186,0.4771960396
0.7630358828,0.0,1.0,0.0,0.2251186548
1.5285196191,0.3457722181,0.6542277819,0.5285196191,0.3197005023
1.887060338,0.4700752383,0.5299247617,0.887060338,0.1884204254
0.2318501333,0.0,1.0,0.0,0.7121585552
0.779975756,0.0,1.0,0.0,0.7374309471
2.8221584819,0.6456612887,0.3543387116,1.8221584815,0.6217706705
3.9027509011,0.1962866333,0.0531157089,3.6954535205,42.3989038977
1.4916708679,0.3296108267,0.6703891733,0.4916708679,0.1266582836
3.0783309328,0.5706214756,0.2457701124,2.3217691936,18.5691741542
2.6863096279,0.6277420929,0.3722579071,1.6863096279,1.6793975837
1.6985461515,0.4112612135,0.5887387865,0.6985461515,0.4928693148
1.1635445321,0.140557176,0.8594428238,0.1635445339,0.2659531906
2.7196683888,0.6323081137,0.3676918863,1.7196683888,0.5881356034
0.5307186802,0.0,1.0,0.0,0.8583358563
1.4312994347,0.3013341753,0.6986658247,0.4312994347,0.0414976304
2.0347331526,0.5085350633,0.4914649367,1.0347331526,1.3979614423
0.6672069599,0.0,1.0,0.0,0.3556025478
1.618040653,0.3819685568,0.6180314432,0.618040653,0.0134178447
0.3512873025,0.0,1.0,0.0,0.9974001314
3.265743256,0.8161153295,0.5099063224,1.6005201224,31.8293106985
1.8303345742,0.4536518,0.5463482,0.8303345742,0.176954028
2.2408481814,0.5537404058,0.4462595942,1.2408481814,0.1999766726
3.8827976385,0.2329915318,0.0641170995,3.6338439161,40.1559185167
0.6599121929,0.0,1.0,0.0,0.1707523724
3.8158961765,0.764570244,0.2772098072,2.758092333,37.7109229132
3.0583883996,0.7430672377,0.416097615,1.7858002809,15.5330895198
0.9111823099,3.8769e-06,0.9999957452,3.8769e-06,0.084174713
3.8248129291,0.2954537157,0.0843638363,3.5021370373,43.2629822628
0.3561177013,0.0,1.0,0.0,0.6300417832
3.4865344833,0.829963589,0.609323854,1.3621058549,40.9674733877
3.7217111169,0.8785750748,0.6180359708,1.4215597736,36.580254819
3.3984404249,0.8418959987,0.5476434292,1.5373068567,38.6500673584
1.5762102747,0.3655668815,0.6344331185,0.5762102747,0.1809256483
3.9747486181,0.7964223421,0.7227768087,1.1018924964,45.9120444134
2.6810947638,0.6270180325,0.3729819675,1.6810947638,0.7484406822
2.9711238358,0.6659624466,0.3392049891,1.9633038074,4.0055671674
3.1540306773,0.7853341133,0.4682794927,1.6770627919,25.3486875275
1.5389727297,0.3502159066,0.6497840934,0.5389727297,0.2563628604
2.7005255528,0.6297017079,0.3702982921,1.7005255528,0.7085708801
1.1461465113,0.1275112037,0.8724887948,0.146146523,0.5628388193
1.5735842056,0.3645081106,0.6354918894,0.5735842056,0.1623620418
2.9723501772,0.666625117,0.3396111942,1.962906784,4.3896555812
0.8794332148,1.777e-07,0.9999997979,1.777e-07,0.1695239466
3.5977828623,0.5464693768,0.1867757899,2.9258041263,42.2996819024
1.0711133728,0.0664200353,0.9335778183,0.071145687,0.2060169649
1.4409784329,0.3060270874,0.6939729126,0.4409784329,0.4825864486
1.5154363239,0.3401240394,0.6598759606,0.5154363239,1.0412361491
2.8881380103,0.6537565885,0.346244326,1.8881366115,1.5359399772
2.3764227224,0.5791994452,0.4208005548,1.3764227224,0.2840345073
1.0312084058,0.0313813357,0.9685812485,0.0323992806,0.4583171853
0.0600961291,0.0,1.0,0.0,0.8085673971
0.0835212373,0.0,1.0,0.0,0.4719023904
2.1935365532,0.5441151876,0.4558848124,1.1935365532,0.5496847696
1.9622078815,0.4903700014,0.5096299986,0.9622078815,0.1758840964
3.1087594493,0.7683515248,0.4466798045,1.7201393863,21.211170185
3.9918510987,0.9784875873,0.4301520514,2.2747481595,44.5315808552
2.8792903834,0.652692236,0.3473078346,1.8792902752,1.4582230324
3.8700959665,0.9312775798,0.5967768859,1.5605121476,45.7431900739
1.1685441036,0.1442342639,0.8557657369,0.1685440977,1.0065466938
2.3928946466,0.5820961021,0.4179038979,1.3928946466,0.9582562061
3.9811957188,0.9927923936,0.5250917076,1.8907028607,47.6487934897
3.0841692817,0.7571700372,0.4329336194,1.7489287119,19.1916319059
2.1081900037,0.5256594528,0.4743405472,1.1081900037,1.2513798021
1.8287785428,0.4531869351,0.5468130649,0.8287785428,0.9962767399
2.276412851,0.5607123727,0.4392876273,1.276412851,0.2688299979
0.268370082,0.0,1.0,0.0,0.5587546954
2.838788976,0.6477371117,0.3522628852,1.8387889809,0.8774764795
1.6555151916,0.3959584273,0.6040415727,0.6555151916,0.3437771442
3.6679744072,0.7079220462,0.2612549769,2.7096978381,35.641031252
1.2154318088,0.1772471374,0.8227528626,0.2154318088,0.6114672242
3.2846361847,0.4841172615,0.1796695407,2.69448711,33.0081145525
3.8591573209,0.8918380754,0.6374896928,1.3989843058,47.0704300221
3.4270203387,0.8464755372,0.5547682239,1.5258183522,40.0064311716
0.8347940045,1.4e-09,0.9999999983,1.4e-09,0.3087164543
2.8674146164,0.6512537395,0.3487461668,1.8674147602,1.0172150429
0.883702126,2.412e-07,0.9999997271,2.412e-07,0.8845454162
0.5840784499,0.0,1.0,0.0,0.2733004753
1.4472286335,0.3090241743,0.6909758257,0.4472286335,0.0035785006
3.7011513929,0.5127896223,0.1661567362,3.0861801573,28.5849440673
0.4467742005,0.0,1.0,0.0,0.2837424227
0.7483757772,0.0,1.0,0.0,0.1008492725
0.3953459825,0.0,1.0,0.0,0.2363474605
1.2361771988,0.1910544856,0.8089455144,0.2361771988,0.2828824085
3.285544098,0.483835997,0.179472406,2.6958795937,32.6816637618
1.7837081336,0.4393701631,0.5606298369,0.7837081336,0.0918701591
0.5581435147,0.0,1.0,0.0,0.5080557605
2.1178642349,0.5278262017,0.4721737983,1.1178642349,1.0877631506
1.2350648482,0.1903259157,0.8096740843,0.2350648482,0.1580379347
3.3196564864,0.4736302369,0.1723942494,2.7473667983,33.4778625436
3.8504299511,0.4885450163,0.8508836845,0.5741619275,53.659991703
1.9409409317,0.4847859697,0.5152140303,0.9409409317,0.3504940887
0.364116803,0.0,1.0,0.0,0.2351459731
1.0788838497,0.0731266383,0.9268724646,0.0788961169,0.7562643759
3.9477142256,0.3096279356,0.0857925713,3.6090296713,40.7252638095
1.4488559933,0.3098002806,0.6901997194,0.4488559933,0.3002868544
2.2417232569,0.553914607,0.446085393,1.2417232569,1.5677723891
2.4241726379,0.5874881251,0.4125118749,1.4241726379,0.1775175868
3.7900575213,0.8116706597,0.3106798311,2.6125630908,40.8536722261
3.6142630654,0.8944185615,0.4496923162,1.9889567361,40.502104454
0.0241685487,0.0,1.0,0.0,0.0213663643
2.155405644,0.5360502081,0.4639497919,1.155405644,0.2574410733
0.7240891059,0.0,1.0,0.0,0.7558434241
2.9974671898,0.646075284,0.314367035,2.0551623169,7.1828203965
0.2759055728,0.0,1.0,0.0,0.7787393997
0.4810112767,0.0,1.0,0.0,0.7075276011
1.1248607,0.1110010015,0.888999003,0.1248606592,0.82372982
3.7124347747,0.8607370898,0.634712851,1.3561047149,37.8059359682
0.2255285819,0.0,1.0,0.0,0.8511548016
2.9801892537,0.6667113458,0.3378717541,1.9732674829,2.2542043231
2.2533459673,0.556215506,0.443784494,1.2533459673,0.1727223473
3.0207079193,0.617528136,0.2865324248,2.1551771545,10.6293010291
0.8369443363,5e-10,0.9999999994,5e-10,0.9655551346
3.2830357935,0.8199817928,0.5153856619,1.5910062179,31.675456533
0.1473013161,0.0,1.0,0.0,0.6421805513
2.2601346344,0.5575484819,0.4424515181,1.2601346344,0.3837054446
2.8196737044,0.6453490352,0.354650965,1.8196737041,0.7393291097
0.6071166917,0.0,1.0,0.0,0.287306438
0.7081130807,0.0,1.0,0.0,0.291662671
1.3017675962,0.2318137255,0.7681862745,0.3017675962,0.4835067692
3.754221566,0.9303768433,0.5466743372,1.7018849797,36.9879591938
0.1382381838,0.0,1.0,0.0,0.7085952544
3.9560265773,0.7465805941,0.7475483538,0.9987054219,41.9099707206
0.5986634325,0.0,1.0,0.0,0.773848615
3.3850757604,0.8396461927,0.544231829,1.5428097879,37.9572534941
0.7592454262,0.0,1.0,0.0,0.2556052009
0.1681472303,0.0,1.0,0.0,0.9443407641
2.3592851213,0.5761427939,0.4238572061,1.3592851213,0.0466091332
3.6564172421,0.8285345362,0.6529791766,1.2688529219,37.5476452079
3.6642220536,0.7906600004,0.6849907896,1.1542636959,38.9470812768
0.1926931564,0.0,1.0,0.0,0.713297486
3.0740580232,0.5733090539,0.2480061504,2.3116727269,17.6537846011
0.7347033061,0.0,1.0,0.0,0.1007072336
0.4456139692,0.0,1.0,0.0,0.2758637306
2.9442137124,0.6601951337,0.3394845386,1.9446986787,2.1488259972
2.1536270332,0.535667047,0.464332953,1.1536270332,0.0932833428
0.9243241605,2.21481e-05,0.9999760381,2.21486e-05,0.5824100641
2.7393489934,0.6349497627,0.3650502373,1.7393489934,0.0087003742
3.3020122341,0.4788233658,0.1759777283,2.7209316222,34.4687116935
2.5186675203,0.6029646661,0.3970353339,1.5186675203,0.2072154878
2.5927487574,0.6143089464,0.3856910536,1.5927487574,0.6474966817
2.429283925,0.5883560626,0.4116439374,1.429283925,0.586692994
3.6029538048,0.5021194422,0.1673790071,2.9998949743,41.1949944408
3.6329347493,0.4944491275,0.162511995,3.0425392755,37.8199336707
3.9934654749,0.0672555227,0.9828649984,0.0684280372,45.0942906687
1.6393072957,0.3899862444,0.6100137556,0.6393072957,0.4924319489
2.4195388019,0.5866980934,0.4133019066,1.4195388019,0.8670345355
2.7742566001,0.6395430762,0.3604569238,1.7742566001,0.6985970805
1.580625511,0.3673390736,0.6326609264,0.580625511,0.3016792737
1.4201942804,0.2958709848,0.7041290152,0.4201942804,0.2372456139
0.4203491935,0.0,1.0,0.0,0.2935931691
0.880788303,2.379e-07,0.9999997299,2.379e-07,0.7189904306
1.3398996614,0.2536754589,0.7463245411,0.3398996614,1.1285011907
2.7643803369,0.6382552767,0.3617447233,1.7643803369,0.8313143883
3.507255736,0.5051647377,0.1744760986,2.8953234385,40.3420369958
3.6784904758,0.7764743643,0.6972687127,1.113594157,33.1964078975
1.6318153702,0.3871855736,0.6128144264,0.6318153702,0.6594356303
2.1153723895,0.5272699951,0.4727300049,1.1153723895,0.3551604987
1.9010251121,0.473968022,0.526031978,0.9010251121,0.1736614926
1.3859816692,0.2784897361,0.7215102639,0.3859816692,0.1313229479
1.1431713885,0.1252405392,0.8747594589,0.1431714032,0.1314148969
2.1373205927,0.5321244724,0.4678755276,1.1373205927,0.414785909
1.1708656311,0.1459310336,0.8540689663,0.1708656319,0.2167560041
1.7388271459,0.4248997076,0.5751002924,0.7388271459,0.0087604957
0.6816302443,0.0,1.0,0.0,0.8517717445
0.7620707815,0.0,1.0,0.0,0.3160276296
2.6075617334,0.6164999711,0.3835000289,1.6075617334,0.1959128568
2.1812143137,0.5415397773,0.4584602227,1.1812143137,0.525853436
2.1778949166,0.5408410239,0.4591589761,1.1778949166,0.222593589
3.6611154928,0.7934352718,0.682429324,1.1626629219,35.2411815626
1.1865708624,0.1572353301,0.8427646701,0.186570861,1.0523818609
1.0291039455,0.0292594691,0.9707101166,0.0301423346,0.0544403116
1.0633615848,0.0596287345,0.94036838,0.063409974,0.8152538383
3.7717301868,0.2426902535,0.0691224565,3.5110189309,38.4499736285
0.6768188242,0.0,1.0,0.0,0.9505921708
0.860293888,1.77e-08,0.9999999794,1.77e-08,0.8881865831
1.8111760181,0.447872548,0.552127452,0.8111760181,0.0951949136
1.4640437866,0.3169603196,0.6830396804,0.4640437866,0.211845023
0.7260295418,0.0,1.0,0.0,0.4237532969
3.5960322307,0.7922026753,0.6723394814,1.1782777855,42.5642631786
2.3803062133,0.5798859851,0.4201140149,1.3803062133,0.5905516628
2.2628230155,0.5580741432,0.4419258568,1.2628230155,0.2474939009
1.981115657,0.495233912,0.504766088,0.981115657,0.8910905756
1.5804384522,0.3672641927,0.6327358073,0.5804384522,0.7927433459
2.3968244481,0.5827812918,0.4172187082,1.3968244481,0.1289948088
1.0215178755,0.0234228435,0.9765192017,0.0239860552,0.4143641164
1.7890897755,0.4410565564,0.5589434436,0.7890897755,0.3444767161
2.646893871,0.6221986794,0.3778013206,1.646893871,0.0794701465
3.7634413954,0.2094932118,0.0591659396,3.540773849,41.5268737475
3.2344732489,0.8086173266,0.4994479741,1.6190221375,30.80849633
0.2740211279,0.0,1.0,0.0,0.2774368055
2.3256086661,0.5700050423,0.4299949577,1.3256086661,0.305489711
3.6107586992,0.3545628507,0.1103799526,3.2122033252,41.8991267233
0.2928914535,0.0,1.0,0.0,0.6078656635
0.6921873125,0.0,1.0,0.0,0.642226748
1.4875544369,0.327755694,0.672244306,0.4875544369,0.2787040905
2.8160890241,0.6448975897,0.3551024102,1.8160890243,0.5410859219
2.1251676603,0.5294488907,0.4705511093,1.1251676603,0.363385712
3.2554369139,0.4934585054,0.1862800754,2.6490138801,32.2334273959
0.2406047711,0.0,1.0,0.0,0.7219863895
0.7927406237,0.0,1.0,0.0,0.8270931158
2.7767329902,0.6398645446,0.3601354554,1.7767329902,0.8284641794
0.4152200289,0.0,1.0,0.0,0.6796692309
3.5400254026,0.5209532442,0.1793146049,2.9052471461,40.3328169629
0.5051916532,0.0,1.0,0.0,0.8565448271
2.7041836815,0.630202635,0.369797365,1.7041836815,0.3033908191
2.2058519964,0.546660428,0.453339572,1.2058519964,0.4689460135
2.1331431147,0.5312082002,0.4687917998,1.1331431147,1.4442264227
3.2380179285,0.4993278834,0.1904969806,2.6211852899,30.8711841304
0.7569026182,0.0,1.0,0.0,0.6049020068
3.9691619937,0.8102892401,0.7141350618,1.1346442479,48.0505895044
0.9366968009,7.21246e-05,0.9999229952,7.21302e-05,0.3847185812
2.1460435619,0.5340262343,0.4659737657,1.1460435619,0.3825238495
3.9149658932,0.2423587288,0.0663016098,3.6553973523,50.1925946949
3.9098746779,0.8967528019,0.6436805695,1.3931643184,48.1598288335
3.8235315108,0.9238708862,0.5915006143,1.5619102735,42.2134200596
0.364307723,0.0,1.0,0.0,0.4881230808
2.5399666429,0.6062940422,0.3937059578,1.5399666429,0.5929588099
2.2648948435,0.5584783979,0.4415216021,1.2648948435,0.4186794351
1.6654765349,0.3995712464,0.6004287536,0.6654765349,0.1590364796
2.9720028653,0.6610261334,0.3339208949,1.9795890088,3.3035202178
1.506440789,0.3361836673,0.6638163327,0.506440789,1.3068018533
0.6175503237,0.0,1.0,0.0,0.4907158599
3.0010568394,0.6883127991,0.3563225902,1.9317124929,6.1380378284
2.9119807327,0.6565981575,0.3434165666,1.9119583075,1.8286589606
1.5007504553,0.3336667022,0.6663332978,0.5007504553,0.30519339
1.7140398443,0.4165829906,0.5834170094,0.7140398443,0.0791403711
1.4055831434,0.2885515135,0.7114484865,0.4055831434,0.0407464289
3.6858258119,0.7486405017,0.7165332077,1.0448092198,35.1262967695
1.9279437919,0.4813126793,0.5186873207,0.9279437919,0.0550862845
1.1334992016,0.1177762167,0.8822237771,0.1334992547,0.3034806806
3.3388650965,0.8313334119,0.5318304457,1.563154984,35.6361786031
3.4344387774,0.8478749515,0.5559072247,1.5252094484,40.0694392064
3.1396744012,0.5381569922,0.2196526277,2.450036669,24.2775930248
1.22065652,0.1807687227,0.8192312773,0.2206565199,1.0821250745
0.176487702,0.0,1.0,0.0,0.9556216258
0.9694614285,0.0009168254,0.999053398,0.0009176941,0.0574604129
0.6414322776,0.0,1.0,0.0,0.1857536115
3.4709160242,0.4021192011,0.1337404096,3.0067142934,40.8637161987
3.2186098788,0.506162915,0.195469778,2.5894689204,29.6702830747
0.5903906918,0.0,1.0,0.0,0.1606944326
3.2595504306,0.814684502,0.5078937279,1.6040452113,32.0861115615
0.4573075527,0.0,1.0,0.0,0.8250721428
0.9356639401,6.05937e-05,0.9999352357,6.05977e-05,0.2090551775
3.8324023179,0.4989363559,0.8461373576,0.5896635475,49.8644871055
3.3875573069,0.4551291216,0.1599311649,2.8457813207,36.2648616552
2.5735152218,0.6114264289,0.3885735711,1.5735152218,0.0101848414
1.7550856533,0.4302272381,0.5697727619,0.7550856533,0.0106579213
3.1589746597,0.7869799182,0.4704215068,1.6729250403,25.8958568846
2.188273727,0.5430187788,0.4569812212,1.188273727,0.1816572043
3.324441675,0.4722516874,0.1714492978,2.7544684843,35.6051746381
0.8437933369,1.2e-09,0.9999999986,1.2e-09,0.9665061651
1.9875222902,0.4968609887,0.5031390113,0.9875222902,0.2213558147
1.1446583329,0.1263768777,0.8736231203,0.1446583484,0.4167283601
0.1529630074,0.0,1.0,0.0,0.1147224961
2.9260045019,0.6582186711,0.3417431533,1.9260624969,1.306051464
1.9893409513,0.4973209598,0.5026790402,0.9893409513,0.1900152198
1.0022624297,0.0101726957,0.9897451045,0.0102780965,0.867518373
0.3120370673,0.0,1.0,0.0,0.6537499114
1.2988173208,0.2300687834,0.7699312166,0.2988173208,0.4539207694
0.0948048766,0.0,1.0,0.0,0.3664733181
2.3240530656,0.569717226,0.430282774,1.3240530656,0.5988413548
1.6498148518,0.3938713796,0.6061286204,0.6498148518,0.0882685794
2.5639049589,0.6099699419,0.3900300581,1.5639049589,0.2679453216
2.3307467346,0.5709529546,0.4290470454,1.3307467346,0.2156944076
0.0239052383,0.0,1.0,0.0,0.0713093085
1.2414287139,0.1944765021,0.8055234979,0.2414287139,1.0719430596
0.3553341788,0.0,1.0,0.0,0.6993866566
1.627517255,0.3855671902,0.6144328098,0.627517255,0.2295786894
2.6924769058,0.6285947717,0.3714052283,1.6924769058,0.5814688697
3.8395229533,0.1496503377,0.0406268229,3.6835353342,51.2041332638
3.9602487434,0.9900620095,0.4997890024,1.9809599747,48.136809876
2.9870229927,0.6563065959,0.3259864898,2.0132938523,4.4729251393
1.9235041007,0.4801154832,0.5198845168,0.9235041007,0.4290453856
0.1600298472,0.0,1.0,0.0,0.5764485029
1.5947270327,0.3729334366,0.6270665634,0.5947270327,0.7784551779
1.0706484301,0.0660174254,0.9339802286,0.0706839646,0.2985958573
0.5434909218,0.0,1.0,0.0,0.8240847087
2.4301888441,0.5885093447,0.4114906553,1.4301888441,0.6232571803
1.5993125491,0.374731349,0.625268651,0.5993125491,0.0897178742
1.9484126065,0.4867616866,0.5132383134,0.9484126065,0.3490400734
0.2126385756,0.0,1.0,0.0,0.0046126215
1.6818389116,0.4054127342,0.5945872658,0.6818389116,0.0742849112
0.6210093248,0.0,1.0,0.0,0.6011072236
0.1144858252,0.0,1.0,0.0,0.5013490085
1.376286729,0.2734072204,0.7265927796,0.376286729,0.4366964107
1.98595516,0.4964639584,0.5035360416,0.98595516,0.079411716
1.0556993763,0.0528699242,0.9471236148,0.0558215669,0.1137100824
1.4263612079,0.2989153137,0.7010846863,0.4263612079,0.0555460838
2.4826186748,0.5971995175,0.4028004825,1.4826186748,0.2088923886
2.1242696961,0.5292499809,0.4707500191,1.1242696961,0.0076610438
3.5019358224,0.3817912047,0.124530829,3.0658368513,40.6086546498
0.4396130867,0.0,1.0,0.0,0.2806913286
3.3547439853,0.8342889328,0.5362035933,1.5559182059,36.3939293605
2.3667002747,0.5774707889,0.4225292111,1.3667002747,0.2634199743
3.6995769911,0.766995072,0.2934078113,2.6140922033,29.4052514939
0.7742938255,0.0,1.0,0.0,0.0881803193
2.373145918,0.5786184101,0.4213815899,1.373145918,1.1317783057
3.3399727464,0.831543165,0.5321395243,1.5626412378,35.1722396031
1.2578754062,0.2050087035,0.7949912965,0.2578754062,0.2535870982
2.1621035067,0.5374874529,0.4625125471,1.1621035067,0.7317450261
1.4227570954,0.2971393337,0.7028606663,0.4227570954,0.7604224177
3.15670654,0.5305566762,0.2137708149,2.4818948105,25.6114039906
0.9086551086,4.345e-06,0.9999952182,4.345e-06,0.7477644386
3.9999813592,0.420949758,0.8804761097,0.4780933331,42.7751108712
0.8334127191,5e-10,0.9999999994,5e-10,0.9412049809
3.3353131417,0.8306570524,0.5308351293,1.5648117588,35.4452439965
3.9878956881,0.6550510517,0.2071857687,3.1616604543,42.9175288065
1.3239329656,0.2446747486,0.7553252514,0.3239329656,0.06670954
2.7883441423,0.6413642115,0.3586357885,1.7883441423,0.7404193084
1.2239110123,0.1829471343,0.8170528657,0.2239110123,0.1078627861
2.9542176037,0.6620233399,0.3390475372,1.9525974008,3.0490089044
1.0441554489,0.0426623163,0.9573202336,0.0445643106,0.4237491452
1.6047011369,0.3768310017,0.6231689983,0.6047011369,0.3158201974
1.4617066385,0.3158681956,0.6841318044,0.4617066385,0.4189375892
0.7438454077,0.0,1.0,0.0,0.7129010203
1.6702250687,0.4012782955,0.5987217045,0.6702250687,0.49981634
1.6856726275,0.4067650007,0.5932349993,0.6856726275,0.1051198832
2.4242171418,0.587495698,0.412504302,1.4242171418,0.1189001456
1.0740941851,0.0689849072,0.9310149362,0.0740964559,0.0046269441
1.1437473959,0.1256810439,0.8743189604,0.1437473618,0.0627911152
0.631634029,0.0,1.0,0.0,0.5198240726
0.8188222076,2e-10,0.9999999997,2e-10,0.5650599456
1.1523490843,0.1322073983,0.8677926033,0.1523490725,0.9117348094
2.3153483194,0.5680995418,0.4319004582,1.3153483194,0.7403759393
1.0639899056,0.060189892,0.9398067938,0.0640449637,0.7706869237
0.9220443163,1.78133e-05,0.9999806802,1.78137e-05,0.5046796289
0.6528150818,0.0,1.0,0.0,0.0065777099
2.2899418706,0.5633076923,0.4366923077,1.2899418706,0.1995961504
0.3867570199,0.0,1.0,0.0,0.2976099327
2.4010648192,0.5835181158,0.4164818842,1.4010648192,0.1703454857
1.7327458818,0.4228813293,0.5771186707,0.7327458818,0.6545692133
3.4795719044,0.8317999536,0.6046308633,1.37571534,39.7750278463
2.5290141106,0.6045889994,0.3954110006,1.5290141106,0.708110054
2.7040565991,0.6301852556,0.3698147444,1.7040565991,1.8541742677
0.5375021301,0.0,1.0,0.0,0.0238910323
0.9500444953,0.0001758033,0.9998149183,0.0001758358,0.0746396964
3.6606201354,0.5886623368,0.2013521424,2.9235464287,35.4312495957
0.048194972,0.0,1.0,0.0,0.6226398554
1.8485539618,0.4590366196,0.5409633804,0.8485539618,0.2850156099
